id,target
18406,67.74
5034,134.98
18325,107.87
22980,44.46
26031,168.0
5554,38.76
20575,168.0
1921,86.51
22617,168.0
1388,121.69
17349,78.01
10455,28.76
16606,107.55
23701,52.09
11270,47.85
13126,133.21
6025,84.9
18921,96.23
6198,126.39
20375,110.85
1598,119.82
17389,168.0
8316,59.96
24569,33.34
5379,17.92
9929,2.91
5589,5.12
4900,61.8
6379,143.27
14845,2.18
11769,36.24
5535,25.96
27410,168.0
9000,26.57
7976,92.5
25575,42.97
7339,168.0
19717,97.42
10854,31.75
6689,13.08
10739,125.99
23702,2.37
11071,168.0
6534,168.0
7007,30.86
5407,64.43
12313,18.53
1103,5.42
27367,153.12
10497,22.11
7445,119.47
10872,13.96
6258,5.02
21753,130.12
7826,49.83
13825,65.38
24621,4.05
16126,17.48
24584,15.31
5144,33.93
8810,39.43
13181,111.98
10917,7.8
14459,1.64
1337,35.26
24785,20.98
27423,132.19
10735,94.68
6717,109.28
10836,68.64
11677,93.77
24374,14.4
12139,42.92
428,114.73
18958,30.62
17967,106.69
12014,123.13
20998,100.39
3394,168.0
26307,89.47
20541,14.75
6745,50.12
20453,52.16
25275,90.8
9512,168.0
2884,3.03
11031,52.69
25656,39.94
23337,15.06
7542,150.17
26627,24.35
18392,128.44
19180,97.7
7201,127.4
8005,97.15
22776,126.99
20267,64.64
14704,123.92
25600,77.52
13035,77.74
21082,24.14
17919,64.89
1092,97.94
24247,168.0
19343,131.0
26683,163.9
27355,66.55
9242,49.36
15533,8.99
4480,168.0
4306,77.54
15068,168.0
13294,54.89
25947,75.26
13607,42.21
10035,96.28
5048,4.89
12659,30.22
22583,136.26
15004,40.18
8355,56.53
23175,21.3
22113,41.55
8324,40.56
11399,36.86
1087,5.33
20497,40.48
5621,66.06
5286,66.41
26357,123.83
1288,47.26
25158,65.87
2960,25.92
26454,106.0
4982,155.69
312,11.94
5556,166.98
27360,3.45
22294,98.53
11933,85.11
10126,130.74
20800,65.56
12364,150.69
18397,75.98
15189,54.01
4715,44.07
14654,9.74
2464,168.0
22102,168.0
24662,34.65
16641,7.97
25581,168.0
12376,12.91
7406,103.2
17427,104.96
23881,166.43
19283,98.35
4203,39.74
1588,168.0
14875,43.15
27327,20.52
21690,54.54
4371,24.42
12375,57.47
27301,168.0
24319,157.46
5114,97.88
6480,53.46
14658,146.03
20472,7.04
23967,168.0
8516,70.73
19721,65.43
10163,88.9
26824,46.99
16871,11.41
21412,24.96
8358,76.6
20948,58.19
6948,31.23
27331,151.29
20390,18.12
6377,143.46
14155,16.19
26266,53.41
6165,48.97
5198,90.19
11026,4.17
13191,63.01
8265,71.63
11727,142.32
2532,6.77
26276,59.95
3308,156.34
273,14.18
20188,10.31
6770,168.0
12235,126.73
27525,166.82
19193,18.89
20440,12.88
25642,168.0
11376,77.29
6892,114.26
9195,97.96
22023,41.52
17669,110.29
18014,137.26
5746,19.11
19684,77.47
8238,47.8
4749,69.42
26331,32.26
26070,16.46
14504,25.79
26859,143.34
25226,118.28
16596,118.12
23683,58.96
1660,10.5
14012,168.0
10984,17.82
9317,109.25
1512,168.0
5284,42.45
5804,119.03
11815,72.44
2316,32.61
17880,102.42
20759,89.03
15230,15.41
16602,81.83
8832,69.39
27253,56.63
25693,17.09
23682,64.72
22750,156.26
19074,25.29
24090,32.16
20785,97.53
9427,94.21
18897,77.7
18054,61.81
1427,123.27
1448,132.81
3547,29.78
3441,133.3
18247,34.76
10444,143.69
15232,71.42
25632,19.81
4884,168.0
23267,48.66
7946,52.58
15970,168.0
21745,168.0
23277,44.6
20364,17.63
2851,55.76
20870,104.67
17452,53.22
21872,96.74
26470,83.45
19110,10.27
8937,3.04
1457,61.86
13728,36.08
6127,31.89
22560,83.49
505,142.14
911,18.73
26117,84.17
27349,89.25
9564,24.78
27895,79.37
20415,8.14
18491,26.47
5732,77.24
21385,42.05
12636,133.31
13405,60.73
26805,34.67
12578,27.08
4194,142.83
13941,150.82
3820,115.34
20129,23.77
19864,34.5
2507,54.04
13872,103.45
26428,60.14
10087,87.79
21597,136.86
18374,2.31
9453,136.05
6730,19.42
14507,107.3
16623,24.81
25983,168.0
23368,21.82
6742,149.31
15953,65.67
5572,108.36
21263,27.74
9629,14.14
12902,0.5
1444,60.22
21569,81.57
4416,135.35
13626,17.22
23686,153.8
4034,96.91
25618,37.72
13505,33.03
18594,69.88
7256,22.88
9774,81.22
3451,168.0
9625,76.98
12389,87.04
26356,79.77
10189,168.0
18846,99.38
3455,67.68
21122,84.23
27682,62.66
3421,98.77
15165,56.83
24655,9.24
345,107.82
19241,33.83
26057,153.7
26029,40.3
9870,168.0
16712,47.71
16872,138.43
9520,25.5
26830,89.04
4084,33.2
27171,130.2
9530,132.64
14487,59.25
12216,1.01
2943,110.38
16695,77.07
2819,168.0
3272,125.55
21850,8.72
15245,36.17
4730,26.1
15541,71.21
2797,159.6
18275,69.55
13876,155.57
17388,49.05
10353,10.03
9676,7.86
2772,166.12
14462,79.46
22515,14.75
3643,43.38
24079,36.25
5610,69.65
26688,61.65
17210,80.91
25263,91.78
2388,168.0
10138,32.27
7738,85.37
6508,22.75
8827,36.83
11074,123.24
17184,20.73
26478,32.24
2476,168.0
4058,168.0
18102,128.45
733,45.59
25180,150.79
12976,15.58
11006,5.82
8769,17.99
24753,111.95
25315,82.29
5339,27.04
25146,168.0
15403,44.14
14776,98.27
3282,15.68
19670,73.28
3169,39.27
10385,4.05
20353,146.89
14375,61.79
21482,158.64
20365,96.15
16196,8.29
1109,66.96
5199,10.82
24401,43.83
10231,56.62
11839,43.39
12027,138.31
8049,168.0
25702,156.56
24219,118.43
17979,21.81
27483,116.65
4186,168.0
17610,70.77
6390,11.34
15645,58.65
7790,59.5
22570,160.2
25859,29.28
626,43.72
3594,52.6
7168,27.2
16680,36.67
18637,5.63
15808,7.03
15894,44.52
15834,125.56
14857,168.0
24901,5.66
17995,29.06
19486,25.68
16791,10.58
15624,78.58
10387,168.0
23785,124.16
23689,168.0
13978,14.62
25084,33.91
7886,27.06
26532,63.71
14095,88.46
4843,18.49
27165,35.3
7220,12.93
27051,72.3
13542,31.32
20303,100.19
19972,40.68
2496,36.15
21823,22.74
3707,12.89
12406,168.0
25714,73.68
46,65.01
9183,36.89
17914,123.43
3053,12.62
6557,62.62
22975,130.21
7554,31.51
17145,77.7
24564,94.54
11782,17.51
23115,50.26
15063,26.32
16813,107.41
2622,2.48
5712,3.03
19820,155.55
516,136.58
2129,46.48
19602,13.83
14076,168.0
19242,31.23
4689,8.58
17659,40.31
8010,7.27
14709,55.19
18855,78.21
20023,42.95
22117,58.19
8246,9.08
26648,3.4
16798,26.43
9392,36.97
24643,5.66
26964,105.1
18487,90.57
19368,139.16
1923,64.48
15980,84.73
27750,54.78
5665,49.12
12320,56.06
24451,45.44
6,97.02
11988,161.75
11034,49.53
25305,12.38
25272,68.7
14657,39.41
27241,168.0
15877,104.9
99,137.55
9561,47.15
9722,48.46
21679,63.23
5226,93.23
8165,121.45
16069,21.29
16217,168.0
15473,112.1
852,101.71
5687,88.73
3874,168.0
16763,3.22
23218,96.86
8544,46.61
18912,168.0
16699,87.99
22133,34.27
15085,3.96
11007,64.99
5551,146.26
10094,72.29
10398,109.25
20663,79.68
2408,29.64
19394,25.6
18089,35.16
5038,50.16
23611,138.08
19013,25.5
20221,64.27
18727,73.76
15162,92.06
9739,25.49
8374,160.19
24644,22.22
20558,124.14
17385,162.02
11004,59.83
10977,168.0
20087,9.12
19562,5.98
18738,15.46
10802,36.18
26017,19.73
22713,82.83
12058,7.0
9233,102.17
22600,35.57
20459,50.38
19565,68.74
7579,92.28
25284,41.11
24542,77.18
843,44.79
22527,5.59
21232,85.64
3492,46.21
5225,31.94
9682,6.75
10969,98.07
14797,56.3
13150,47.76
10643,119.82
12829,7.15
24325,18.1
16752,3.1
25812,121.76
9811,63.68
8513,133.88
20813,13.1
4972,168.0
22982,36.78
19958,117.61
7539,2.69
18142,12.47
13797,104.69
17821,9.44
21986,6.83
6442,59.2
12163,102.43
17689,122.43
25443,31.06
397,74.82
1684,3.1
10509,68.5
9214,168.0
25076,168.0
20222,31.47
13295,86.26
6576,20.74
20899,168.0
6914,131.75
15458,146.3
3286,13.05
18283,12.22
27675,104.46
9517,82.19
3482,22.92
10741,42.59
26140,26.53
12344,46.29
4659,50.92
21208,29.59
4484,87.03
21313,111.9
17708,7.12
5720,47.14
14145,31.46
14492,167.15
10122,63.24
23729,51.24
4744,29.6
12499,62.29
19812,33.02
24517,76.9
21426,151.81
23500,168.0
20661,25.07
16434,7.05
18909,93.09
21476,76.4
19027,85.52
21750,17.57
5117,21.55
9136,43.11
20831,14.7
10950,156.26
2767,66.82
21302,111.41
16909,168.0
2250,51.68
25061,12.84
17196,79.03
24094,146.46
274,10.69
18553,85.57
15297,86.51
14488,46.07
24330,168.0
21983,23.02
3077,151.74
2760,142.48
27616,140.98
2171,138.56
5425,36.63
7949,162.14
4774,119.64
1668,137.48
1406,6.86
26353,168.0
1804,88.6
3222,0.5
10008,68.62
21155,57.8
21419,42.98
17760,100.48
23997,85.44
17703,96.18
2752,122.28
5925,12.39
17227,123.29
4579,87.04
18898,21.33
15931,61.2
22753,55.57
26567,93.95
26043,127.05
27735,48.91
22228,40.75
9303,61.68
3172,101.85
22172,168.0
7469,31.33
25081,27.49
6561,9.05
14729,14.63
17038,6.66
16185,122.12
11099,60.28
5304,81.62
905,126.31
12918,26.17
24636,43.57
17292,94.47
2540,168.0
3776,67.59
19116,159.7
12794,87.2
27121,168.0
17521,10.22
17980,45.64
26799,168.0
16953,89.2
573,168.0
21483,66.8
16071,120.76
17013,75.91
21880,35.03
6522,122.98
4501,110.44
11386,126.63
5514,155.2
27746,55.4
18365,21.76
6909,10.25
25993,46.55
5683,17.99
6052,130.45
2982,12.62
17093,24.77
22108,37.14
10711,73.82
7613,66.39
19960,168.0
250,103.5
23102,11.93
19422,67.25
23359,168.0
6631,168.0
866,25.99
3949,47.58
19024,64.4
6760,55.02
19192,81.7
22204,130.37
22818,15.44
9441,126.54
6550,42.47
2907,15.33
24497,48.48
19111,34.42
18946,33.8
2805,0.5
24642,22.28
18924,23.6
2259,84.24
11887,84.09
7503,45.75
13165,25.39
17977,72.81
18499,66.33
25102,168.0
12377,42.13
15973,19.29
11606,99.13
13706,49.82
24117,85.16
4819,50.43
16372,24.94
15644,6.06
15325,168.0
20605,38.97
9356,72.31
15430,76.66
2141,105.54
20854,3.18
15557,87.04
11193,10.31
19855,147.35
18327,57.1
12507,65.06
8672,113.54
22241,82.24
13713,150.21
14213,168.0
24473,40.32
3488,73.74
25462,26.91
13724,76.16
27092,16.34
12261,168.0
2918,23.46
8255,82.65
26875,43.13
19818,40.14
18472,119.58
13332,166.14
9464,146.06
12400,115.83
7249,45.17
2949,87.9
4794,123.53
22229,168.0
26950,12.68
16694,38.61
13433,67.38
7755,57.46
22523,2.46
15227,57.94
22762,52.61
196,134.87
9052,8.05
7745,168.0
8218,56.44
3382,42.39
18859,16.24
9733,80.55
10865,75.11
5100,155.95
26724,92.02
15221,8.52
22935,8.95
351,35.89
6438,40.13
7364,5.23
8304,24.62
27315,48.09
26756,90.27
11800,58.26
14283,168.0
1972,168.0
25201,109.09
16631,60.26
5523,42.42
705,11.2
14100,168.0
7667,101.75
1433,3.45
9134,8.92
9681,6.21
14689,30.57
11124,168.0
19398,97.88
16011,86.07
20396,20.81
24441,10.84
17884,79.94
22445,36.45
11822,45.59
15767,82.43
550,168.0
10244,168.0
217,14.5
5727,45.27
20152,7.11
18215,122.33
18570,61.06
19104,127.74
15214,97.48
27415,168.0
16263,85.52
24927,27.8
3698,0.5
19764,106.25
20913,43.48
121,161.78
22592,44.1
6204,44.22
4520,39.28
4258,42.74
27561,88.41
22304,78.36
6440,109.77
18415,38.44
17036,57.7
12538,24.82
5982,18.44
25394,59.03
2641,14.52
10369,34.0
5102,136.22
3256,76.03
26729,12.63
9084,36.18
23709,105.97
3635,31.16
15837,24.02
17847,122.33
16496,33.47
19050,41.79
25710,52.95
20379,21.02
22325,168.0
10277,128.67
8354,168.0
16437,76.2
6455,42.32
24240,86.56
15139,10.52
7212,116.35
27612,59.59
4832,41.89
8931,132.89
21466,61.71
3396,24.45
579,90.82
22857,106.34
1937,99.29
26060,12.84
15270,49.74
52,65.45
18847,24.4
22314,120.41
15459,44.46
12272,39.95
27246,168.0
25916,146.44
21999,168.0
8504,50.75
9849,27.93
26816,45.85
20247,168.0
22233,168.0
8873,11.39
27361,1.07
20735,168.0
1758,89.52
5496,1.31
11204,136.63
20018,69.32
8151,57.19
10669,4.09
26692,111.17
19932,1.92
7885,108.48
10349,19.46
3498,0.5
20057,12.12
20822,14.22
20716,59.75
18391,168.0
27527,31.01
14170,142.61
19987,38.53
14107,12.91
15181,150.57
26159,110.83
22213,70.0
21900,11.31
14891,70.51
27182,87.0
18927,52.6
10144,20.96
21428,12.5
18035,168.0
8956,138.8
12187,72.6
16291,33.78
9897,18.68
16007,52.55
19521,28.23
15729,16.91
4989,78.11
2497,30.62
4667,24.29
14581,151.41
1122,168.0
20525,52.62
23461,168.0
6633,161.94
12193,71.3
26928,168.0
27244,43.2
19852,83.38
23285,96.0
10500,168.0
10430,168.0
11717,141.04
5775,111.83
22369,103.6
19285,3.65
401,168.0
1190,8.96
9402,41.95
2119,3.61
2111,134.37
15353,83.48
1227,27.73
10071,10.62
24707,87.96
13174,100.95
19728,57.51
9315,115.84
6072,168.0
27175,168.0
24666,28.62
21043,168.0
21680,29.14
21361,82.18
1968,79.99
15143,14.2
8781,44.01
11497,57.7
12848,90.79
10824,168.0
22519,96.59
9633,103.03
19032,96.12
25209,37.38
6223,5.44
26059,14.52
14339,66.12
25099,168.0
6692,155.24
2281,109.52
5183,48.94
1450,36.87
18682,155.15
3108,11.94
3757,53.13
5260,1.43
13052,36.57
6237,63.07
8241,57.66
16382,120.54
24308,42.68
12562,140.02
14636,168.0
22107,82.93
22177,8.7
10914,26.9
13938,98.12
7502,168.0
14936,21.59
10586,168.0
7447,9.1
462,72.03
7221,7.5
11868,97.34
8703,44.06
278,54.22
8139,50.31
4037,145.83
3923,168.0
17426,47.54
323,145.59
15356,121.26
20672,168.0
14947,32.71
25148,102.3
14826,97.68
12594,15.93
21347,133.56
6316,38.53
1366,101.11
5354,108.74
2362,28.27
21481,168.0
27053,15.44
14978,38.01
2904,36.66
13702,136.96
3189,77.94
13497,78.45
24783,64.94
24410,99.54
6753,150.61
24856,39.2
8929,53.07
20481,18.52
10982,50.38
4525,38.34
22382,20.42
19274,12.19
21286,101.94
21503,129.84
2508,74.34
10853,43.88
8891,32.42
1441,62.06
20110,112.4
20887,93.02
10203,6.74
8971,59.92
22044,78.96
20485,168.0
16171,77.9
22624,2.94
7748,61.55
7893,27.37
19649,67.88
20052,160.06
7793,2.16
17187,39.42
775,71.34
16036,75.78
22478,147.14
11466,168.0
24427,20.7
15718,76.28
23914,79.99
27608,111.7
17404,96.31
25562,58.52
25786,136.43
25651,25.61
21436,168.0
4003,58.15
21723,168.0
9477,4.73
22961,34.47
14725,44.42
18419,168.0
8416,53.69
6392,21.87
27694,129.65
15654,139.79
26879,81.54
3660,85.08
6815,134.05
22203,168.0
22761,154.3
7341,82.2
6253,6.1
20011,168.0
14560,44.53
15144,29.23
11836,27.62
7085,60.63
23087,139.32
23722,25.68
13642,39.51
4347,57.82
4165,110.33
26608,30.99
21825,129.73
23538,12.94
2664,43.15
6215,85.78
3263,30.34
6887,22.68
20412,49.59
18526,23.19
26190,7.43
20614,82.57
27302,49.94
15212,44.02
18276,23.09
13576,3.25
4384,146.97
20084,8.86
25009,65.24
27112,12.61
18633,16.51
27868,168.0
16745,110.27
17039,95.08
7569,168.0
25535,42.12
19931,120.65
26787,20.55
19286,24.6
20461,19.67
21672,25.22
22948,27.71
19078,155.56
20592,114.41
4471,162.83
21967,49.39
21348,97.99
4285,91.36
26127,67.82
10806,97.91
6934,3.8
16038,90.6
21012,32.93
15016,13.52
26932,25.98
7499,67.05
7609,34.76
5187,35.69
27339,13.37
7278,67.35
5564,168.0
26909,113.82
15262,51.09
14402,63.62
5742,168.0
25911,86.13
8829,2.17
25687,93.2
2393,9.55
13641,30.24
3971,65.93
17942,3.87
23045,29.6
16361,39.75
26264,135.0
17983,36.2
9253,59.72
15274,37.53
20244,133.79
4596,44.57
34,124.3
15564,50.58
17005,78.1
13212,44.23
15962,81.59
261,109.6
12654,39.97
11147,52.43
13022,38.41
6708,2.47
7117,18.1
15172,35.53
27944,41.21
24575,13.09
16547,19.31
27558,168.0
6890,42.52
23885,23.72
9502,63.78
25840,168.0
11724,58.53
10953,20.44
23657,20.23
12930,92.07
15554,73.66
26885,168.0
18277,21.52
26203,16.66
18593,152.09
2561,46.18
16592,73.48
10235,13.03
17307,108.49
12973,42.72
25711,107.67
2286,11.69
21112,30.99
6483,62.13
9891,168.0
15017,52.66
3978,3.87
2157,168.0
474,47.5
3398,46.75
27513,88.66
26762,43.73
1483,101.44
4605,32.08
8757,28.58
3064,1.5
13593,47.64
26489,1.93
19634,141.37
4404,24.77
26340,168.0
14934,129.74
26093,168.0
5771,60.74
24273,77.83
5708,168.0
21749,39.46
5325,100.75
4211,48.39
8979,79.09
17468,41.55
14750,88.97
12923,41.21
25635,116.6
20604,79.48
1555,20.28
10904,27.02
18915,7.07
23745,105.04
27824,108.94
24867,157.89
9704,15.75
8336,121.97
24450,58.28
22809,27.32
2724,71.5
2694,42.75
23133,13.73
12160,48.77
8087,4.22
13836,2.23
3840,101.42
2901,163.4
6419,164.03
4229,1.8
14943,75.61
10841,168.0
26638,91.48
14000,92.82
13649,97.65
19705,21.7
10746,121.37
12354,108.3
22512,38.2
16554,53.37
19814,52.05
15026,152.69
8960,168.0
4740,70.23
873,19.88
14655,168.0
8870,32.02
9189,168.0
23113,16.29
15005,166.67
10365,14.88
6983,15.75
23341,29.17
5449,168.0
10166,13.07
4981,100.1
3230,34.92
22243,27.27
11269,21.44
15555,19.07
24092,87.21
1182,168.0
4449,119.05
8610,82.21
18123,53.07
9693,18.07
9212,30.52
8317,77.12
26498,168.0
13604,168.0
4048,38.93
24359,74.03
22789,94.48
12692,154.78
3184,86.9
24177,82.17
21366,23.91
14303,37.58
16772,68.65
5403,115.95
6235,150.63
25561,113.88
13474,67.6
4391,14.4
980,91.18
14884,2.71
23943,56.4
536,26.95
14239,159.47
27364,15.87
20790,24.66
7375,154.32
2240,168.0
17170,9.33
7924,168.0
21561,123.95
15415,70.06
12756,113.26
2346,145.94
22413,77.63
18386,31.33
17149,165.75
14332,25.54
10708,54.07
9841,44.31
16104,57.83
13344,113.11
10814,12.86
16751,129.76
18911,129.1
20044,61.01
21637,41.67
20675,59.76
21405,39.49
1791,58.41
17445,66.25
25971,19.4
16398,14.03
19090,40.51
13098,50.17
2142,45.36
12801,83.1
20101,39.3
18506,160.31
21251,18.66
5337,61.11
20837,38.28
4320,4.98
13552,24.79
15094,31.31
491,69.87
25043,135.34
17474,31.36
19270,47.77
3160,125.58
7268,6.36
25082,135.18
4699,123.86
3813,134.37
11010,57.93
4679,51.86
13114,57.97
5705,19.55
23305,62.29
971,109.61
880,136.72
5864,37.38
5814,162.25
3931,54.76
13430,40.95
23241,90.46
25782,12.78
22266,118.49
15388,168.0
26286,12.96
12723,168.0
2342,168.0
15642,131.43
21227,168.0
15714,57.8
423,154.8
18056,125.49
7353,54.63
4707,93.14
26298,65.88
23639,86.38
10709,168.0
7431,110.26
19093,29.96
18137,101.55
20410,36.22
11089,63.72
24845,30.32
23814,47.17
25293,129.31
19806,113.74
12525,120.94
12679,168.0
7912,42.13
657,24.09
4814,157.81
16337,21.48
7969,56.21
24781,2.57
18013,57.72
20885,136.02
24057,44.66
13874,85.84
22705,12.58
5382,93.85
17017,3.02
11841,18.5
24218,48.96
5478,168.0
22140,65.84
17128,63.82
7198,22.2
22867,60.32
21475,48.55
7918,90.04
8726,168.0
25697,32.27
15426,61.68
17843,16.85
10227,97.61
17134,101.64
21956,34.24
16221,168.0
11305,71.82
4125,36.09
6676,77.7
21801,30.66
11931,37.43
15076,41.62
11448,53.69
24238,26.85
12644,60.79
1815,27.66
7260,37.69
25165,94.34
26610,168.0
11715,26.87
23847,68.19
11257,117.93
27020,82.76
13847,1.8
12129,119.03
17346,164.12
21245,168.0
16995,64.31
11900,42.04
7944,48.73
3725,139.02
23025,17.48
19405,19.94
3050,54.97
21748,22.92
6712,76.83
22660,59.51
27247,168.0
23540,54.66
15691,73.08
23698,9.67
6646,27.61
18027,116.52
2168,136.66
485,21.81
9875,50.28
11266,13.74
7932,125.94
1278,67.7
26591,12.94
27722,35.98
26181,45.79
10342,20.29
5157,110.58
2955,37.84
11021,4.77
2208,26.12
10468,115.3
4202,102.81
6602,54.6
27875,30.18
10519,86.29
4438,94.15
12414,66.84
17801,34.28
14335,6.32
17161,139.07
9851,168.0
5598,23.98
8147,27.39
6325,20.84
3993,82.56
26654,15.13
8164,59.2
18622,101.41
24613,107.8
15121,20.56
19819,153.28
23917,168.0
10557,123.7
10963,19.87
20995,82.47
18426,27.05
2153,85.05
5135,24.11
11636,16.2
11488,45.65
18209,168.0
23588,116.27
18999,106.33
11374,112.47
26084,60.74
7553,106.88
7301,115.61
25520,26.63
291,37.02
1266,37.44
11304,82.19
15171,56.02
16561,82.94
8037,45.98
5345,67.31
23642,60.38
18447,168.0
27079,13.82
20906,15.56
243,46.42
21276,62.13
7152,22.4
18571,9.68
5081,48.65
16949,133.9
19633,55.89
19849,61.88
8796,16.01
14748,168.0
12428,16.25
20912,15.11
12412,168.0
17554,149.82
19474,15.09
20751,36.24
17305,119.3
20203,168.0
21721,55.02
24101,141.51
23693,168.0
23015,141.28
21862,18.44
22085,102.75
8663,162.54
10981,116.23
15236,52.07
12431,99.55
6788,102.28
8721,44.53
12287,30.22
16190,127.55
10185,127.79
7576,65.02
13351,19.79
2579,82.62
15501,12.05
26260,23.56
501,0.5
6830,103.33
5148,85.11
13972,120.91
9570,63.98
24334,25.89
21161,72.08
27686,100.1
11532,59.36
26742,67.91
16341,94.4
674,26.96
10339,19.63
12315,168.0
14006,18.99
26096,29.37
24539,15.84
1489,20.92
7555,25.96
18580,62.3
1453,135.42
24430,63.82
20089,134.7
9534,36.04
4985,168.0
12214,143.01
9252,124.93
4903,13.74
27792,43.53
640,68.76
23537,49.95
17989,20.38
11866,0.5
2602,120.11
17224,22.84
18986,39.54
953,48.33
341,39.9
18875,25.15
11570,43.41
12107,71.56
11628,23.31
1661,32.16
5627,99.52
14867,131.88
2201,10.6
22891,37.05
23946,17.64
14937,16.36
15597,21.96
14945,136.58
22576,168.0
5663,89.94
12230,129.84
18379,37.07
15816,168.0
7330,22.04
18728,121.06
25743,87.31
17612,78.68
21096,67.21
1202,63.34
4220,156.53
24778,116.12
26469,26.21
13651,21.08
17495,8.72
8180,24.53
14951,168.0
210,168.0
22426,101.35
24467,132.72
1322,42.89
23006,82.18
13787,117.76
1246,133.77
17527,21.41
12498,0.5
10664,55.12
13517,89.16
14221,24.67
18910,166.76
12143,135.16
20898,86.56
19774,168.0
15952,168.0
24722,6.26
21731,46.01
17202,105.85
6029,13.82
14465,7.8
927,3.19
22696,13.31
1475,26.71
15480,56.6
9567,37.51
25880,60.01
26949,2.42
22533,1.86
3229,20.03
11032,134.83
24828,18.73
21857,168.0
11838,74.26
8028,140.85
11592,168.0
27983,80.3
16417,21.92
10562,65.0
5405,15.91
19535,88.24
3608,168.0
23097,13.37
8497,168.0
6024,23.8
25174,65.69
3673,104.87
24830,42.72
4890,59.78
27653,14.7
9619,114.31
25452,112.43
8337,168.0
9401,60.87
11189,28.36
6933,100.52
6352,66.78
512,33.73
22616,22.71
11072,126.52
24730,6.11
18095,56.09
13236,58.77
23523,51.71
11783,59.22
7900,16.45
1456,53.57
16327,11.92
4408,57.82
25281,25.7
4413,80.02
22127,131.11
24968,25.46
4678,126.64
5843,168.0
13462,56.14
18492,24.39
26200,53.61
1837,91.3
10990,8.3
15773,89.72
20985,91.37
13459,56.01
13102,98.38
23534,168.0
8943,52.02
890,21.77
21051,59.75
2898,57.25
26265,168.0
21201,4.18
10378,23.35
24905,46.92
26245,45.78
3946,64.55
6965,8.63
10175,106.31
19949,64.22
23310,93.85
10687,103.04
18162,8.43
7952,95.59
8211,35.98
21255,133.88
10229,21.93
230,161.81
26252,168.0
27621,23.27
3885,30.16
1053,9.31
23327,76.64
13524,12.49
9574,29.74
23030,168.0
7545,56.66
27223,95.34
8863,21.97
18969,49.87
6769,69.65
5472,23.8
8281,16.51
1553,34.68
13075,36.98
11029,99.26
10899,70.18
15843,73.8
16272,132.58
19346,32.79
15589,168.0
14338,44.98
3753,168.0
5576,40.29
10755,56.77
3922,90.86
3470,42.56
5343,168.0
4448,129.92
4952,89.94
199,135.09
20996,15.17
9278,92.66
18190,168.0
5218,40.69
3589,24.93
24338,75.48
1336,5.76
20489,118.55
16841,83.19
8156,168.0
20628,70.78
27278,94.44
24954,49.47
1470,41.62
26665,168.0
19349,52.78
6899,37.71
27023,143.19
3537,8.92
22124,7.92
4085,141.31
20907,56.48
1642,23.79
17295,4.02
7650,10.99
20775,117.71
27417,33.79
8538,108.91
5485,64.82
21885,85.07
27408,116.29
3193,42.03
18993,36.53
11798,64.52
16413,5.37
11816,35.36
8372,164.31
12438,82.17
14971,58.53
19379,104.21
14782,17.11
10098,95.99
1215,64.46
11134,31.51
24732,158.24
11405,70.16
19471,71.29
1710,43.04
8459,130.64
16266,34.01
26480,21.58
27362,68.07
26527,56.71
13466,56.49
2325,16.69
12928,64.18
12568,23.58
22032,51.3
22942,49.54
4093,41.13
10821,29.78
2583,59.1
4913,76.14
9362,168.0
7024,168.0
3027,34.45
16760,1.25
1889,56.18
7948,80.01
25892,104.72
15341,17.73
16469,68.39
20523,143.24
17550,101.55
5107,168.0
10501,124.36
7647,85.3
23731,23.1
14529,58.49
3964,73.94
19311,82.61
8247,127.21
4684,84.42
27864,70.08
8575,158.16
14928,168.0
25024,10.65
20398,88.72
3316,29.48
27338,134.67
10898,74.92
18941,166.36
24127,119.09
9434,168.0
2140,7.63
936,74.85
1412,7.37
14503,48.91
4580,117.41
13415,1.96
9936,50.73
752,50.9
7536,39.67
21084,39.95
12572,144.7
1901,30.58
16147,47.37
7724,113.06
18841,30.98
12028,15.15
8091,8.93
10272,87.24
11731,40.64
3662,50.15
23604,11.63
25014,78.56
22952,0.64
13987,23.71
20747,40.74
21093,15.25
12564,19.73
8676,21.13
2744,155.22
16951,62.93
21511,7.49
6032,123.56
12220,12.63
6400,168.0
1569,97.95
19620,59.89
16945,73.85
96,18.57
9284,138.16
9642,60.42
19043,96.88
11388,19.79
5365,168.0
13202,84.63
12887,60.45
22764,29.05
9542,81.48
20904,127.0
6151,105.19
10505,102.62
9334,72.83
13726,11.72
27950,1.6
3901,103.27
27101,31.74
8413,168.0
16790,31.95
18676,74.44
19940,59.48
13260,100.46
11808,34.99
27992,37.2
11018,36.69
9822,168.0
3595,168.0
3778,151.85
26360,12.37
1045,15.89
24103,21.11
2275,17.91
9922,168.0
12766,66.04
14878,31.43
21114,64.04
26617,32.74
14611,97.97
4894,11.81
26606,168.0
5464,22.55
9373,85.96
22170,168.0
20123,167.58
23808,168.0
19511,29.62
6128,65.97
17836,53.95
21774,80.64
23022,1.38
20832,72.36
20868,168.0
12257,60.63
9801,24.56
14329,35.25
23661,86.25
22920,69.47
11040,22.04
11253,56.55
25384,10.15
25238,15.93
1610,3.55
9997,101.96
12110,27.78
15494,85.51
6778,112.46
22105,6.34
10721,87.23
23424,6.67
14980,30.68
2383,27.74
19002,96.8
5388,21.41
21600,30.14
27025,32.87
17181,168.0
15022,64.42
4168,115.52
20178,79.7
10370,168.0
10944,74.01
4739,117.87
11287,168.0
943,135.14
19010,139.12
19268,128.08
9620,168.0
22848,78.12
24227,45.46
27093,89.2
2136,159.93
27492,99.38
10297,99.22
14625,51.44
1503,24.85
17066,48.68
25832,33.68
9289,83.21
5332,53.29
9515,112.86
4119,41.29
18065,49.11
1947,154.63
7217,168.0
13077,98.86
15626,19.05
2221,151.81
8158,89.37
2726,52.63
13423,5.82
5511,26.17
25330,168.0
19498,146.73
18936,103.76
26971,3.95
8518,91.07
21175,27.41
6137,39.72
14880,147.79
6049,39.16
1959,154.66
22731,87.62
3548,127.97
19319,17.6
19913,96.24
6826,51.15
7809,135.25
19306,58.51
4569,61.03
22674,89.1
23948,112.75
24047,81.11
26562,168.0
1113,6.65
35,55.15
1730,161.75
5377,77.67
1471,74.02
26073,164.77
2813,12.22
7131,53.15
1422,33.73
2730,157.03
2055,89.98
11535,99.6
14234,85.98
10300,83.4
14739,21.82
18929,168.0
12947,80.62
10512,8.97
1635,9.17
8099,154.84
26791,41.23
13995,168.0
21047,40.79
16804,168.0
26728,17.73
14612,47.39
13539,29.21
382,13.71
7671,14.86
12854,10.36
26477,4.76
26689,39.95
7071,33.34
18558,168.0
3045,43.75
22287,83.2
23165,131.9
24816,115.17
17534,89.28
24433,11.62
24966,51.57
16893,41.24
6214,41.34
21471,17.83
26414,63.08
10919,24.19
13982,4.55
13581,7.1
11061,44.95
24928,45.79
9688,51.92
21041,39.32
25956,87.19
7891,94.24
13761,9.35
4273,56.41
2647,24.32
11909,166.03
17585,54.78
5784,9.76
4974,86.8
3047,39.12
20920,168.0
17547,12.99
15440,26.29
19761,163.45
7751,7.0
22383,147.49
3096,49.57
5121,108.23
11890,57.92
26771,55.36
27803,51.14
16067,25.52
18364,122.78
26500,1.74
16736,62.97
24847,27.31
21832,75.2
14637,71.14
12277,38.75
3210,89.42
23812,168.0
5533,69.1
12240,73.04
1666,39.84
7930,120.97
23526,55.62
26390,34.0
20380,168.0
17403,122.66
993,11.32
12461,42.22
14297,21.31
17219,72.41
24903,83.09
22333,53.56
11947,168.0
802,168.0
8902,44.63
18967,132.74
17856,168.0
8779,6.17
8932,42.78
12986,10.7
15175,30.05
23079,44.49
12520,5.86
18393,121.02
21928,45.93
15948,35.86
15461,45.77
9753,41.49
27905,168.0
27966,19.09
736,28.39
7568,90.76
24425,28.9
283,44.24
19825,154.5
22766,168.0
17049,133.44
19178,98.18
26273,95.41
6248,48.15
9507,18.69
24278,55.84
9888,18.95
14521,143.34
3246,10.62
23129,112.09
6604,136.93
4104,9.18
11107,88.54
6595,35.53
17115,90.41
9579,85.62
1805,168.0
16761,17.65
6280,153.54
20329,88.37
19489,42.11
22642,83.4
6169,40.32
13691,48.1
9300,72.46
2084,75.73
25367,150.09
26046,53.27
11843,102.07
23296,31.25
14418,62.83
27889,25.99
26782,90.76
19591,109.1
9729,21.35
23760,4.0
25789,47.88
15889,19.47
12264,5.76
19461,35.66
10790,49.08
14921,41.05
10930,102.15
25485,37.57
13514,18.43
15866,168.0
6234,46.13
24248,168.0
12513,155.38
7516,99.49
6435,80.13
22048,168.0
9544,13.68
27873,16.97
6974,38.49
15763,134.33
15617,50.43
23590,161.08
14834,25.73
4845,45.38
6087,44.8
22887,53.5
11567,163.99
20750,24.3
18938,62.62
23195,168.0
1179,168.0
16054,155.9
24871,36.71
22721,69.56
19499,158.8
22810,8.8
12495,95.6
12831,67.13
20254,15.85
8121,133.68
10438,30.29
6904,18.86
11509,53.22
13209,168.0
20494,4.56
9418,72.8
4871,131.76
21876,8.11
959,48.29
10862,28.06
7515,45.99
22587,168.0
18270,7.1
14498,73.27
3197,168.0
3023,168.0
27754,16.7
22219,22.88
24258,61.66
27887,23.66
19777,67.93
25457,42.44
3601,20.47
11679,19.28
23586,27.48
19408,63.27
9056,86.79
4393,59.6
18835,4.14
14417,168.0
21397,16.74
22706,62.94
15201,107.35
1175,28.13
14722,18.4
26022,164.98
5824,34.82
22091,34.27
19969,96.5
12783,67.52
3711,42.39
2277,85.15
16362,70.52
15925,69.75
8846,72.49
16782,136.9
20657,100.2
25236,149.33
21413,25.9
23916,15.34
147,53.45
4706,168.0
3834,30.38
8094,30.31
10075,133.56
20218,88.4
19417,168.0
18453,79.27
8390,109.74
25946,117.51
11833,168.0
16817,18.4
13848,100.48
24212,16.04
16649,136.64
16411,135.9
4128,50.6
25543,168.0
18511,54.36
14508,48.12
4296,135.39
11242,168.0
13217,6.35
9124,143.33
3329,53.22
27740,168.0
6224,25.84
8439,69.96
15009,65.26
19527,129.5
6239,19.75
17735,49.25
24465,97.27
996,19.51
11198,168.0
24695,102.0
20861,24.55
22339,41.22
15333,6.56
14003,37.47
7359,168.0
17960,168.0
15488,164.27
14909,31.23
7449,8.97
24772,124.04
23111,85.44
8965,168.0
11398,7.65
5047,75.67
896,96.22
6759,4.21
25735,168.0
8489,20.58
14712,0.5
13613,160.98
12796,93.88
22487,36.56
14070,100.69
22999,8.35
23213,168.0
6863,103.75
24073,149.23
1818,149.03
27407,47.28
13554,120.15
4950,13.77
18046,158.58
13120,40.45
21194,122.16
2541,112.27
21184,37.55
26345,69.54
8696,23.11
10911,88.64
25578,31.26
8628,116.63
21987,92.63
25854,116.28
2958,111.11
19249,28.88
23104,116.47
26412,47.77
26913,59.28
8485,34.9
13206,80.89
7884,167.39
538,52.69
4813,121.81
21221,93.04
2900,101.73
7042,26.43
10957,149.02
16319,120.55
3350,14.43
1323,48.54
9099,77.75
9328,54.89
13533,42.36
9325,45.12
10777,42.85
5214,147.94
23409,161.24
9659,31.52
4080,35.46
24328,8.19
26035,168.0
26121,54.3
16066,168.0
5880,31.54
9363,13.14
15045,4.29
6944,86.23
15242,108.38
15391,168.0
20209,2.32
3474,32.37
3068,121.06
26888,130.07
16778,79.01
18075,59.62
20328,31.67
7204,60.88
19959,155.53
3745,3.55
5671,38.2
23075,117.57
2974,17.26
13495,9.5
22511,24.8
16941,43.32
11585,168.0
15205,103.33
26466,158.21
3507,82.96
17651,99.05
26694,76.05
9169,11.96
2595,118.71
5787,158.74
8673,43.6
21351,61.05
6868,17.02
3318,14.22
26938,29.89
7760,21.11
5570,4.36
1530,168.0
16786,7.06
14816,89.47
3986,52.74
15107,20.97
12609,78.32
12749,38.91
27444,45.15
1962,29.16
8686,96.27
20649,57.08
8054,70.32
6433,39.05
10861,54.62
4984,168.0
19171,17.04
19632,47.41
14740,24.04
17394,58.04
12988,61.96
18166,22.08
14049,80.43
25795,72.8
8008,27.8
7095,103.77
19946,68.78
26248,94.4
16255,6.94
6417,168.0
4097,133.15
14598,36.0
22151,2.83
18836,44.55
5501,14.21
3690,44.66
1347,50.65
5220,31.66
18362,6.93
1834,28.43
22807,32.85
23206,9.02
23068,132.35
27296,125.0
20935,19.85
26374,117.73
9250,54.3
12074,60.64
21828,16.95
25684,51.4
6896,90.65
12701,64.99
24461,13.78
3410,29.95
23447,23.03
18219,90.85
20814,81.23
9397,50.72
9684,39.39
8505,34.11
150,34.1
5456,101.48
17171,19.93
9655,168.0
10011,123.82
27351,136.68
4293,15.28
1690,46.6
9767,168.0
2718,44.34
13707,45.29
23789,79.21
4339,73.98
27206,39.9
9747,10.61
23464,151.55
13044,113.41
27647,43.88
12584,168.0
6531,168.0
11959,52.89
22538,79.98
6138,63.69
15101,76.57
17402,51.2
22222,92.71
8454,128.97
18111,5.13
16022,139.73
24827,112.24
11729,96.3
12099,54.78
17825,82.98
13079,101.74
4785,44.63
21455,73.67
15907,135.49
23592,168.0
14642,4.82
6580,48.35
5513,47.33
4817,50.89
20077,14.12
4672,56.22
20362,118.81
22646,26.09
24252,28.34
13709,32.87
25004,132.94
26206,168.0
23871,77.09
14499,31.33
6726,23.73
1915,78.3
21376,17.92
27733,163.43
1664,35.68
10241,33.08
5138,34.26
12359,168.0
27911,54.97
2266,150.46
18483,118.14
24387,168.0
10368,168.0
7799,168.0
25262,137.71
22842,168.0
16773,18.3
9710,61.18
17124,21.73
13664,17.16
14763,168.0
9845,67.92
26392,45.92
25918,28.63
16960,159.9
14682,29.18
11946,19.64
6481,167.61
1603,16.46
15510,28.3
15687,28.65
2214,152.03
27474,61.74
22163,136.86
12147,168.0
22752,168.0
25125,30.7
23877,40.97
17116,10.48
11048,80.42
24529,13.27
22236,22.07
6186,13.14
2533,66.43
9020,168.0
5883,5.06
3383,14.36
5227,48.31
17054,164.27
15105,60.37
7070,60.62
4419,106.59
16366,168.0
2588,105.0
14802,38.79
21554,53.32
19352,48.4
2980,1.71
8886,76.78
7405,77.71
3858,168.0
15680,55.15
7685,113.07
5871,57.69
4645,41.43
4375,27.72
7578,161.2
18129,168.0
1133,137.51
14854,98.35
5915,164.0
21149,168.0
19211,53.72
23810,89.56
7901,114.02
20586,18.74
2300,100.86
13213,155.54
2858,0.5
12362,168.0
2004,55.32
22647,148.54
9568,119.25
8687,146.34
24937,51.88
8639,79.32
12136,131.84
13062,162.48
2501,106.67
7589,13.64
22609,39.65
1729,83.37
11904,30.31
1981,49.27
8069,112.23
27404,24.51
16186,18.13
6332,20.79
17840,114.42
26977,115.65
167,82.91
13536,3.94
13086,104.83
12425,30.57
21456,168.0
7732,30.55
25966,149.72
1644,13.84
20631,63.39
16367,133.58
2414,139.03
20658,21.98
10421,29.1
3798,98.04
25241,115.98
19413,45.77
3829,109.56
10059,97.44
367,92.29
21324,130.28
7882,2.92
10809,83.77
17092,114.33
247,60.52
14753,4.92
23878,15.37
25862,89.55
10424,21.7
25406,95.75
11321,25.32
487,46.65
11611,16.29
22502,24.82
13714,70.56
11751,106.13
20366,168.0
11146,100.35
3580,46.96
26372,151.21
8760,19.8
5306,103.4
10545,67.78
15436,23.05
3592,87.35
23421,111.62
22694,73.65
23989,168.0
21434,56.62
13572,168.0
12416,36.42
1114,168.0
4170,168.0
25902,141.9
25621,100.74
27342,65.77
14538,53.08
14724,19.72
7880,106.21
13038,168.0
11096,39.93
450,50.19
6388,168.0
13953,47.87
8365,23.74
1662,49.83
21728,127.36
5975,114.29
11818,21.65
7822,68.86
26809,37.28
3473,29.0
10563,149.42
23217,55.26
4148,131.12
24803,77.85
18018,87.91
26270,104.47
10406,130.12
12255,63.09
27579,2.94
3402,138.76
2754,11.14
20818,24.68
12890,112.36
24904,61.84
8450,127.29
10045,143.28
27352,28.83
19791,101.09
8058,88.03
13976,7.99
13850,39.33
22239,34.49
13064,155.09
14557,76.84
315,60.88
5875,33.61
19756,40.47
10389,168.0
12353,120.27
24284,11.32
7091,147.9
12542,60.1
27230,75.89
7427,19.93
6399,27.27
2714,63.16
26730,68.62
280,106.16
10906,11.96
16359,96.26
12505,40.81
979,56.79
7923,15.81
1414,40.91
14786,44.09
21789,100.93
624,37.69
11255,34.88
24069,168.0
11928,130.27
25140,7.31
22242,18.91
22778,160.12
17102,68.29
10884,67.29
7474,19.28
10959,18.84
1086,29.84
9172,11.79
26087,7.3
6921,36.65
12090,17.2
15602,6.35
26452,123.24
21914,73.25
25271,168.0
5853,31.31
21398,140.16
15283,7.02
10347,45.48
12405,1.82
18053,144.38
4955,46.4
21356,75.24
17747,163.51
9329,33.1
15508,151.15
18853,13.43
2145,43.92
23098,67.75
12135,128.12
25183,133.34
738,133.58
14133,168.0
27167,46.21
18158,153.94
19160,168.0
21843,97.02
1056,168.0
3694,11.98
26491,104.42
16176,52.91
1311,41.48
664,168.0
22916,15.69
4254,25.96
6164,119.82
21634,36.69
24231,57.27
5953,38.58
7088,52.09
23081,60.95
10594,93.26
14703,150.38
5525,96.62
15435,69.56
21449,144.38
25908,44.31
21362,18.56
9672,27.37
3799,168.0
14583,168.0
4463,122.1
19504,92.25
10560,137.67
11238,78.09
12810,98.26
25932,106.38
601,54.67
9532,73.68
4688,11.87
5222,50.3
18662,168.0
17206,115.49
5068,12.17
409,3.23
5762,168.0
8658,165.02
10105,139.6
3426,98.47
6777,100.55
8919,80.28
6241,77.68
18650,78.31
7335,85.94
22976,92.88
13578,21.56
2213,89.18
26857,20.96
8214,10.38
25429,168.0
21235,115.37
18317,29.61
15405,119.7
3792,28.0
20228,21.91
9149,153.56
18815,80.63
15918,61.47
18620,168.0
27403,95.25
11775,7.47
12049,64.68
380,136.1
19910,3.28
13048,5.41
4702,160.71
2932,54.38
20712,35.49
1822,168.0
10239,16.15
11568,51.45
25953,15.13
10153,92.12
10133,34.13
22311,40.03
2152,164.49
20888,168.0
7420,107.16
330,108.73
607,168.0
24789,71.16
3789,100.22
5754,60.57
27135,22.11
26282,74.09
25594,59.97
11541,155.42
6244,138.9
20664,33.68
22691,105.93
26161,19.45
24533,5.85
7698,33.17
5799,59.12
14844,168.0
16620,103.37
20787,78.02
15397,6.9
26293,64.81
8331,34.85
10206,168.0
9736,22.08
13588,96.88
7672,86.72
14970,89.2
4602,29.9
12759,18.48
5427,84.19
6482,39.54
24139,14.97
26036,38.71
25755,7.03
16808,22.65
25173,93.86
5174,8.49
26155,111.77
25163,46.17
13755,14.69
14061,46.11
7438,46.45
5394,89.36
18314,58.92
3919,23.55
24862,168.0
14358,27.83
4877,9.5
9779,79.84
22876,38.75
4450,123.16
16851,137.14
16085,49.0
24017,18.62
3703,150.33
231,94.31
6462,64.14
7497,147.13
3639,53.95
19347,158.0
17890,38.64
17252,99.58
8319,117.68
27753,168.0
21009,115.89
23326,161.91
13719,152.19
3916,6.54
18686,159.91
75,8.52
25412,5.33
9760,162.25
4783,41.29
1108,157.56
2209,97.18
13152,36.43
6526,115.69
24947,22.03
715,14.91
748,141.04
22666,36.32
18882,150.1
12480,19.75
20617,9.99
11275,168.0
13827,29.22
2227,18.94
20656,70.7
17215,5.14
5290,70.81
2359,168.0
1599,145.68
25791,168.0
15192,168.0
476,58.8
19976,20.23
20788,151.82
23541,70.4
10791,138.48
7974,168.0
259,168.0
26072,26.0
26310,71.01
5043,18.06
5215,3.66
10630,30.41
26596,7.33
16249,21.78
3697,47.59
3806,168.0
5678,26.42
2764,117.97
25604,13.31
6824,168.0
15243,39.69
6020,104.36
14735,44.54
6290,113.53
27724,21.31
8510,8.61
2701,86.28
2585,168.0
25403,168.0
1147,168.0
346,65.86
21441,33.39
8393,141.71
15573,8.45
9728,22.68
15484,89.01
14634,136.88
9440,68.5
8525,168.0
16416,163.85
13967,27.53
9279,168.0
13293,33.27
25756,6.42
9358,35.54
1387,168.0
10309,57.13
12116,113.76
18687,84.17
4322,120.47
9526,22.35
963,70.35
16345,17.53
2619,105.57
14902,168.0
7063,44.46
13852,88.53
23906,63.5
23023,55.41
24155,76.13
19754,51.32
4110,168.0
21220,107.06
9934,50.49
25432,27.63
27405,103.27
13494,8.73
18086,104.15
4160,18.74
2617,145.54
17137,21.24
14664,59.79
8972,99.0
21809,85.86
17865,78.83
2222,92.7
16926,50.67
15075,30.01
2762,168.0
23273,40.79
23471,54.41
2740,24.03
25688,23.14
1346,59.76
14236,80.34
16308,44.87
821,51.17
14386,100.87
26261,141.95
16613,113.76
2117,45.0
22406,94.52
12868,168.0
22224,33.25
23796,29.67
5211,155.18
3268,127.69
15410,68.93
11175,168.0
24447,168.0
10319,28.63
14576,89.17
6876,168.0
24831,41.63
12034,19.3
6916,8.82
7456,42.46
7304,56.3
10376,23.41
2864,65.76
24536,124.1
22895,48.38
7978,52.8
16580,8.82
22821,47.39
16213,132.48
22904,5.61
17996,42.74
25698,29.99
21903,168.0
11335,3.9
19435,5.59
2350,96.31
22375,79.39
14054,87.33
5934,80.47
27587,168.0
8270,71.6
2842,22.33
17068,19.59
1118,15.97
2973,44.11
26401,81.47
19636,107.13
16686,19.92
15039,115.15
9529,64.52
8034,168.0
2386,17.0
6802,115.08
16681,47.31
3002,107.52
25958,19.29
10054,168.0
22917,168.0
734,71.63
22200,163.56
144,88.65
11832,29.88
10863,132.01
16271,79.43
22230,39.0
24599,36.96
2564,16.05
20924,110.66
26109,21.08
13940,12.52
16427,45.52
26404,13.64
2715,75.54
21134,157.47
24771,85.6
21036,38.52
23245,91.8
17768,168.0
3843,38.95
13522,35.92
7439,142.46
23734,103.09
15604,35.07
24560,13.83
4303,69.33
27083,168.0
11313,134.94
13855,80.39
23879,43.4
2229,22.27
16321,76.0
24676,168.0
5018,23.48
24072,25.26
13638,105.21
16588,18.66
16816,26.86
14163,49.01
23665,46.26
17151,150.95
14918,78.07
25566,31.98
1580,16.52
26965,50.76
24760,22.32
1911,25.02
91,82.22
1510,52.2
24232,124.85
3386,68.33
24459,148.9
4115,39.66
23200,45.87
649,22.57
24618,14.64
20507,168.0
17180,74.46
24003,4.48
321,124.07
27684,15.56
9975,28.29
644,35.06
23145,11.58
4641,148.35
23211,9.14
11326,32.71
19681,134.79
18671,168.0
4156,75.96
194,3.05
3735,83.17
2830,92.87
5731,58.23
17211,15.07
15336,129.58
19418,43.55
3525,9.05
430,29.48
18334,66.33
11160,58.51
11804,0.5
26172,9.63
756,101.38
8048,9.04
4867,49.53
14081,9.03
17757,83.76
14659,157.02
4343,41.29
12402,103.34
8925,66.94
22103,52.2
3031,107.78
18813,41.44
2874,43.71
26872,91.18
8377,29.37
4206,31.99
1747,88.47
14699,84.32
9892,76.65
19792,168.0
1052,134.09
10477,118.33
11117,24.81
27953,143.73
4070,67.87
26852,25.94
21752,53.35
19442,11.67
9598,27.49
16107,147.14
26662,39.47
19983,62.91
6662,36.36
12865,18.96
3579,96.97
11658,42.79
11140,159.1
23666,42.15
20078,88.7
25484,111.82
3100,22.94
21279,66.73
5954,18.71
15879,18.64
11192,71.08
23280,45.19
18582,44.36
4771,17.46
6547,57.68
14053,31.06
5729,139.25
21737,27.22
24351,168.0
18399,22.79
25689,168.0
20368,91.97
21820,84.52
22451,145.72
3000,56.16
1808,153.37
9419,46.38
19651,23.93
718,87.36
5998,168.0
21884,22.88
21029,49.74
22051,12.94
14137,1.66
25496,140.95
9407,27.31
19293,77.83
27416,59.62
17083,67.02
22551,16.35
16058,49.93
21501,33.18
24208,73.66
2937,7.39
7132,160.32
25070,19.73
3706,82.11
20113,2.96
24365,104.66
4036,168.0
8470,36.9
13959,132.38
1434,44.28
2566,0.5
8206,13.31
15469,107.48
2683,137.11
9577,13.89
3752,8.27
13375,14.36
27633,66.3
16357,131.36
9089,26.07
12017,71.11
12166,86.84
24301,168.0
26201,19.04
16187,65.92
15090,36.82
3710,19.32
7937,165.45
15783,65.71
11635,144.7
6091,28.27
6404,22.29
24005,168.0
14216,168.0
5115,49.87
16870,18.92
12626,159.65
13957,111.18
24531,158.73
2885,35.48
10520,30.58
9366,151.9
13396,168.0
11224,95.04
6688,132.43
23174,9.08
8442,30.95
21089,168.0
22771,47.22
8908,105.16
11550,82.78
4859,101.64
7606,7.7
11500,27.29
16897,65.32
9331,101.64
26463,3.94
21841,99.17
12179,35.88
3780,132.95
8132,42.96
7477,42.9
8256,34.26
7100,54.06
15409,55.72
18038,103.11
10182,34.48
20429,83.27
26735,159.94
7656,168.0
22186,62.13
26074,124.01
14058,4.2
19733,82.89
7567,167.23
20940,27.03
24030,126.69
17176,144.72
1035,2.74
15182,56.13
12170,60.9
13218,152.44
13308,45.06
6865,43.21
20165,129.91
17,89.47
12821,101.6
9527,113.65
12157,27.2
26484,12.68
11915,32.33
16050,73.99
19668,29.86
26396,85.8
23063,57.89
12227,36.79
11131,168.0
2435,140.84
2592,9.43
742,57.8
2308,36.51
23311,117.36
2009,168.0
14613,124.51
17779,62.34
16636,52.81
14793,12.15
22323,130.72
1493,14.44
2008,168.0
19904,19.88
19592,22.95
8457,44.84
3014,103.28
27744,156.18
3844,38.67
9159,85.47
5763,90.3
19163,36.54
18572,43.49
23637,63.25
22262,27.52
7759,45.67
11899,38.09
9992,77.32
19207,91.52
14412,71.07
4421,46.06
14405,93.97
23248,31.04
13385,12.17
20278,6.34
8922,75.46
23274,28.76
4246,51.31
2034,103.36
9165,35.75
480,28.16
24537,168.0
10013,36.87
1303,19.69
7109,168.0
19985,168.0
7708,4.89
12010,14.93
15159,68.72
12131,55.33
3638,19.69
2734,51.84
22586,168.0
20387,118.25
9831,161.0
10993,45.17
7012,16.48
23949,50.02
25560,49.83
23153,63.8
10696,10.96
12044,108.8
20451,26.31
13899,147.14
2195,119.2
17060,93.22
26303,78.08
10422,38.01
3265,21.98
13486,144.77
19195,11.89
1290,168.0
26462,4.26
6202,86.68
23912,36.42
26076,47.49
26493,40.93
5841,52.39
11666,59.56
4341,24.96
15098,116.41
27111,3.98
21118,10.0
27940,92.32
18011,168.0
11359,40.91
27596,109.35
17792,124.16
12481,26.37
8765,98.79
21608,168.0
26448,93.13
13950,21.61
396,37.89
4990,46.34
24802,7.07
10205,168.0
5160,105.0
3585,104.05
17163,29.98
23271,65.78
24349,101.19
20849,168.0
7668,125.31
21209,16.55
2848,0.52
27791,135.66
11624,36.42
23662,14.76
19003,23.34
13073,17.41
7722,121.3
19980,6.32
4546,168.0
1595,31.46
18182,51.51
4282,85.53
18517,61.52
11598,94.13
24632,63.09
20063,11.32
2516,61.04
10688,72.68
15993,12.79
17240,168.0
26849,19.68
8460,156.87
12908,150.85
25026,124.05
21791,21.75
21326,11.1
17112,56.81
23035,168.0
9607,105.21
27143,39.2
11566,10.08
7051,40.13
5210,64.12
8528,47.46
6650,168.0
15203,146.48
6069,80.84
14558,144.57
15828,124.6
17048,61.87
2676,111.63
4738,50.73
11812,168.0
27130,7.53
16277,168.0
22191,36.61
19759,63.88
21163,34.16
24289,120.91
21596,9.84
2856,168.0
16387,92.65
7768,41.15
14321,51.98
11262,138.65
12065,48.21
24660,168.0
7934,168.0
2232,127.47
5312,84.25
18759,102.78
16741,55.24
3001,48.69
2929,168.0
9758,49.08
13408,16.65
24097,84.3
10351,4.09
23298,129.99
3876,72.81
17395,36.2
2784,168.0
6779,71.84
16262,132.7
21341,10.08
3581,9.71
24196,56.99
7639,46.31
13784,22.61
24011,98.21
5508,9.79
2867,19.39
14222,168.0
9006,124.46
21660,35.88
23858,119.42
6478,168.0
7713,120.19
22898,70.31
1411,168.0
8478,16.19
12703,89.19
12680,131.84
5653,39.11
9636,63.56
10856,14.28
26101,37.44
9153,17.37
6663,6.99
26874,50.56
13300,153.44
7047,27.96
20395,168.0
1282,168.0
18521,18.81
3399,101.16
4336,54.09
8443,11.9
1738,90.63
24969,168.0
4106,71.19
9509,26.03
20300,93.54
23530,50.93
4143,95.71
13529,72.21
25017,168.0
12078,110.3
1765,11.97
22780,106.91
19202,83.6
25322,16.28
12788,44.69
3503,168.0
23329,67.16
24788,33.01
4685,21.12
23187,25.73
4540,24.44
27330,10.18
23340,122.3
3181,152.62
9071,104.74
25107,109.17
26508,168.0
27697,89.42
17936,102.47
19551,123.02
24151,68.94
24013,25.2
14942,76.66
6355,63.37
14315,34.64
20610,9.05
7318,38.36
23887,64.67
18826,14.77
3616,116.01
21244,145.9
3541,132.05
27806,124.38
9138,102.97
1743,13.37
13021,26.71
447,74.57
26764,112.99
19375,29.79
24378,30.24
21198,21.82
8299,14.77
1675,10.01
119,92.36
17362,89.89
16037,46.84
15046,14.37
26228,104.37
25075,6.64
21916,168.0
11342,3.76
13104,168.0
21424,107.18
25653,40.84
21648,51.94
8735,5.67
4372,93.85
9098,69.98
27455,93.51
22134,137.83
19339,60.66
22969,168.0
6108,7.07
23366,17.09
3142,73.82
9384,97.02
1121,61.84
25765,160.88
5658,86.76
520,5.26
385,49.16
1741,35.31
23434,20.54
13924,17.3
5505,9.35
16765,136.69
13278,9.68
14736,2.54
16132,62.69
27149,82.81
7986,2.78
21206,15.0
2449,73.84
8952,30.03
12885,25.25
27272,38.32
7102,52.3
438,89.38
3508,83.03
13088,112.28
27995,5.02
5561,168.0
168,150.2
16180,52.24
18928,39.25
482,12.42
4850,31.4
17777,95.24
17592,51.06
16287,9.05
8248,20.62
3609,168.0
26151,168.0
5657,99.15
26839,39.28
8557,72.3
7072,116.62
22628,57.92
16238,65.68
26235,92.75
681,58.08
20779,36.79
10202,123.33
2463,8.25
3425,57.67
3578,8.64
22943,80.48
2518,95.2
12560,17.99
24377,103.09
26488,49.2
8739,42.74
7251,9.44
2135,41.22
24407,168.0
1106,97.63
26149,65.58
14311,8.13
8729,37.95
20060,20.53
5940,13.79
7294,59.08
23963,19.95
1339,118.54
1731,168.0
11557,89.01
12733,71.4
16323,12.64
13804,168.0
12491,5.59
459,23.79
8840,72.28
5550,60.61
22155,61.21
3979,23.79
19821,27.33
25763,28.16
23119,95.48
8857,24.72
6422,75.1
1396,20.2
6427,1.74
12585,168.0
5252,155.62
24946,13.41
7998,30.49
24123,40.14
12310,15.12
6657,28.59
3035,73.19
18486,52.78
12532,168.0
1201,123.89
24866,123.62
188,84.62
12063,15.58
13676,85.27
23594,1.83
19971,5.73
6906,48.45
16568,19.27
24322,37.3
2662,7.74
9197,68.96
25386,74.7
1978,168.0
12549,20.33
21773,168.0
21066,94.15
11597,86.54
4181,25.03
9971,69.04
14464,168.0
22043,168.0
16408,103.68
26106,51.72
8057,65.57
23687,91.51
15537,65.6
9999,97.93
8136,79.45
1940,27.87
221,168.0
2528,74.21
2420,11.15
13814,1.73
20921,8.44
18973,9.52
12064,134.15
18114,84.11
15987,168.0
19652,68.36
21806,43.25
14186,44.44
14898,59.78
12959,96.21
5532,56.33
11571,14.08
5053,147.28
1075,30.73
18007,25.62
26853,96.7
10318,8.19
11753,53.08
16979,11.68
14585,119.09
23532,80.39
1397,76.14
19841,13.06
3298,113.96
8650,43.35
16520,84.98
5384,168.0
10434,111.07
21187,117.73
13745,168.0
24857,55.74
23844,59.24
14065,107.08
6418,36.26
4405,50.26
7228,11.01
9606,44.66
7255,168.0
10781,9.5
5826,15.25
20771,139.95
3378,55.08
17712,51.05
2020,1.39
17142,168.0
4047,168.0
18331,72.92
13980,124.43
14479,32.33
22790,70.28
12035,103.75
25724,12.22
6267,71.53
8900,98.17
8298,11.79
14433,29.83
12627,46.49
15148,156.28
5418,168.0
12117,65.12
5638,19.45
4178,49.21
23791,8.57
8879,17.7
8692,129.36
12387,11.65
8969,149.43
9022,26.35
6803,64.73
26312,39.88
8482,126.25
12111,45.62
19955,64.68
7784,80.76
14530,17.19
13175,161.08
7676,10.13
21816,73.14
27002,165.19
27642,156.12
10099,31.59
4252,82.81
12556,85.84
10876,75.11
24204,35.79
25035,58.45
7563,82.59
13302,69.81
22756,38.04
21786,81.53
11051,9.1
10337,105.42
27683,22.89
10671,5.38
2404,5.66
10329,81.39
12368,121.89
12077,52.59
6463,51.01
6977,57.42
5908,37.44
127,17.65
26541,39.65
26625,18.96
15565,165.25
22421,36.41
20729,30.14
19615,168.0
15726,1.37
24761,40.55
4513,168.0
12519,61.83
4344,23.88
20117,1.21
14127,18.03
21713,168.0
5597,35.31
19146,168.0
9188,123.41
18834,8.47
18280,105.86
14965,168.0
22899,111.77
964,19.3
15423,4.03
20983,75.2
19246,86.16
27786,163.15
10462,168.0
4479,9.07
18961,28.61
16919,22.64
27048,22.09
5128,56.61
24899,168.0
26028,14.85
21649,168.0
10392,64.65
4461,82.32
5770,136.84
14406,15.05
5971,11.36
6600,62.02
2173,46.16
14268,70.29
21120,16.55
26533,75.33
2635,59.56
10285,132.51
503,50.76
18781,5.99
14096,42.1
4969,41.31
21855,70.81
22442,9.39
5391,60.41
12932,109.09
22815,38.38
10470,114.3
26823,12.98
7747,28.77
22573,50.06
20941,68.37
6328,14.04
22856,50.66
18665,49.81
928,56.37
22137,32.4
13802,9.31
16317,16.39
103,168.0
6070,107.94
18337,24.15
26038,61.51
7794,168.0
15967,115.0
23619,7.68
14354,46.3
17799,168.0
23107,4.19
13984,23.64
828,64.18
4639,90.65
24215,20.14
12484,37.19
21577,62.13
15755,166.51
21584,26.27
2947,125.07
20835,48.58
26788,28.84
17382,114.25
14919,27.01
27736,61.87
5493,14.66
5032,25.06
15055,46.32
23399,8.57
2434,117.98
22949,102.93
24221,32.19
8113,11.06
7363,52.48
26026,69.45
26850,45.52
27460,41.24
27478,47.21
23607,168.0
13287,120.46
2041,24.62
22490,66.54
18900,16.0
27477,72.69
24649,97.24
7428,43.87
2043,168.0
18672,91.53
3366,29.39
5676,28.53
18307,39.1
23707,106.57
22720,8.56
16486,139.01
22352,14.73
13008,141.26
22061,145.49
24125,48.81
13177,60.44
22661,17.45
15868,5.12
13312,97.94
25841,92.02
20784,93.45
23185,32.7
27861,37.31
20233,104.66
27274,28.26
13695,146.6
27055,26.34
21210,168.0
16674,26.3
26982,168.0
3058,35.1
20546,84.09
27290,31.7
5685,12.56
4793,40.01
2444,168.0
8980,30.01
1063,13.12
27211,1.29
11778,100.34
4068,83.34
17842,74.94
8480,86.36
8025,23.66
8742,89.02
23634,78.33
6699,37.32
11333,168.0
15102,160.71
25133,28.02
2061,141.66
27878,12.74
9112,168.0
12860,83.54
14372,12.87
10261,108.02
8856,74.43
14371,109.25
18357,16.96
1078,141.33
9902,44.72
18401,41.0
18851,74.43
26719,77.39
2225,43.21
4140,168.0
24674,42.72
10210,168.0
14950,7.92
25203,146.51
8285,25.32
25050,40.06
8074,168.0
6552,34.64
10052,100.89
10792,12.12
8494,112.84
14364,168.0
6814,82.54
17730,47.91
10947,57.74
15985,10.81
4043,168.0
17278,168.0
15752,47.55
17707,28.72
17595,5.48
23036,92.52
478,108.19
14403,168.0
3461,121.79
27524,25.51
9904,9.72
13208,109.78
25377,155.78
9048,44.63
22398,142.12
27437,168.0
647,101.59
970,48.68
19907,161.98
24031,13.62
24356,110.48
15709,41.39
13646,96.21
25334,29.72
20050,56.61
1009,17.21
6011,52.58
27159,62.19
4015,107.13
4101,38.83
26434,49.28
3226,62.87
326,0.5
10961,56.25
8351,14.5
5647,63.54
27764,33.49
5697,10.37
6599,10.05
5040,70.84
20291,129.61
2194,168.0
13271,158.68
25732,12.83
7138,96.39
16714,11.94
22859,6.64
9889,168.0
21733,57.75
17841,8.25
5216,78.92
14313,131.15
16785,43.41
10827,15.39
13914,168.0
19059,120.75
16787,105.48
11687,29.68
2748,5.55
14180,16.44
27865,168.0
9350,86.63
15964,45.84
12630,54.38
3942,14.77
25054,34.93
9403,12.54
16101,91.69
9731,17.42
17679,29.8
7652,110.02
22585,15.72
27688,65.49
12551,136.64
134,21.89
20346,31.07
25802,146.06
17940,1.24
3351,81.42
26132,10.3
3200,156.23
8500,97.89
26091,69.12
11680,135.8
18403,70.06
27602,47.25
21099,20.04
21998,109.42
11216,168.0
27963,19.39
20182,53.76
25546,13.3
316,168.0
146,17.85
8542,42.1
17381,109.69
26890,15.47
9251,19.66
8786,31.01
21106,20.58
18636,128.4
21886,3.6
21955,109.44
22201,112.07
8079,7.49
819,106.28
20722,7.35
16130,89.12
3486,116.06
10240,87.12
24294,68.11
25536,155.03
20903,11.93
14790,73.8
3111,22.06
8157,17.7
16837,168.0
24186,129.5
24853,19.34
16658,163.68
2495,16.13
18080,30.63
4519,60.86
27036,1.41
2505,164.57
9043,168.0
22001,118.97
21861,48.36
7725,30.3
14959,168.0
12324,168.0
6741,45.94
23646,127.53
27511,168.0
13862,22.57
6952,28.74
4455,27.96
18940,63.65
1011,2.68
18043,70.97
12267,116.89
13744,118.53
17609,168.0
1034,11.33
24490,112.6
2270,105.81
696,168.0
9761,96.79
3704,45.8
19030,128.39
22256,94.76
25353,168.0
13488,103.04
14431,91.73
15862,27.62
2790,29.1
7571,22.24
7628,7.57
13162,168.0
25589,168.0
5474,115.62
24573,30.99
16730,33.99
17020,84.37
23667,58.25
6484,6.51
10840,57.17
15819,168.0
1888,140.76
13480,46.14
25610,16.77
18585,14.95
25495,168.0
18575,116.1
7785,168.0
1413,73.17
18208,4.02
21142,124.77
18551,37.27
19908,19.38
3623,138.71
11925,9.69
22397,7.79
13909,3.68
24054,49.98
180,115.78
4977,72.88
23775,94.22
469,3.1
5317,29.71
2166,7.94
1027,16.58
22227,158.25
19536,107.19
1423,168.0
12971,152.16
17476,30.98
27254,43.73
16900,101.44
27935,39.33
5528,16.67
7223,23.69
9618,89.39
6250,168.0
22872,158.51
1192,54.71
24612,19.27
23922,59.78
4157,68.03
2559,78.6
12148,87.0
6354,59.61
8476,21.19
3734,34.59
19380,24.35
21139,37.55
13800,28.4
3860,6.72
4469,47.47
25306,142.09
20502,10.47
2604,40.38
6682,40.08
10356,16.49
1297,5.61
27180,57.95
24053,89.12
635,93.9
15660,25.79
22148,9.1
24508,39.03
16908,8.79
23947,41.66
11297,125.87
20428,85.11
14869,102.45
19051,103.93
10577,12.73
27674,61.62
23391,55.78
5453,67.25
16283,168.0
11681,38.22
4059,100.09
5640,41.8
10127,18.27
21865,100.21
14827,129.56
7573,168.0
10274,29.81
8394,14.16
12678,15.46
29,10.42
5035,11.99
13977,15.34
17552,6.09
14411,99.99
19854,67.13
3362,51.99
22962,42.42
16118,151.58
3668,51.23
4345,168.0
24673,46.92
27771,73.93
1869,15.5
19526,27.85
960,42.75
984,28.79
14331,24.63
11191,168.0
25748,58.9
23257,106.22
20414,168.0
23053,60.83
11623,62.4
24449,13.61
25398,13.85
19659,168.0
5155,109.75
15081,168.0
4387,148.08
20865,151.33
7752,110.34
6119,35.92
2981,143.14
27015,56.18
8452,37.99
23032,168.0
1259,36.92
7417,168.0
20040,14.27
6835,60.67
27107,15.74
26224,98.76
10513,24.77
21837,80.0
4057,29.77
5503,75.92
12393,60.75
19447,22.55
18801,18.62
19381,43.07
6309,40.48
15885,75.07
17664,168.0
26738,21.26
18434,168.0
18811,7.28
13525,20.58
1429,168.0
7337,7.87
20606,29.93
13594,11.55
3502,74.9
20038,62.36
1563,9.04
26343,43.24
4400,3.55
6612,20.78
23681,88.95
21108,168.0
22571,125.55
5516,56.64
23890,127.38
1611,67.27
6498,44.49
13710,64.94
11762,68.87
16952,71.33
4844,141.2
16302,118.08
10007,58.62
6528,99.78
27523,106.8
16222,12.89
1514,49.5
19815,168.0
27345,83.15
18842,27.76
139,168.0
27577,113.57
24321,123.22
5259,168.0
18675,49.38
11403,168.0
2254,7.08
27033,33.98
21069,83.35
25219,18.28
21240,56.35
20336,65.33
18479,90.84
9987,84.37
25872,134.68
3418,124.21
7112,2.38
18346,96.31
6706,80.12
11008,21.41
11387,168.0
3686,47.35
20910,61.96
22205,142.82
19141,69.07
2290,70.32
7468,101.65
4788,18.67
6010,3.84
22994,81.41
20199,14.73
25553,168.0
13363,76.45
4153,34.97
26337,74.56
208,147.13
27652,110.37
6607,131.93
13002,77.09
2605,9.79
12340,84.64
2587,51.28
15334,168.0
20820,41.32
22606,15.55
6925,85.81
27181,60.72
21000,19.3
23704,148.92
11558,168.0
2870,159.57
26878,73.0
26619,3.2
12475,168.0
27052,9.49
19685,116.77
2905,46.78
11917,84.86
2702,16.86
16162,28.35
10493,11.75
17293,36.49
2351,109.01
10114,115.86
27986,38.04
11526,153.29
1751,153.71
2299,147.65
17008,54.95
26906,25.65
26139,56.79
23184,47.24
21123,59.97
15318,168.0
22955,15.86
1640,30.01
11712,168.0
2492,91.74
12358,115.41
5098,22.51
16936,27.43
23579,168.0
17578,67.73
20305,37.84
15468,43.67
22672,26.22
14687,168.0
20348,39.3
7690,63.5
8364,11.08
10580,56.95
20756,92.05
20632,7.46
22577,168.0
3110,31.11
16556,50.38
22119,29.65
20723,42.63
7733,168.0
9442,58.8
6503,101.04
20916,4.04
12623,76.72
27925,41.65
2210,23.62
12341,148.01
16293,32.88
15650,41.61
27238,36.12
13267,129.69
19433,168.0
6720,123.4
12843,2.97
23286,168.0
8309,155.15
15509,28.41
16734,60.53
24624,28.4
12704,7.76
22579,7.67
5393,168.0
27221,30.61
6308,168.0
6281,68.38
16273,23.2
13627,26.53
1474,168.0
6918,48.02
11734,61.29
25874,108.1
21075,34.52
1713,92.68
24141,123.04
3995,30.82
22100,46.99
7293,14.17
13955,19.73
708,60.69
20112,102.83
19316,46.46
20639,30.35
16518,168.0
22707,56.83
11320,22.89
11414,75.08
7178,26.71
10743,83.55
16042,94.43
9240,13.3
2554,27.98
25220,74.3
11872,147.56
16833,31.63
24279,168.0
17885,121.91
11850,168.0
20163,88.29
25144,24.89
19783,11.15
8994,91.38
2865,96.49
5006,99.25
15900,133.51
3836,37.45
25598,61.14
14568,128.43
14800,113.61
19726,70.72
683,15.43
27287,48.03
16558,32.09
15756,22.46
25229,108.8
15286,152.42
18220,12.83
17698,2.92
15211,5.19
5383,53.9
17577,17.63
26743,42.75
16546,141.14
12655,89.9
9958,11.06
17787,27.93
17198,135.46
6978,29.86
9199,65.11
27790,16.0
11307,133.99
25401,63.92
6725,161.46
13349,56.82
12350,42.88
15050,80.6
6538,42.73
1383,41.27
13387,76.14
2441,25.07
20593,88.9
17956,168.0
24483,36.86
12989,19.73
8410,58.74
24481,22.83
22506,11.66
21516,168.0
20938,111.12
21034,36.76
22067,28.56
431,168.0
19966,36.17
15252,33.16
2751,70.04
4745,168.0
6149,22.98
10608,26.24
26958,120.33
1866,42.78
11686,98.03
5545,104.24
16207,88.16
451,48.21
21845,115.74
1606,57.04
26905,97.54
27237,129.15
21541,14.24
15492,121.89
25450,168.0
18688,87.11
11794,25.49
16827,154.66
12628,49.74
22897,168.0
9051,168.0
15657,87.68
6434,115.03
20211,40.2
12301,49.29
16505,56.21
10324,21.18
21836,89.98
14293,136.53
2081,43.38
26021,149.95
7922,70.07
24725,69.06
26752,112.6
18920,17.05
14807,19.47
9594,17.84
12351,36.72
21370,168.0
7525,84.25
5979,17.23
17504,45.68
20051,16.03
26000,39.6
16457,101.87
18699,24.7
7827,62.35
19113,49.3
25513,20.38
12477,22.59
15486,53.93
20582,141.63
23565,23.43
3509,33.88
8999,22.33
11037,79.84
11259,33.83
6857,39.77
17086,10.59
3,168.0
10496,34.76
1632,168.0
11740,87.22
6173,168.0
7721,52.67
15532,29.92
23362,168.0
14425,128.57
3393,52.01
466,67.49
8688,53.86
14681,105.2
25055,152.53
15499,131.15
24437,8.8
4338,168.0
9059,71.13
11495,27.06
26185,70.74
23121,6.52
8887,24.1
17108,40.26
8882,19.47
20707,168.0
16113,168.0
10572,2.57
5980,168.0
18756,158.22
15000,75.21
23675,52.52
14990,21.4
15099,49.64
12776,12.59
25448,168.0
19147,94.75
26783,34.56
11178,69.18
844,65.64
21408,7.45
18115,43.68
27661,30.28
10480,140.53
19879,13.96
3397,150.88
27521,67.41
1398,17.25
23456,31.96
7090,2.37
26409,66.93
8918,20.95
9880,34.78
8288,59.09
9128,4.31
10760,24.83
795,35.66
17797,76.53
20717,52.73
26082,129.06
27501,2.76
25227,61.95
8362,149.51
7753,72.42
27891,47.71
10980,28.25
6350,17.92
7534,46.29
8483,25.03
20062,5.64
23807,35.14
24297,168.0
9547,30.91
14910,168.0
11544,30.73
5780,168.0
16254,52.1
6919,168.0
8622,35.05
25809,9.13
24076,168.0
25746,31.76
22474,36.68
12396,45.26
19997,168.0
26116,29.5
21915,168.0
4610,49.63
23674,37.06
10615,46.59
12531,34.01
5460,112.08
23531,168.0
7763,168.0
4191,168.0
4932,11.85
21683,13.37
27982,50.93
14672,168.0
27799,92.77
3784,57.43
6620,26.93
26420,68.01
21629,103.51
24494,94.15
10219,121.08
27336,47.4
15460,168.0
24838,98.86
21751,38.69
2909,32.45
26421,42.3
17665,78.48
3416,14.35
22659,4.47
26818,52.22
5910,28.12
20053,27.52
7104,164.65
15656,27.34
19823,28.07
25661,43.13
6271,88.96
1788,100.05
27519,82.75
6492,125.02
1350,38.66
12767,93.4
7175,111.55
9571,164.38
20619,32.25
23182,116.29
5749,168.0
2361,34.45
1402,71.3
10063,152.49
15759,55.43
12893,98.68
27044,168.0
12606,28.87
15104,8.64
27123,108.63
7581,158.82
26086,46.54
21795,23.35
11607,55.57
5094,153.6
20014,102.44
21937,100.71
25345,67.26
21130,67.89
24343,129.67
27473,20.91
22234,49.74
20646,25.83
25685,168.0
1809,64.01
26209,42.15
17991,168.0
27128,26.3
18843,38.58
2442,46.23
13582,33.37
20572,168.0
9014,132.68
6494,65.13
26877,7.24
655,76.34
15631,7.31
18404,73.04
11318,24.67
322,97.39
23465,168.0
13424,38.44
26291,68.06
12933,1.65
8029,67.39
6648,94.48
10483,53.15
20434,73.75
369,150.3
15841,7.56
25361,18.29
6275,160.84
5466,127.18
7298,34.27
23201,130.93
1131,18.98
2265,56.59
373,43.39
4528,55.61
27797,89.71
7743,27.69
9248,11.82
21604,25.57
12736,112.61
25255,113.97
7828,73.1
2075,91.94
24930,107.46
15330,15.09
2916,74.3
23324,45.26
1418,65.05
12228,26.7
6879,24.21
11790,109.62
17437,11.1
23416,62.15
11852,6.37
18113,5.97
115,45.59
20727,30.52
10877,33.75
20826,37.25
16468,24.57
26821,168.0
27877,17.99
15951,73.56
24122,49.38
26618,144.92
18405,83.77
1554,71.9
22843,89.45
23975,138.51
14615,154.97
12101,12.53
88,35.87
5026,50.96
21479,166.24
12892,3.79
14103,80.48
3070,137.17
25093,168.0
23663,41.54
11428,168.0
21681,64.75
27569,107.81
17259,33.47
9152,168.0
776,168.0
5711,131.28
24223,9.93
939,2.23
18185,69.44
16119,84.17
5201,168.0
24062,2.25
10463,75.0
9565,145.79
4397,10.35
14353,13.77
30,46.79
11521,18.03
23820,59.22
14847,94.44
23627,126.72
23126,24.68
2174,34.56
22779,53.51
2984,168.0
2207,95.82
547,103.7
14752,29.22
25136,1.7
945,148.94
25073,25.8
23976,35.02
26961,71.64
11358,13.94
17441,168.0
27816,58.17
3352,79.26
5221,38.0
1680,78.96
25625,29.92
1557,88.41
16668,23.7
10939,163.5
18273,34.57
2698,63.88
4199,112.76
12983,18.74
12256,21.09
5507,22.83
17528,168.0
3732,80.07
7172,71.25
1719,123.38
9410,167.14
24908,30.97
19947,93.92
20444,57.51
21682,28.54
3113,88.29
25803,19.41
6535,9.01
16025,4.34
17012,94.21
21770,14.45
9489,168.0
11608,72.72
14344,16.28
14836,86.4
12332,33.95
14718,97.94
20796,1.05
6902,149.64
22152,1.86
3296,93.24
11817,38.94
23422,76.99
22729,13.8
22870,99.96
21334,168.0
563,44.64
18831,35.92
10507,168.0
7889,44.03
18857,61.75
1873,46.75
13442,42.6
27126,168.0
24010,40.79
24026,59.39
20741,8.08
11935,43.5
14458,52.3
11844,104.71
26966,144.33
25978,168.0
349,68.53
1687,19.28
17728,106.87
15820,153.88
688,70.5
27059,13.59
25887,53.54
12215,108.93
25468,11.23
25863,117.17
23301,13.69
7821,41.05
17925,13.13
13887,22.0
23346,100.37
2766,43.91
15683,49.27
2026,36.2
11052,14.57
1527,17.16
14152,115.39
11848,41.11
2703,49.05
24605,51.51
25253,168.0
16938,168.0
12643,62.69
25155,42.62
27312,164.6
7306,19.71
10829,43.62
5963,9.93
7107,106.91
9309,84.82
18980,60.39
17379,31.16
21256,62.37
14279,22.49
22940,90.42
4424,45.8
14355,63.0
23612,130.68
23448,52.69
26916,92.6
19640,76.99
15014,109.89
8714,46.09
4189,50.65
10212,168.0
19469,70.13
3739,47.26
24563,21.17
26306,74.76
19735,61.78
17411,128.41
6619,81.58
17613,12.45
10549,11.32
23489,128.58
5282,102.94
15118,86.33
15975,7.36
21236,168.0
2710,76.48
23405,103.99
16997,6.76
2684,168.0
1393,65.79
19076,73.59
2226,168.0
2534,67.11
18964,168.0
27595,32.95
10316,112.76
6145,168.0
11276,6.01
10989,5.84
907,8.12
11702,2.66
16887,93.9
26367,29.59
9485,17.11
3617,16.1
5601,105.42
5219,25.22
7325,155.27
15490,11.55
15306,19.98
19589,109.9
11165,73.23
18966,168.0
16540,62.05
2727,147.85
21340,62.2
7510,96.32
22648,50.96
4564,102.47
26876,107.88
24261,118.02
24115,45.5
2412,122.66
23517,22.29
20513,23.95
15661,60.22
3274,168.0
21997,151.41
2425,168.0
13238,56.88
25592,14.93
6245,140.2
19484,68.96
10193,54.59
21450,69.7
27412,48.82
18623,75.4
11152,35.0
21196,150.77
27469,147.79
20121,84.41
2873,19.62
15013,32.99
25877,31.64
3315,81.38
12781,168.0
606,33.66
6178,99.27
22324,168.0
25444,165.61
13723,54.9
12283,45.13
856,43.77
1926,49.25
13557,48.27
25161,29.39
17406,33.64
21071,93.47
10606,22.03
5414,31.13
14762,30.12
11955,15.5
44,44.9
2812,159.39
24957,70.89
12068,15.99
24734,55.27
10352,51.41
8828,102.33
23294,37.98
15607,168.0
25441,88.23
21137,88.97
11056,49.59
585,101.17
4978,42.63
8939,19.52
24854,52.24
11823,5.74
8318,126.34
8225,45.49
200,54.06
4563,45.18
23755,30.64
2051,15.41
26376,27.85
10092,31.82
14784,53.53
5437,15.01
4825,3.88
3533,6.74
24757,101.59
27506,49.98
2264,76.06
1232,77.62
15122,24.05
26737,156.83
8193,88.58
22605,54.85
13263,44.2
3926,12.55
2536,168.0
17408,69.67
13793,32.79
16637,168.0
16809,11.85
26056,0.5
21707,24.91
22946,13.04
14976,168.0
9898,97.05
8170,59.04
24381,29.47
13133,168.0
1065,130.08
17123,168.0
8161,29.11
14384,57.81
9254,168.0
18398,148.71
22286,168.0
25573,137.51
833,15.84
22441,134.95
19622,168.0
5050,35.73
13328,47.24
14281,20.1
20745,8.87
22176,56.99
15180,19.14
3073,119.79
21540,109.52
5937,29.48
4954,11.4
15513,13.34
8451,36.49
5001,161.8
13438,50.27
12276,55.06
4724,2.85
19698,50.74
11660,168.0
69,137.95
22327,68.46
1739,83.95
19254,9.3
21963,104.68
14960,38.44
13173,14.98
5844,58.75
227,27.51
16564,39.98
16783,89.85
21974,141.9
1864,37.68
23736,168.0
27798,149.59
20122,168.0
5191,168.0
10305,168.0
1812,155.24
383,168.0
25982,97.79
729,48.25
313,24.64
10933,17.0
12978,42.98
22827,139.6
26829,60.12
20554,167.77
5262,75.77
3059,82.3
15606,81.43
14532,65.58
16051,77.24
4044,168.0
7780,168.0
11285,87.53
19397,93.23
18530,23.52
22300,6.19
23817,31.22
19560,151.21
2897,57.18
10646,124.42
21557,168.0
725,41.06
4618,15.11
16076,19.89
7346,49.03
5553,115.86
15239,28.86
14205,140.7
13911,41.59
16565,91.46
15693,25.9
24033,31.11
5500,74.18
7916,107.81
14977,2.73
23202,9.08
13643,22.0
20137,168.0
19358,28.72
15760,18.53
11771,66.89
13609,20.95
8743,4.73
17255,22.5
7302,33.16
11409,129.31
25418,43.3
25646,21.84
8403,74.34
7484,58.26
14094,56.57
21794,74.22
2815,32.35
14815,168.0
19992,31.87
2782,134.93
6014,168.0
13583,59.49
2512,60.84
16074,61.2
18246,31.02
27910,81.37
12284,168.0
16401,5.81
7819,94.77
54,19.85
16899,89.83
20076,54.63
3463,30.93
14872,2.44
19317,40.58
2847,168.0
25080,105.61
21144,79.99
4032,36.56
20430,24.46
23763,112.56
19295,34.07
5070,168.0
27520,39.27
2859,168.0
17808,38.26
17329,138.2
898,81.64
27825,112.59
1722,23.44
23816,71.3
19213,79.18
15431,53.34
16839,2.22
11845,123.5
3737,123.45
23287,87.77
17034,51.31
16229,84.11
27382,41.71
5436,100.81
19588,133.81
15665,28.39
20373,47.41
23350,69.97
11846,72.34
6888,168.0
9116,61.06
15350,61.11
20730,43.46
17341,22.98
12687,11.07
10879,126.95
10257,20.25
8517,82.88
11327,115.49
26123,133.99
11862,55.4
12524,11.38
19387,91.54
7703,155.3
9952,138.76
17281,162.11
24648,78.95
13810,27.94
2095,151.71
19482,113.83
18181,20.06
11764,134.63
9948,64.07
2245,40.02
3938,85.67
1153,168.0
8295,53.22
1084,41.27
7840,5.86
9994,39.89
27027,164.16
17571,97.51
23166,23.0
27534,63.9
4489,3.86
8282,69.26
7209,5.94
11809,70.81
5076,168.0
20409,112.21
27106,161.72
20897,58.09
4305,128.94
18169,77.17
1880,168.0
15878,49.71
23054,78.98
11976,41.68
3921,77.61
2998,92.0
2707,11.83
21140,142.07
22781,21.19
25576,38.68
16985,13.34
4966,62.02
22064,60.51
4547,78.94
18217,17.33
19957,14.06
13170,91.57
8629,168.0
3302,3.66
13555,42.03
27970,6.94
23199,168.0
3974,99.68
12293,154.14
1328,89.15
10801,19.84
19666,34.56
1318,137.49
1775,35.51
5673,20.05
8223,57.52
7731,168.0
24823,168.0
11206,24.65
26945,162.31
3877,73.82
15427,48.61
2001,144.96
16501,33.86
311,151.53
16206,4.05
57,21.38
1631,103.25
11451,98.72
18289,16.14
22024,25.45
1534,113.37
25372,85.56
14974,108.51
19476,168.0
15301,67.27
25343,11.26
23608,48.39
1280,59.01
13868,48.17
25754,51.02
8023,17.94
5165,56.59
20369,9.79
19943,168.0
12250,94.39
16739,153.99
10321,76.81
4286,56.34
884,115.57
15744,167.72
24963,69.65
24292,71.72
26496,68.34
4418,45.72
25927,33.04
4226,108.51
1862,100.57
4836,168.0
17811,96.42
11251,150.26
22033,55.08
17775,55.85
2838,43.12
735,166.56
20413,73.39
11876,168.0
9857,8.98
14399,45.26
9144,107.99
8203,102.38
22718,90.13
8862,168.0
24019,101.37
17497,15.83
12624,53.71
5013,20.17
14517,107.75
2645,89.24
16178,36.56
22878,37.32
8618,57.94
3248,36.66
16419,63.57
2736,131.19
4388,144.17
20578,35.73
13988,168.0
10016,6.2
9668,69.55
19291,132.15
1188,140.71
27763,62.26
16771,38.39
2582,168.0
21411,37.5
26555,90.68
15550,42.98
17342,168.0
21207,6.27
7388,47.18
4847,74.67
3930,104.46
27679,97.48
6111,99.19
15518,56.53
8426,30.36
15363,78.35
25052,165.23
20744,24.51
12281,50.93
17753,80.61
14148,93.78
26169,30.51
11827,62.55
8240,30.43
6133,106.91
6939,5.47
24496,86.13
16275,61.14
23623,125.56
21701,26.3
14173,11.54
16239,168.0
6628,15.4
11105,36.61
14077,65.2
1356,61.38
25266,105.44
23494,22.97
4973,83.14
2252,4.44
26142,41.98
2789,2.76
