item_id,consensus_label
0,0
1,5
2,5
3,4
4,5
5,4
6,3
7,4
8,3
9,1
10,3
11,0
12,3
13,3
14,0
15,4
16,5
17,2
18,4
19,2
20,2
21,2
22,5
23,2
24,2
25,2
26,5
27,3
28,3
29,4
30,5
31,0
32,5
33,2
34,1
35,1
36,2
37,2
38,0
39,3
40,5
41,4
42,5
43,3
44,3
45,2
46,0
47,2
48,3
49,3
50,2
51,4
52,4
53,2
54,2
55,4
56,0
57,5
58,3
59,4
60,0
61,3
62,5
63,4
64,5
65,5
66,2
67,0
68,0
69,4
70,2
71,3
72,2
73,4
74,3
75,3
76,1
77,0
78,4
79,1
80,0
81,2
82,4
83,4
84,5
85,2
86,5
87,1
88,0
89,2
90,2
91,3
92,5
93,0
94,0
95,5
96,4
97,5
98,3
99,4
100,2
101,3
102,1
103,3
104,4
105,3
106,3
107,4
108,4
109,2
110,0
111,0
112,4
113,0
114,2
115,2
116,5
117,0
118,4
119,3
120,4
121,3
122,4
123,3
124,3
125,5
126,2
127,3
128,5
129,2
130,5
131,3
132,5
133,3
134,5
135,4
136,1
137,4
138,2
139,4
140,3
141,0
142,3
143,3
144,2
145,5
146,5
147,4
148,2
149,1
150,3
151,5
152,5
153,4
154,3
155,4
156,1
157,1
158,2
159,2
160,3
161,3
162,4
163,3
164,4
165,4
166,4
167,3
168,1
169,2
170,4
171,3
172,4
173,3
174,3
175,4
176,4
177,4
178,2
179,5
180,4
181,4
182,4
183,1
184,4
185,3
186,3
187,3
188,4
189,3
190,4
191,3
192,3
193,5
194,2
195,4
196,4
197,1
198,2
199,4
200,3
201,2
202,3
203,3
204,5
205,3
206,5
207,4
208,4
209,3
210,1
211,1
212,5
213,1
214,5
215,4
216,0
217,4
218,5
219,3
220,3
221,3
222,4
223,5
224,4
225,3
226,4
227,0
228,2
229,2
230,4
231,3
232,4
233,4
234,3
235,5
236,3
237,5
238,4
239,4
240,4
241,4
242,2
243,5
244,4
245,2
246,3
247,4
248,2
249,0
250,2
251,3
252,4
253,1
254,3
255,1
256,4
257,3
258,4
259,1
260,5
261,4
262,4
263,4
264,1
265,1
266,4
267,3
268,3
269,0
270,4
271,4
272,5
273,2
274,3
275,5
276,4
277,4
278,5
279,3
280,3
281,3
282,1
283,3
284,2
285,3
286,2
287,0
288,5
289,5
290,2
291,2
292,3
293,2
294,3
295,4
296,3
297,4
298,2
299,4
300,4
301,5
302,2
303,4
304,3
305,4
306,2
307,3
308,1
309,3
310,3
311,2
312,3
313,4
314,2
315,5
316,3
317,2
318,2
319,4
320,5
321,4
322,3
323,4
324,3
325,3
326,5
327,4
328,3
329,4
330,4
331,2
332,1
333,3
334,5
335,4
336,3
337,3
338,0
339,3
340,4
341,3
342,5
343,5
344,2
345,1
346,3
347,3
348,0
349,4
350,4
351,3
352,3
353,3
354,3
355,3
356,4
357,4
358,4
359,3
360,5
361,3
362,4
363,0
364,3
365,1
366,2
367,3
368,4
369,3
370,4
371,4
372,4
373,4
374,2
375,2
376,4
377,3
378,2
379,5
380,4
381,4
382,2
383,4
384,3
385,2
386,3
387,4
388,5
389,4
390,5
391,1
392,4
393,0
394,2
395,1
396,3
397,3
398,5
399,3
400,1
401,3
402,2
403,3
404,0
405,2
406,2
407,1
408,3
409,4
410,3
411,3
412,4
413,4
414,5
415,4
416,3
417,4
418,4
419,3
420,3
421,1
422,3
423,0
424,4
425,0
426,0
427,5
428,5
429,5
430,4
431,2
432,5
433,4
434,0
435,3
436,3
437,3
438,2
439,4
440,1
441,5
442,2
443,5
444,4
445,4
446,2
447,3
448,5
449,2
450,3
451,4
452,2
453,4
454,2
455,5
456,2
457,3
458,1
459,2
460,4
461,4
462,1
463,1
464,4
465,4
466,3
467,4
468,0
469,4
470,4
471,3
472,5
473,5
474,0
475,4
476,4
477,4
478,5
479,4
480,3
481,4
482,5
483,4
484,4
485,0
486,2
487,1
488,4
489,0
490,4
491,1
492,2
493,4
494,5
495,5
496,3
497,1
498,3
499,3
500,3
501,3
502,4
503,3
504,1
505,0
506,1
507,3
508,5
509,0
510,4
511,4
512,4
513,5
514,2
515,4
516,4
517,4
518,0
519,2
520,4
521,5
522,1
523,4
524,3
525,5
526,2
527,2
528,2
529,2
530,3
531,4
532,2
533,3
534,4
535,4
536,3
537,1
538,4
539,3
540,3
541,2
542,4
543,4
544,2
545,3
546,2
547,5
548,3
549,2
550,0
551,5
552,1
553,2
554,3
555,3
556,0
557,2
558,5
559,5
560,2
561,2
562,4
563,2
564,2
565,3
566,2
567,5
568,3
569,1
570,3
571,3
572,3
573,3
574,5
575,1
576,4
577,2
578,4
579,4
580,4
581,3
582,0
583,5
584,5
585,3
586,3
587,2
588,1
589,5
590,5
591,3
592,3
593,4
594,5
595,5
596,1
597,5
598,5
599,2
600,4
601,3
602,5
603,3
604,2
605,3
606,4
607,4
608,3
609,2
610,0
611,3
612,3
613,2
614,3
615,4
616,1
617,3
618,4
619,5
620,5
621,2
622,4
623,3
624,5
625,1
626,2
627,3
628,2
629,5
630,3
631,4
632,4
633,2
634,5
635,3
636,5
637,3
638,3
639,5
640,1
641,2
642,5
643,2
644,5
645,5
646,3
647,1
648,4
649,5
650,3
651,3
652,5
653,5
654,3
655,4
656,4
657,2
658,1
659,1
660,4
661,5
662,1
663,5
664,1
665,1
666,2
667,2
668,3
669,4
670,2
671,2
672,5
673,5
674,5
675,1
676,4
677,2
678,5
679,4
680,4
681,5
682,2
683,5
684,4
685,4
686,1
687,3
688,4
689,3
690,3
691,4
692,2
693,3
694,4
695,1
696,1
697,1
698,5
699,5
700,4
701,2
702,5
703,5
704,3
705,5
706,2
707,2
708,3
709,2
710,2
711,4
712,4
713,5
714,4
715,4
716,3
717,3
718,4
719,3
720,2
721,5
722,3
723,0
724,4
725,3
726,5
727,4
728,2
729,3
730,2
731,2
732,4
733,3
734,2
735,4
736,3
737,2
738,5
739,1
740,1
741,3
742,3
743,1
744,2
745,1
746,5
747,5
748,0
749,3
750,0
751,5
752,3
753,0
754,0
755,2
756,4
757,2
758,5
759,0
760,3
761,4
762,5
763,3
764,4
765,3
766,1
767,4
768,0
769,3
770,3
771,1
772,5
773,5
774,4
775,3
776,5
777,4
778,3
779,3
780,3
781,3
782,1
783,2
784,4
785,1
786,4
787,2
788,5
789,4
790,0
791,1
792,3
793,3
794,5
795,5
796,2
797,5
798,1
799,4
800,4
801,3
802,2
803,1
804,3
805,5
806,5
807,4
808,0
809,4
810,2
811,4
812,4
813,4
814,4
815,3
816,4
817,4
818,4
819,3
820,0
821,1
822,4
823,0
824,5
825,3
826,3
827,5
828,4
829,3
830,0
831,5
832,4
833,5
834,2
835,3
836,4
837,4
838,3
839,5
840,5
841,3
842,2
843,4
844,2
845,1
846,2
847,2
848,3
849,2
850,2
851,4
852,2
853,3
854,3
855,2
856,1
857,3
858,5
859,0
860,3
861,5
862,5
863,1
864,2
865,5
866,3
867,4
868,3
869,3
870,4
871,0
872,4
873,3
874,4
875,4
876,2
877,0
878,2
879,4
880,3
881,4
882,5
883,3
884,0
885,4
886,4
887,5
888,5
889,4
890,4
891,5
892,5
893,3
894,5
895,3
896,4
897,2
898,1
899,2
900,2
901,0
902,2
903,3
904,3
905,2
906,5
907,2
908,3
909,3
910,1
911,2
912,3
913,2
914,3
915,3
916,3
917,4
918,3
919,4
920,2
921,3
922,3
923,5
924,3
925,4
926,4
927,3
928,2
929,2
930,0
931,3
932,3
933,3
934,2
935,5
936,1
937,0
938,3
939,4
940,3
941,5
942,2
943,3
944,3
945,4
946,3
947,3
948,3
949,4
950,4
951,5
952,3
953,4
954,2
955,3
956,3
957,0
958,2
959,3
960,3
961,2
962,0
963,3
964,1
965,5
966,3
967,0
968,2
969,3
970,3
971,5
972,5
973,3
974,3
975,2
976,3
977,4
978,2
979,4
980,1
981,3
982,0
983,4
984,4
985,5
986,3
987,4
988,3
989,4
990,3
991,1
992,3
993,2
994,5
995,4
996,4
997,3
998,4
999,4
1000,2
1001,5
1002,4
1003,3
1004,3
1005,3
1006,2
1007,2
1008,3
1009,3
1010,2
1011,4
1012,2
1013,0
1014,1
1015,1
1016,0
1017,3
1018,1
1019,1
1020,5
1021,3
1022,3
1023,0
1024,4
1025,2
1026,4
1027,5
1028,4
1029,5
1030,5
1031,4
1032,2
1033,2
1034,1
1035,3
1036,1
1037,5
1038,5
1039,5
1040,4
1041,5
1042,3
1043,1
1044,5
1045,4
1046,0
1047,4
1048,3
1049,5
1050,2
1051,2
1052,4
1053,5
1054,3
1055,2
1056,3
1057,4
1058,3
1059,5
1060,2
1061,2
1062,5
1063,3
1064,3
1065,4
1066,2
1067,2
1068,4
1069,1
1070,4
1071,2
1072,2
1073,1
1074,5
1075,1
1076,1
1077,1
1078,0
1079,3
1080,2
1081,2
1082,3
1083,5
1084,3
1085,4
1086,3
1087,5
1088,3
1089,2
1090,1
1091,0
1092,1
1093,4
1094,5
1095,2
1096,5
1097,4
1098,2
1099,3
1100,3
1101,5
1102,4
1103,0
1104,3
1105,2
1106,2
1107,3
1108,5
1109,5
1110,2
1111,4
1112,5
1113,0
1114,5
1115,4
1116,3
1117,4
1118,0
1119,3
1120,4
1121,5
1122,5
1123,0
1124,3
1125,1
1126,1
1127,3
1128,5
1129,2
1130,0
1131,3
1132,2
1133,3
1134,5
1135,5
1136,4
1137,2
1138,3
1139,4
1140,3
1141,4
1142,2
1143,1
1144,0
1145,3
1146,2
1147,3
1148,3
1149,5
1150,3
1151,3
1152,3
1153,3
1154,2
1155,5
1156,5
1157,4
1158,1
1159,4
1160,1
1161,5
1162,1
1163,0
1164,2
1165,1
1166,0
1167,4
1168,2
1169,3
1170,5
1171,3
1172,2
1173,2
1174,0
1175,3
1176,5
1177,1
1178,2
1179,3
1180,3
1181,1
1182,5
1183,4
1184,0
1185,1
1186,5
1187,4
1188,3
1189,5
1190,4
1191,2
1192,3
1193,5
1194,5
1195,4
1196,3
1197,5
1198,4
1199,5
1200,0
1201,4
1202,1
1203,2
1204,5
1205,0
1206,3
1207,2
1208,4
1209,4
1210,3
1211,5
1212,3
1213,2
1214,4
1215,3
1216,5
1217,2
1218,3
1219,4
1220,3
1221,1
1222,3
1223,3
1224,2
1225,4
1226,3
1227,2
1228,3
1229,1
1230,3
1231,4
1232,1
1233,3
1234,5
1235,4
1236,1
1237,2
1238,3
1239,4
1240,1
1241,2
1242,0
1243,4
1244,0
1245,4
1246,3
1247,1
1248,3
1249,2
1250,4
1251,2
1252,2
1253,3
1254,5
1255,5
1256,5
1257,4
1258,4
1259,1
1260,3
1261,5
1262,4
1263,4
1264,2
1265,2
1266,4
1267,4
1268,4
1269,3
1270,0
1271,4
1272,1
1273,5
1274,2
1275,2
1276,3
1277,4
1278,4
1279,4
1280,3
1281,3
1282,3
1283,3
1284,4
1285,4
1286,4
1287,5
1288,0
1289,3
1290,5
1291,2
1292,3
1293,4
1294,3
1295,2
1296,0
1297,1
1298,5
1299,2
1300,4
1301,2
1302,4
1303,4
1304,5
1305,3
1306,4
1307,2
1308,0
1309,4
1310,3
1311,4
1312,4
1313,2
1314,4
1315,4
1316,5
1317,0
1318,3
1319,1
1320,0
1321,4
1322,4
1323,2
1324,1
1325,4
1326,2
1327,1
1328,1
1329,0
1330,3
1331,2
1332,3
1333,5
1334,4
1335,5
1336,4
1337,1
1338,4
1339,2
1340,5
1341,4
1342,5
1343,4
1344,3
1345,4
1346,2
1347,2
1348,3
1349,5
1350,4
1351,4
1352,5
1353,4
1354,4
1355,2
1356,3
1357,4
1358,4
1359,2
1360,3
1361,3
1362,2
1363,1
1364,1
1365,3
1366,5
1367,2
1368,5
1369,4
1370,3
1371,4
1372,4
1373,4
1374,4
1375,4
1376,0
1377,3
1378,3
1379,3
1380,1
1381,3
1382,3
1383,4
1384,0
1385,0
1386,1
1387,5
1388,3
1389,3
1390,2
1391,0
1392,0
1393,5
1394,2
1395,2
1396,2
1397,1
1398,2
1399,1
1400,2
1401,3
1402,4
1403,5
1404,1
1405,3
1406,2
1407,5
1408,3
1409,5
1410,5
1411,1
1412,5
1413,5
1414,5
1415,5
1416,1
1417,1
1418,2
1419,3
1420,3
1421,3
1422,5
1423,2
1424,3
1425,1
1426,1
1427,4
1428,2
1429,4
1430,2
1431,5
1432,4
1433,3
1434,4
1435,2
1436,3
1437,3
1438,4
1439,2
1440,0
1441,0
1442,4
1443,5
1444,4
1445,4
1446,2
1447,0
1448,4
1449,2
1450,4
1451,2
1452,1
1453,4
1454,4
1455,2
1456,5
1457,1
1458,0
1459,4
1460,2
1461,4
1462,5
1463,3
1464,4
1465,3
1466,4
1467,3
1468,2
1469,2
1470,5
1471,3
1472,2
1473,3
1474,2
1475,0
1476,1
1477,5
1478,1
1479,2
1480,4
1481,4
1482,3
1483,4
1484,3
1485,5
1486,4
1487,4
1488,3
1489,2
1490,5
1491,5
1492,0
1493,4
1494,4
1495,3
1496,2
1497,3
1498,3
1499,2
1500,3
1501,0
1502,5
1503,4
1504,4
1505,5
1506,5
1507,4
1508,4
1509,4
1510,3
1511,5
1512,2
1513,4
1514,2
1515,2
1516,2
1517,4
1518,3
1519,3
1520,2
1521,5
1522,3
1523,4
1524,3
1525,1
1526,5
1527,5
1528,0
1529,2
1530,3
1531,4
1532,3
1533,0
1534,1
1535,1
1536,4
1537,3
1538,4
1539,5
1540,4
1541,5
1542,3
1543,5
1544,3
1545,0
1546,1
1547,5
1548,3
1549,5
1550,2
1551,2
1552,5
1553,1
1554,3
1555,2
1556,5
1557,3
1558,4
1559,4
1560,4
1561,2
1562,3
1563,5
1564,3
1565,3
1566,3
1567,1
1568,0
1569,5
1570,5
1571,2
1572,5
1573,4
1574,4
1575,1
1576,0
1577,2
1578,4
1579,3
1580,4
1581,5
1582,1
1583,4
1584,0
1585,5
1586,5
1587,4
1588,4
1589,3
1590,4
1591,3
1592,1
1593,1
1594,2
1595,4
1596,5
1597,0
1598,4
1599,3
1600,3
1601,4
1602,0
1603,5
1604,3
1605,4
1606,3
1607,4
1608,1
1609,2
1610,2
1611,5
1612,3
1613,3
1614,5
1615,5
1616,3
1617,1
1618,5
1619,3
1620,3
1621,1
1622,1
1623,3
1624,4
1625,4
1626,3
1627,4
1628,5
1629,3
1630,4
1631,1
1632,1
1633,5
1634,5
1635,1
1636,3
1637,0
1638,2
1639,3
1640,2
1641,5
1642,5
1643,3
1644,0
1645,4
1646,3
1647,4
1648,2
1649,1
1650,3
1651,3
1652,5
1653,0
1654,1
1655,3
1656,5
1657,4
1658,0
1659,2
1660,2
1661,2
1662,4
1663,1
1664,2
1665,0
1666,3
1667,5
1668,0
1669,4
1670,5
1671,4
1672,4
1673,4
1674,0
1675,3
1676,3
1677,1
1678,2
1679,3
1680,2
1681,3
1682,3
1683,3
1684,4
1685,3
1686,4
1687,5
1688,0
1689,2
1690,2
1691,3
1692,1
1693,1
1694,5
1695,3
1696,0
1697,5
1698,2
1699,0
1700,1
1701,1
1702,3
1703,4
1704,3
1705,1
1706,3
1707,3
1708,3
1709,5
1710,5
1711,2
1712,0
1713,3
1714,5
1715,3
1716,5
1717,2
1718,3
1719,2
1720,1
1721,0
1722,3
1723,4
1724,3
1725,3
1726,5
1727,2
1728,2
1729,3
1730,4
1731,3
1732,4
1733,1
1734,4
1735,2
1736,3
1737,4
1738,4
1739,3
1740,3
1741,2
1742,3
1743,3
1744,4
1745,0
1746,2
1747,3
1748,5
1749,5
1750,0
1751,5
1752,3
1753,2
1754,1
1755,5
1756,3
1757,3
1758,2
1759,5
1760,4
1761,3
1762,2
1763,3
1764,3
1765,5
1766,5
1767,1
1768,3
1769,3
1770,0
1771,4
1772,0
1773,3
1774,5
1775,4
1776,1
1777,5
1778,4
1779,4
1780,3
1781,5
1782,5
1783,1
1784,4
1785,3
1786,4
1787,5
1788,1
1789,1
1790,4
1791,5
1792,2
1793,1
1794,3
1795,0
1796,5
1797,3
1798,2
1799,2
1800,4
1801,1
1802,4
1803,4
1804,0
1805,4
1806,5
1807,4
1808,5
1809,4
1810,4
1811,3
1812,4
1813,4
1814,3
1815,5
1816,5
1817,3
1818,1
1819,4
1820,1
1821,2
1822,3
1823,2
1824,5
1825,2
1826,2
1827,5
1828,4
1829,3
1830,2
1831,5
1832,4
1833,2
1834,0
1835,1
1836,2
1837,3
1838,5
1839,0
1840,2
1841,2
1842,3
1843,2
1844,1
1845,2
1846,3
1847,5
1848,3
1849,1
1850,3
1851,4
1852,3
1853,5
1854,2
1855,3
1856,0
1857,1
1858,1
1859,5
1860,4
1861,2
1862,5
1863,3
1864,3
1865,1
1866,5
1867,3
1868,5
1869,3
1870,3
1871,2
1872,2
1873,4
1874,5
1875,4
1876,1
1877,1
1878,3
1879,5
1880,4
1881,3
1882,4
1883,2
1884,2
1885,3
1886,5
1887,4
1888,3
1889,2
1890,2
1891,3
1892,3
1893,4
1894,4
1895,5
1896,5
1897,3
1898,0
1899,4
1900,1
1901,4
1902,4
1903,3
1904,3
1905,2
1906,3
1907,0
1908,4
1909,3
1910,2
1911,3
1912,4
1913,4
1914,3
1915,2
1916,5
1917,3
1918,4
1919,3
1920,0
1921,2
1922,5
1923,4
1924,3
1925,4
1926,0
1927,3
1928,4
1929,2
1930,0
1931,2
1932,0
1933,3
1934,3
1935,4
1936,5
1937,0
1938,5
1939,2
1940,3
1941,2
1942,5
1943,1
1944,2
1945,3
1946,5
1947,3
1948,0
1949,3
1950,5
1951,0
1952,3
1953,3
1954,0
1955,3
1956,5
1957,1
1958,5
1959,1
1960,4
1961,3
1962,0
1963,2
1964,3
1965,4
1966,4
1967,2
1968,4
1969,2
1970,1
1971,2
1972,3
1973,4
1974,1
1975,1
1976,3
1977,1
1978,1
1979,5
1980,5
1981,5
1982,4
1983,3
1984,2
1985,3
1986,4
1987,3
1988,1
1989,2
1990,4
1991,5
1992,3
1993,3
1994,0
1995,2
1996,5
1997,5
1998,5
1999,1
2000,5
2001,2
2002,3
2003,5
2004,4
2005,4
2006,4
2007,3
2008,2
2009,3
2010,2
2011,3
2012,1
2013,4
2014,2
2015,2
2016,2
2017,4
2018,3
2019,3
2020,2
2021,4
2022,1
2023,4
2024,5
2025,5
2026,5
2027,0
2028,1
2029,4
2030,0
2031,5
2032,2
2033,4
2034,3
2035,2
2036,3
2037,2
2038,1
2039,5
2040,5
2041,5
2042,2
2043,3
2044,4
2045,3
2046,4
2047,1
2048,3
2049,0
2050,2
2051,2
2052,5
2053,3
2054,3
2055,4
2056,5
2057,2
2058,5
2059,2
2060,4
2061,1
2062,0
2063,4
2064,3
2065,0
2066,3
2067,0
2068,2
2069,3
2070,4
2071,2
2072,2
2073,0
2074,5
2075,0
2076,4
2077,4
2078,2
2079,2
2080,5
2081,3
2082,0
2083,3
2084,3
2085,3
2086,2
2087,4
2088,5
2089,4
2090,5
2091,4
2092,5
2093,4
2094,4
2095,5
2096,3
2097,5
2098,2
2099,3
2100,4
2101,4
2102,0
2103,1
2104,5
2105,2
2106,3
2107,4
2108,5
2109,5
2110,2
2111,3
2112,5
2113,2
2114,5
2115,4
2116,4
2117,4
2118,2
2119,4
2120,4
2121,2
2122,4
2123,3
2124,3
2125,1
2126,1
2127,2
2128,5
2129,5
2130,4
2131,3
2132,0
2133,2
2134,5
2135,2
2136,3
2137,4
2138,4
2139,1
2140,5
2141,2
2142,4
2143,5
2144,3
2145,3
2146,5
2147,0
2148,4
2149,5
2150,2
2151,2
2152,2
2153,4
2154,4
2155,5
2156,2
2157,3
2158,3
2159,4
2160,3
2161,3
2162,3
2163,4
2164,3
2165,3
2166,2
2167,3
2168,3
2169,4
2170,2
2171,3
2172,4
2173,4
2174,2
2175,2
2176,3
2177,4
2178,2
2179,5
2180,4
2181,4
2182,1
2183,3
2184,4
2185,3
2186,1
2187,1
2188,1
2189,4
2190,3
2191,3
2192,3
2193,3
2194,4
2195,3
2196,3
2197,2
2198,3
2199,2
2200,4
2201,5
2202,2
2203,0
2204,3
2205,3
2206,5
2207,4
2208,0
2209,2
2210,3
2211,2
2212,0
2213,2
2214,2
2215,4
2216,3
2217,5
2218,2
2219,0
2220,1
2221,5
2222,5
2223,2
2224,3
2225,1
2226,3
2227,0
2228,0
2229,5
2230,4
2231,5
2232,3
2233,2
2234,4
2235,5
2236,3
2237,5
2238,2
2239,1
2240,3
2241,3
2242,4
2243,4
2244,5
2245,2
2246,0
2247,5
2248,0
2249,2
2250,3
2251,4
2252,4
2253,4
2254,3
2255,5
2256,4
2257,0
2258,5
2259,3
2260,2
2261,4
2262,0
2263,5
2264,2
2265,5
2266,1
2267,2
2268,3
2269,3
2270,4
2271,5
2272,4
2273,4
2274,5
2275,2
2276,3
2277,3
2278,3
2279,3
2280,3
2281,4
2282,2
2283,2
2284,3
2285,4
2286,0
2287,3
2288,1
2289,5
2290,5
2291,4
2292,3
2293,0
2294,2
2295,5
2296,4
2297,2
2298,2
2299,3
2300,3
2301,4
2302,1
2303,3
2304,2
2305,3
2306,3
2307,2
2308,2
2309,1
2310,3
2311,3
2312,5
2313,0
2314,3
2315,5
2316,2
2317,4
2318,2
2319,5
2320,4
2321,2
2322,4
2323,4
2324,1
2325,0
2326,0
2327,2
2328,3
2329,3
2330,5
2331,4
2332,3
2333,1
2334,3
2335,4
2336,3
2337,5
2338,1
2339,3
2340,3
2341,3
2342,4
2343,2
2344,5
2345,4
2346,3
2347,1
2348,3
2349,2
2350,2
2351,4
2352,3
2353,2
2354,4
2355,3
2356,4
2357,1
2358,5
2359,5
2360,4
2361,3
2362,2
2363,5
2364,1
2365,3
2366,2
2367,2
2368,3
2369,3
2370,4
2371,4
2372,0
2373,4
2374,4
2375,3
2376,3
2377,5
2378,4
2379,3
2380,3
2381,3
2382,1
2383,2
2384,0
2385,0
2386,3
2387,4
2388,3
2389,1
2390,4
2391,1
2392,3
2393,3
2394,2
2395,4
2396,4
2397,5
2398,2
2399,5
2400,5
2401,0
2402,4
2403,2
2404,3
2405,0
2406,3
2407,2
2408,4
2409,4
2410,4
2411,5
2412,3
2413,3
2414,3
2415,4
2416,0
2417,2
2418,3
2419,3
2420,3
2421,5
2422,1
2423,2
2424,2
2425,2
2426,2
2427,3
2428,4
2429,1
2430,5
2431,4
2432,2
2433,5
2434,4
2435,0
2436,0
2437,0
2438,2
2439,2
2440,2
2441,4
2442,5
2443,3
2444,5
2445,4
2446,4
2447,3
2448,3
2449,2
2450,3
2451,4
2452,3
2453,4
2454,4
2455,4
2456,5
2457,0
2458,4
2459,2
2460,2
2461,2
2462,3
2463,4
2464,5
2465,2
2466,3
2467,4
2468,4
2469,4
2470,3
2471,4
2472,5
2473,3
2474,3
2475,4
2476,3
2477,2
2478,2
2479,5
2480,5
2481,2
2482,5
2483,4
2484,0
2485,5
2486,4
2487,5
2488,5
2489,0
2490,5
2491,5
2492,1
2493,5
2494,5
2495,3
2496,2
2497,4
2498,4
2499,4
2500,4
2501,4
2502,3
2503,5
2504,0
2505,2
2506,4
2507,4
2508,5
2509,3
2510,1
2511,0
2512,4
2513,4
2514,2
2515,4
2516,4
2517,5
2518,3
2519,0
2520,0
2521,0
2522,3
2523,2
2524,0
2525,4
2526,5
2527,3
2528,4
2529,2
2530,3
2531,0
2532,3
2533,5
2534,4
2535,3
2536,0
2537,5
2538,4
2539,5
2540,1
2541,4
2542,3
2543,3
2544,2
2545,2
2546,5
2547,4
2548,0
2549,3
2550,3
2551,3
2552,2
2553,2
2554,1
2555,3
2556,0
2557,4
2558,4
2559,4
2560,1
2561,3
2562,5
2563,2
2564,2
2565,2
2566,3
2567,3
2568,3
2569,4
2570,3
2571,3
2572,5
2573,1
2574,3
2575,4
2576,3
2577,2
2578,1
2579,0
2580,3
2581,1
2582,5
2583,5
2584,3
2585,2
2586,1
2587,4
2588,1
2589,3
2590,4
2591,3
2592,3
2593,4
2594,4
2595,4
2596,3
2597,5
2598,2
2599,5
2600,5
2601,2
2602,2
2603,3
2604,5
2605,5
2606,2
2607,4
2608,2
2609,4
2610,3
2611,0
2612,5
2613,4
2614,3
2615,1
2616,4
2617,4
2618,0
2619,5
2620,2
2621,1
2622,4
2623,3
2624,2
2625,5
2626,3
2627,4
2628,0
2629,3
2630,2
2631,5
2632,4
2633,4
2634,1
2635,2
2636,0
2637,3
2638,5
2639,3
2640,4
2641,5
2642,0
2643,2
2644,2
2645,2
2646,1
2647,4
2648,2
2649,4
2650,4
2651,2
2652,1
2653,1
2654,1
2655,0
2656,4
2657,4
2658,5
2659,0
2660,3
2661,3
2662,3
2663,4
2664,4
2665,4
2666,5
2667,2
2668,4
2669,3
2670,1
2671,3
2672,3
2673,5
2674,4
2675,4
2676,3
2677,1
2678,0
2679,0
2680,5
2681,5
2682,4
2683,3
2684,3
2685,3
2686,5
2687,3
2688,4
2689,3
2690,3
2691,4
2692,5
2693,1
2694,4
2695,5
2696,1
2697,4
2698,3
2699,2
2700,3
2701,4
2702,5
2703,5
2704,4
2705,1
2706,3
2707,0
2708,3
2709,3
2710,1
2711,4
2712,4
2713,3
2714,3
2715,2
2716,3
2717,5
2718,0
2719,3
2720,5
2721,4
2722,2
2723,4
2724,3
2725,3
2726,5
2727,5
2728,0
2729,5
2730,5
2731,5
2732,2
2733,3
2734,1
2735,3
2736,4
2737,2
2738,3
2739,3
2740,3
2741,3
2742,4
2743,4
2744,3
2745,4
2746,5
2747,4
2748,2
2749,5
2750,2
2751,1
2752,1
2753,2
2754,3
2755,4
2756,0
2757,4
2758,4
2759,0
2760,1
2761,1
2762,0
2763,0
2764,5
2765,0
2766,4
2767,1
2768,4
2769,1
2770,0
2771,1
2772,2
2773,5
2774,3
2775,4
2776,4
2777,5
2778,1
2779,2
2780,4
2781,3
2782,4
2783,1
2784,3
2785,2
2786,3
2787,4
2788,5
2789,1
2790,3
2791,2
2792,4
2793,1
2794,1
2795,0
2796,5
2797,3
2798,4
2799,2
2800,3
2801,5
2802,4
2803,5
2804,2
2805,0
2806,3
2807,3
2808,5
2809,2
2810,2
2811,4
2812,4
2813,3
2814,2
2815,3
2816,1
2817,1
2818,3
2819,2
2820,2
2821,1
2822,5
2823,4
2824,4
2825,3
2826,5
2827,3
2828,5
2829,1
2830,4
2831,1
2832,4
2833,5
2834,4
2835,3
2836,2
2837,2
2838,4
2839,0
2840,3
2841,2
2842,3
2843,2
2844,4
2845,4
2846,3
2847,5
2848,3
2849,5
2850,3
2851,3
2852,4
2853,5
2854,4
2855,5
2856,5
2857,1
2858,2
2859,3
2860,2
2861,5
2862,4
2863,1
2864,4
2865,1
2866,3
2867,5
2868,0
2869,5
2870,4
2871,5
2872,2
2873,1
2874,5
2875,1
2876,4
2877,3
2878,5
2879,3
2880,2
2881,2
2882,5
2883,3
2884,3
2885,2
2886,5
2887,4
2888,5
2889,2
2890,4
2891,3
2892,4
2893,5
2894,4
2895,3
2896,5
2897,3
2898,4
2899,3
2900,3
2901,4
2902,2
2903,4
2904,3
2905,1
2906,5
2907,4
2908,5
2909,3
2910,5
2911,2
2912,3
2913,1
2914,3
2915,5
2916,1
2917,3
2918,4
2919,0
2920,4
2921,3
2922,5
2923,4
2924,4
2925,4
2926,3
2927,2
2928,0
2929,5
2930,0
2931,5
2932,0
2933,2
2934,2
2935,1
2936,3
2937,5
2938,3
2939,4
2940,2
2941,5
2942,3
2943,4
2944,2
2945,4
2946,5
2947,2
2948,3
2949,4
2950,4
2951,1
2952,3
2953,4
2954,4
2955,2
2956,1
2957,2
2958,2
2959,2
2960,3
2961,5
2962,4
2963,1
2964,5
2965,4
2966,4
2967,2
2968,3
2969,4
2970,4
2971,4
2972,2
2973,0
2974,3
2975,4
2976,4
2977,0
2978,3
2979,1
2980,3
2981,1
2982,1
2983,4
2984,4
2985,3
2986,3
2987,3
2988,5
2989,4
2990,4
2991,4
2992,0
2993,2
2994,4
2995,5
2996,2
2997,3
2998,2
2999,2
3000,5
3001,3
3002,0
3003,3
3004,2
3005,4
3006,3
3007,3
3008,5
3009,5
3010,0
3011,1
3012,0
3013,5
3014,4
3015,3
3016,2
3017,5
3018,5
3019,3
3020,4
3021,5
3022,5
3023,0
3024,3
3025,5
3026,4
3027,2
3028,3
3029,3
3030,1
3031,2
3032,5
3033,2
3034,1
3035,3
3036,5
3037,5
3038,5
3039,0
3040,3
3041,2
3042,1
3043,2
3044,4
3045,3
3046,3
3047,3
3048,2
3049,3
3050,5
3051,4
3052,2
3053,3
3054,2
3055,3
3056,3
3057,0
3058,2
3059,2
3060,0
3061,4
3062,3
3063,3
3064,3
3065,1
3066,2
3067,4
3068,4
3069,2
3070,4
3071,0
3072,2
3073,5
3074,2
3075,3
3076,3
3077,1
3078,0
3079,5
3080,4
3081,4
3082,0
3083,4
3084,5
3085,2
3086,1
3087,3
3088,5
3089,4
3090,3
3091,3
3092,1
3093,3
3094,0
3095,1
3096,3
3097,4
3098,3
3099,5
3100,4
3101,4
3102,2
3103,4
3104,4
3105,5
3106,3
3107,2
3108,1
3109,3
3110,4
3111,4
3112,5
3113,3
3114,4
3115,4
3116,3
3117,2
3118,1
3119,4
3120,2
3121,2
3122,5
3123,2
3124,4
3125,4
3126,2
3127,4
3128,3
3129,3
3130,4
3131,5
3132,1
3133,4
3134,4
3135,3
3136,5
3137,0
3138,5
3139,0
3140,5
3141,4
3142,1
3143,4
3144,5
3145,5
3146,3
3147,1
3148,2
3149,2
3150,0
3151,1
3152,4
3153,1
3154,2
3155,4
3156,2
3157,3
3158,3
3159,0
3160,2
3161,4
3162,5
3163,0
3164,3
3165,3
3166,4
3167,2
3168,2
3169,4
3170,1
3171,0
3172,4
3173,4
3174,2
3175,4
3176,3
3177,5
3178,5
3179,5
3180,5
3181,3
3182,3
3183,1
3184,1
3185,5
3186,3
3187,3
3188,3
3189,2
3190,0
3191,2
3192,3
3193,3
3194,2
3195,5
3196,3
3197,4
3198,5
3199,1
3200,2
3201,3
3202,3
3203,0
3204,5
3205,2
3206,5
3207,3
3208,4
3209,5
3210,4
3211,4
3212,5
3213,4
3214,3
3215,2
3216,3
3217,4
3218,0
3219,5
3220,5
3221,5
3222,1
3223,3
3224,2
3225,2
3226,2
3227,1
3228,3
3229,4
3230,3
3231,5
3232,5
3233,5
3234,1
3235,4
3236,3
3237,3
3238,5
3239,5
3240,0
3241,4
3242,3
3243,5
3244,3
3245,0
3246,4
3247,4
3248,2
3249,0
3250,4
3251,4
3252,2
3253,0
3254,1
3255,1
3256,4
3257,1
3258,5
3259,5
3260,5
3261,4
3262,2
3263,4
3264,2
3265,5
3266,4
3267,3
3268,3
3269,4
3270,3
3271,4
3272,4
3273,1
3274,4
3275,4
3276,3
3277,2
3278,2
3279,3
3280,2
3281,4
3282,3
3283,2
3284,2
3285,3
3286,5
3287,5
3288,4
3289,5
3290,2
3291,2
3292,5
3293,4
3294,0
3295,1
3296,3
3297,2
3298,4
3299,3
3300,3
3301,3
3302,2
3303,4
3304,2
3305,0
3306,3
3307,5
3308,5
3309,3
3310,4
3311,1
3312,2
3313,3
3314,2
3315,1
3316,2
3317,5
3318,3
3319,0
3320,4
3321,1
3322,3
3323,2
3324,1
3325,5
3326,5
3327,5
3328,5
3329,2
3330,2
3331,4
3332,0
3333,0
3334,2
3335,0
3336,3
3337,0
3338,0
3339,5
3340,1
3341,4
3342,2
3343,4
3344,4
3345,3
3346,3
3347,0
3348,3
3349,3
3350,3
3351,2
3352,4
3353,4
3354,2
3355,2
3356,5
3357,3
3358,2
3359,2
3360,5
3361,2
3362,3
3363,5
3364,5
3365,3
3366,0
3367,5
3368,0
3369,3
3370,3
3371,1
3372,3
3373,4
3374,4
3375,4
3376,1
3377,3
3378,2
3379,4
3380,3
3381,2
3382,1
3383,1
3384,0
3385,2
3386,4
3387,3
3388,5
3389,5
3390,4
3391,3
3392,3
3393,3
3394,2
3395,4
3396,4
3397,5
3398,3
3399,3
3400,1
3401,3
3402,4
3403,4
3404,2
3405,5
3406,5
3407,2
3408,3
3409,2
3410,4
3411,1
3412,3
3413,2
3414,4
3415,3
3416,2
3417,4
3418,5
3419,1
3420,0
3421,1
3422,5
3423,3
3424,0
3425,3
3426,5
3427,3
3428,3
3429,5
3430,4
3431,1
3432,4
3433,5
3434,2
3435,3
3436,2
3437,2
3438,5
3439,2
3440,2
3441,3
3442,5
3443,5
3444,0
3445,3
3446,3
3447,4
3448,4
3449,4
3450,4
3451,1
3452,4
3453,3
3454,5
3455,4
3456,3
3457,4
3458,4
3459,4
3460,5
3461,5
3462,3
3463,1
3464,5
3465,3
3466,4
3467,0
3468,4
3469,4
3470,3
3471,2
3472,4
3473,3
3474,1
3475,3
3476,5
3477,0
3478,3
3479,2
3480,1
3481,2
3482,2
3483,4
3484,3
3485,0
3486,2
3487,4
3488,1
3489,2
3490,4
3491,3
3492,4
3493,4
3494,4
3495,2
3496,2
3497,0
3498,2
3499,3
3500,3
3501,5
3502,1
3503,1
3504,4
3505,1
3506,2
3507,3
3508,5
3509,4
3510,0
3511,4
3512,0
3513,2
3514,5
3515,4
3516,4
3517,5
3518,3
3519,4
3520,3
3521,4
3522,4
3523,2
3524,2
3525,5
3526,3
3527,1
3528,4
3529,1
3530,4
3531,5
3532,1
3533,3
3534,4
3535,3
3536,5
3537,5
3538,5
3539,1
3540,5
3541,2
3542,2
3543,5
3544,1
3545,4
3546,2
3547,3
3548,3
3549,4
3550,5
3551,5
3552,3
3553,4
3554,5
3555,4
3556,1
3557,4
3558,5
3559,2
3560,2
3561,1
3562,2
3563,3
3564,5
3565,4
3566,2
3567,2
3568,3
3569,3
3570,4
3571,3
3572,2
3573,5
3574,1
3575,5
3576,3
3577,4
3578,0
3579,5
3580,5
3581,4
3582,3
3583,3
3584,5
3585,4
3586,4
3587,5
3588,4
3589,5
3590,3
3591,3
3592,2
3593,3
3594,3
3595,4
3596,0
3597,5
3598,2
3599,0
3600,2
3601,5
3602,4
3603,3
3604,1
3605,1
3606,3
3607,4
3608,5
3609,1
3610,4
3611,4
3612,2
3613,3
3614,4
3615,4
3616,2
3617,3
3618,3
3619,3
3620,0
3621,0
3622,4
3623,4
3624,3
3625,4
3626,4
3627,3
3628,2
3629,3
3630,4
3631,4
3632,0
3633,2
3634,5
3635,5
3636,1
3637,1
3638,3
3639,3
3640,2
3641,5
3642,1
3643,0
3644,4
3645,0
3646,3
3647,4
3648,4
3649,3
3650,2
3651,1
3652,1
3653,3
3654,4
3655,1
3656,0
3657,3
3658,4
3659,0
3660,1
3661,5
3662,1
3663,4
3664,1
3665,4
3666,3
3667,3
3668,1
3669,3
3670,5
3671,3
3672,2
3673,3
3674,3
3675,5
3676,4
3677,3
3678,4
3679,3
3680,4
3681,3
3682,3
3683,1
3684,5
3685,4
3686,3
3687,5
3688,5
3689,2
3690,3
3691,2
3692,1
3693,1
3694,3
3695,4
3696,4
3697,4
3698,2
3699,3
3700,4
3701,4
3702,2
3703,5
3704,5
3705,5
3706,2
3707,3
3708,3
3709,3
3710,1
3711,4
3712,5
3713,5
3714,5
3715,5
3716,3
3717,3
3718,3
3719,1
3720,0
3721,3
3722,3
3723,2
3724,2
3725,5
3726,3
3727,0
3728,3
3729,4
3730,4
3731,5
3732,4
3733,4
3734,3
3735,5
3736,1
3737,3
3738,4
3739,2
3740,3
3741,1
3742,4
3743,4
3744,3
3745,2
3746,1
3747,4
3748,4
3749,2
3750,4
3751,4
3752,2
3753,1
3754,4
3755,3
3756,3
3757,1
3758,3
3759,1
3760,2
3761,3
3762,1
3763,5
3764,3
3765,2
3766,3
3767,3
3768,5
3769,4
3770,4
3771,3
3772,0
3773,4
3774,4
3775,3
3776,3
3777,0
3778,2
3779,2
3780,3
3781,5
3782,0
3783,4
3784,3
3785,5
3786,4
3787,2
3788,4
3789,5
3790,2
3791,2
3792,2
3793,2
3794,2
3795,2
3796,1
3797,4
3798,1
3799,4
3800,5
3801,0
3802,4
3803,3
3804,4
3805,5
3806,1
3807,3
3808,5
3809,4
3810,4
3811,3
3812,3
3813,5
3814,3
3815,4
3816,1
3817,4
3818,3
3819,0
3820,1
3821,0
3822,0
3823,1
3824,3
3825,4
3826,1
3827,1
3828,4
3829,5
3830,2
3831,4
3832,3
3833,3
3834,3
3835,5
3836,5
3837,4
3838,2
3839,2
3840,5
3841,3
3842,4
3843,3
3844,2
3845,3
3846,5
3847,3
3848,1
3849,1
3850,2
3851,4
3852,4
3853,3
3854,3
3855,4
3856,3
3857,3
3858,4
3859,2
3860,3
3861,5
3862,4
3863,5
3864,5
3865,3
3866,4
3867,5
3868,3
3869,5
3870,5
3871,4
3872,0
3873,0
3874,5
3875,4
3876,4
3877,3
3878,4
3879,3
3880,3
3881,3
3882,3
3883,4
3884,4
3885,4
3886,0
3887,3
3888,0
3889,5
3890,2
3891,3
3892,4
3893,3
3894,2
3895,1
3896,5
3897,5
3898,1
3899,3
3900,4
3901,1
3902,4
3903,2
3904,4
3905,3
3906,3
3907,4
3908,2
3909,2
3910,3
3911,0
3912,3
3913,5
3914,3
3915,3
3916,5
3917,2
3918,3
3919,4
3920,5
3921,3
3922,5
3923,3
3924,4
3925,5
3926,4
3927,2
3928,5
3929,3
3930,4
3931,1
3932,1
3933,3
3934,1
3935,4
3936,5
3937,4
3938,2
3939,3
3940,3
3941,3
3942,1
3943,2
3944,1
3945,2
3946,5
3947,4
3948,5
3949,1
3950,5
3951,5
3952,3
3953,2
3954,3
3955,2
3956,5
3957,3
3958,3
3959,0
3960,5
3961,4
3962,1
3963,5
3964,3
3965,2
3966,4
3967,2
3968,3
3969,4
3970,3
3971,4
3972,4
3973,2
3974,3
3975,1
3976,4
3977,0
3978,5
3979,4
3980,0
3981,3
3982,1
3983,3
3984,4
3985,3
3986,3
3987,5
3988,5
3989,4
3990,5
3991,2
3992,4
3993,0
3994,3
3995,5
3996,4
3997,4
3998,4
3999,3
4000,3
4001,5
4002,4
4003,4
4004,3
4005,3
4006,5
4007,2
4008,3
4009,3
4010,5
4011,5
4012,5
4013,5
4014,3
4015,0
4016,4
4017,1
4018,4
4019,4
4020,2
4021,1
4022,4
4023,4
4024,0
4025,1
4026,5
4027,2
4028,2
4029,5
4030,1
4031,4
4032,3
4033,2
4034,0
4035,4
4036,5
4037,4
4038,0
4039,0
4040,2
4041,5
4042,4
4043,0
4044,3
4045,3
4046,2
4047,0
4048,4
4049,3
4050,4
4051,2
4052,1
4053,3
4054,4
4055,4
4056,4
4057,3
4058,5
4059,3
4060,0
4061,5
4062,5
4063,4
4064,3
4065,4
4066,2
4067,5
4068,2
4069,0
4070,5
4071,2
4072,4
4073,0
4074,3
4075,2
4076,5
4077,1
4078,4
4079,3
4080,5
4081,4
4082,3
4083,2
4084,2
4085,5
4086,5
4087,3
4088,5
4089,4
4090,3
4091,5
4092,4
4093,1
4094,4
4095,4
4096,1
4097,3
4098,2
4099,1
4100,3
4101,2
4102,3
4103,3
4104,4
4105,4
4106,3
4107,3
4108,5
4109,1
4110,0
4111,5
4112,3
4113,4
4114,2
4115,2
4116,4
4117,1
4118,3
4119,2
4120,4
4121,3
4122,4
4123,0
4124,3
4125,2
4126,0
4127,4
4128,2
4129,2
4130,3
4131,4
4132,5
4133,4
4134,3
4135,4
4136,3
4137,2
4138,1
4139,4
4140,3
4141,3
4142,4
4143,0
4144,4
4145,5
4146,5
4147,0
4148,0
4149,2
4150,4
4151,5
4152,1
4153,4
4154,3
4155,5
4156,4
4157,5
4158,2
4159,3
4160,0
4161,2
4162,4
4163,5
4164,3
4165,2
4166,5
4167,4
4168,4
4169,4
4170,5
4171,4
4172,3
4173,5
4174,4
4175,4
4176,2
4177,3
4178,1
4179,3
4180,4
4181,3
4182,4
4183,1
4184,3
4185,4
4186,5
4187,3
4188,5
4189,3
4190,2
4191,4
4192,5
4193,4
4194,2
4195,3
4196,4
4197,3
4198,3
4199,4
4200,4
4201,2
4202,5
4203,2
4204,1
4205,3
4206,2
4207,4
4208,2
4209,4
4210,4
4211,5
4212,5
4213,5
4214,3
4215,2
4216,1
4217,4
4218,5
4219,2
4220,4
4221,0
4222,2
4223,3
4224,0
4225,2
4226,3
4227,4
4228,2
4229,3
4230,1
4231,1
4232,2
4233,4
4234,5
4235,4
4236,5
4237,4
4238,4
4239,3
4240,3
4241,3
4242,4
4243,0
4244,0
4245,2
4246,3
4247,4
4248,4
4249,0
4250,3
4251,0
4252,3
4253,3
4254,0
4255,5
4256,5
4257,4
4258,5
4259,0
4260,4
4261,2
4262,0
4263,0
4264,2
4265,2
4266,3
4267,2
4268,3
4269,4
4270,2
4271,5
4272,5
4273,3
4274,0
4275,3
4276,1
4277,5
4278,2
4279,3
4280,5
4281,4
4282,4
4283,3
4284,3
4285,1
4286,1
4287,2
4288,3
4289,3
4290,0
4291,3
4292,3
4293,3
4294,4
4295,3
4296,2
4297,3
4298,4
4299,3
4300,2
4301,0
4302,3
4303,4
4304,4
4305,4
4306,5
4307,2
4308,2
4309,4
4310,5
4311,1
4312,0
4313,3
4314,3
4315,5
4316,4
4317,3
4318,1
4319,3
4320,5
4321,2
4322,2
4323,3
4324,1
4325,3
4326,0
4327,4
4328,0
4329,4
4330,0
4331,5
4332,0
4333,4
4334,3
4335,3
4336,0
4337,4
4338,4
4339,2
4340,5
4341,3
4342,3
4343,5
4344,5
4345,4
4346,4
4347,2
4348,1
4349,5
4350,2
4351,3
4352,4
4353,3
4354,2
4355,3
4356,3
4357,5
4358,2
4359,4
4360,3
4361,5
4362,4
4363,5
4364,4
4365,4
4366,3
4367,4
4368,2
4369,1
4370,3
4371,3
4372,3
4373,4
4374,2
4375,1
4376,0
4377,4
4378,2
4379,4
4380,3
4381,4
4382,1
4383,4
4384,0
4385,0
4386,2
4387,3
4388,3
4389,3
4390,0
4391,2
4392,2
4393,3
4394,5
4395,2
4396,3
4397,5
4398,3
4399,3
4400,2
4401,5
4402,3
4403,5
4404,4
4405,2
4406,3
4407,5
4408,3
4409,4
4410,3
4411,4
4412,3
4413,0
4414,1
4415,4
4416,4
4417,0
4418,4
4419,3
4420,2
4421,0
4422,2
4423,3
4424,0
4425,5
4426,4
4427,3
4428,1
4429,4
4430,3
4431,4
4432,5
4433,3
4434,2
4435,1
4436,0
4437,3
4438,1
4439,4
4440,3
4441,3
4442,4
4443,4
4444,2
4445,4
4446,3
4447,4
4448,5
4449,2
4450,5
4451,4
4452,0
4453,1
4454,4
4455,4
4456,1
4457,2
4458,5
4459,3
4460,4
4461,5
4462,4
4463,0
4464,4
4465,4
4466,5
4467,2
4468,1
4469,2
4470,4
4471,4
4472,4
4473,3
4474,4
4475,1
4476,0
4477,3
4478,0
4479,4
4480,5
4481,2
4482,2
4483,5
4484,4
4485,4
4486,1
4487,4
4488,3
4489,4
4490,3
4491,3
4492,3
4493,2
4494,1
4495,4
4496,5
4497,1
4498,3
4499,0
4500,4
4501,3
4502,3
4503,3
4504,2
4505,5
4506,3
4507,4
4508,2
4509,3
4510,3
4511,1
4512,4
4513,3
4514,5
4515,4
4516,3
4517,2
4518,3
4519,4
4520,0
4521,0
4522,3
4523,1
4524,2
4525,4
4526,3
4527,4
4528,2
4529,4
4530,3
4531,0
4532,2
4533,4
4534,5
4535,2
4536,3
4537,3
4538,4
4539,2
4540,3
4541,2
4542,3
4543,3
4544,5
4545,4
4546,1
4547,4
4548,4
4549,2
4550,0
4551,5
4552,5
4553,3
4554,5
4555,4
4556,3
4557,4
4558,2
4559,3
4560,3
4561,3
4562,3
4563,4
4564,0
4565,4
4566,5
4567,5
4568,3
4569,2
4570,4
4571,2
4572,0
4573,3
4574,3
4575,2
4576,3
4577,2
4578,4
4579,2
4580,2
4581,0
4582,3
4583,4
4584,5
4585,3
4586,0
4587,5
4588,2
4589,5
4590,0
4591,5
4592,4
4593,5
4594,3
4595,1
4596,2
4597,4
4598,5
4599,4
4600,5
4601,2
4602,3
4603,5
4604,5
4605,1
4606,5
4607,3
4608,2
4609,4
4610,4
4611,5
4612,4
4613,4
4614,4
4615,0
4616,3
4617,3
4618,2
4619,5
4620,5
4621,3
4622,3
4623,5
4624,2
4625,3
4626,3
4627,1
4628,2
4629,0
4630,5
4631,2
4632,3
4633,3
4634,4
4635,2
4636,0
4637,3
4638,1
4639,2
4640,2
4641,3
4642,4
4643,0
4644,3
4645,2
4646,5
4647,5
4648,1
4649,3
4650,0
4651,5
4652,2
4653,2
4654,3
4655,4
4656,0
4657,4
4658,4
4659,3
4660,3
4661,5
4662,4
4663,5
4664,0
4665,4
4666,1
4667,0
4668,1
4669,1
4670,2
4671,3
4672,0
4673,2
4674,4
4675,2
4676,4
4677,5
4678,3
4679,2
4680,1
4681,3
4682,3
4683,3
4684,4
4685,1
4686,3
4687,4
4688,2
4689,4
4690,4
4691,0
4692,4
4693,4
4694,4
4695,4
4696,4
4697,5
4698,3
4699,2
4700,3
4701,0
4702,5
4703,4
4704,0
4705,2
4706,4
4707,3
4708,5
4709,1
4710,5
4711,2
4712,4
4713,3
4714,5
4715,2
4716,2
4717,3
4718,5
4719,0
4720,4
4721,4
4722,5
4723,5
4724,4
4725,2
4726,2
4727,4
4728,3
4729,3
4730,4
4731,4
4732,4
4733,5
4734,4
4735,3
4736,2
4737,4
4738,3
4739,4
4740,5
4741,4
4742,4
4743,4
4744,2
4745,5
4746,0
4747,4
4748,3
4749,4
4750,4
4751,5
4752,5
4753,1
4754,5
4755,5
4756,2
4757,3
4758,2
4759,3
4760,5
4761,5
4762,3
4763,3
4764,5
4765,4
4766,2
4767,3
4768,2
4769,3
4770,5
4771,4
4772,3
4773,3
4774,0
4775,3
4776,4
4777,3
4778,1
4779,4
4780,4
4781,2
4782,4
4783,3
4784,4
4785,3
4786,3
4787,1
4788,1
4789,1
4790,4
4791,5
4792,1
4793,3
4794,2
4795,2
4796,3
4797,2
4798,3
4799,1
4800,4
4801,2
4802,5
4803,4
4804,2
4805,5
4806,0
4807,3
4808,3
4809,1
4810,4
4811,1
4812,2
4813,3
4814,1
4815,4
4816,4
4817,5
4818,0
4819,0
4820,3
4821,4
4822,5
4823,4
4824,2
4825,4
4826,4
4827,4
4828,4
4829,4
4830,3
4831,2
4832,3
4833,2
4834,5
4835,5
4836,4
4837,2
4838,5
4839,2
4840,3
4841,4
4842,3
4843,3
4844,3
4845,3
4846,0
4847,3
4848,1
4849,0
4850,3
4851,4
4852,4
4853,4
4854,4
4855,5
4856,4
4857,1
4858,0
4859,1
4860,4
4861,3
4862,4
4863,2
4864,2
4865,4
4866,3
4867,2
4868,2
4869,5
4870,2
4871,4
4872,5
4873,1
4874,5
4875,3
4876,1
4877,0
4878,5
4879,4
4880,3
4881,3
4882,4
4883,2
4884,4
4885,0
4886,0
4887,4
4888,2
4889,4
4890,5
4891,4
4892,5
4893,4
4894,5
4895,3
4896,3
4897,3
4898,5
4899,3
4900,1
4901,0
4902,1
4903,1
4904,4
4905,3
4906,4
4907,2
4908,3
4909,0
4910,2
4911,4
4912,5
4913,2
4914,5
4915,4
4916,2
4917,5
4918,2
4919,3
4920,2
4921,0
4922,3
4923,4
4924,2
4925,1
4926,2
4927,0
4928,2
4929,2
4930,0
4931,2
4932,3
4933,5
4934,2
4935,3
4936,2
4937,4
4938,3
4939,2
4940,2
4941,5
4942,5
4943,2
4944,5
4945,4
4946,3
4947,4
4948,4
4949,3
4950,3
4951,4
4952,5
4953,3
4954,3
4955,2
4956,0
4957,4
4958,0
4959,3
4960,1
4961,5
4962,2
4963,3
4964,1
4965,4
4966,1
4967,3
4968,2
4969,3
4970,3
4971,2
4972,3
4973,1
4974,3
4975,4
4976,2
4977,4
4978,3
4979,4
4980,1
4981,4
4982,0
4983,5
4984,3
4985,0
4986,5
4987,2
4988,4
4989,0
4990,4
4991,4
4992,5
4993,3
4994,2
4995,5
4996,3
4997,0
4998,2
4999,4
5000,3
5001,2
5002,3
5003,1
5004,4
5005,3
5006,3
5007,3
5008,4
5009,3
5010,2
5011,3
5012,4
5013,2
5014,1
5015,5
5016,3
5017,5
5018,1
5019,4
5020,5
5021,4
5022,3
5023,5
5024,2
5025,5
5026,5
5027,4
5028,3
5029,3
5030,0
5031,3
5032,4
5033,5
5034,3
5035,2
5036,5
5037,1
5038,3
5039,1
5040,3
5041,1
5042,4
5043,4
5044,0
5045,3
5046,3
5047,2
5048,5
5049,5
5050,4
5051,4
5052,1
5053,2
5054,2
5055,4
5056,3
5057,4
5058,4
5059,2
5060,3
5061,0
5062,3
5063,0
5064,4
5065,4
5066,5
5067,4
5068,5
5069,5
5070,1
5071,3
5072,4
5073,5
5074,3
5075,5
5076,3
5077,5
5078,4
5079,2
5080,4
5081,2
5082,3
5083,1
5084,3
5085,3
5086,0
5087,5
5088,2
5089,3
5090,0
5091,3
5092,5
5093,3
5094,0
5095,0
5096,3
5097,5
5098,5
5099,0
5100,5
5101,0
5102,3
5103,5
5104,4
5105,5
5106,0
5107,4
5108,1
5109,4
5110,4
5111,2
5112,1
5113,5
5114,3
5115,3
5116,3
5117,4
5118,1
5119,2
5120,5
5121,3
5122,5
5123,3
5124,3
5125,2
5126,5
5127,2
5128,5
5129,4
5130,3
5131,3
5132,4
5133,1
5134,2
5135,4
5136,3
5137,5
5138,5
5139,4
5140,4
5141,4
5142,1
5143,1
5144,2
5145,3
5146,3
5147,4
5148,3
5149,4
5150,2
5151,5
5152,1
5153,4
5154,4
5155,1
5156,5
5157,5
5158,2
5159,5
5160,1
5161,3
5162,4
5163,0
5164,5
5165,0
5166,2
5167,2
5168,2
5169,0
5170,4
5171,3
5172,5
5173,2
5174,4
5175,1
5176,3
5177,4
5178,2
5179,2
5180,4
5181,4
5182,2
5183,4
5184,2
5185,3
5186,4
5187,2
5188,4
5189,5
5190,2
5191,5
5192,5
5193,0
5194,4
5195,3
5196,4
5197,1
5198,0
5199,2
5200,5
5201,1
5202,3
5203,3
5204,5
5205,5
5206,5
5207,0
5208,4
5209,2
5210,5
5211,2
5212,1
5213,5
5214,0
5215,5
5216,4
5217,3
5218,1
5219,2
5220,2
5221,3
5222,4
5223,2
5224,4
5225,0
5226,3
5227,1
5228,4
5229,3
5230,3
5231,3
5232,3
5233,2
5234,1
5235,5
5236,5
5237,4
5238,2
5239,4
5240,5
5241,4
5242,2
5243,4
5244,4
5245,4
5246,3
5247,3
5248,4
5249,2
5250,3
5251,3
5252,3
5253,5
5254,4
5255,4
5256,3
5257,5
5258,5
5259,0
5260,3
5261,0
5262,2
5263,3
5264,3
5265,3
5266,1
5267,4
5268,2
5269,4
5270,2
5271,5
5272,2
5273,3
5274,4
5275,1
5276,5
5277,3
5278,2
5279,4
5280,5
5281,3
5282,3
5283,5
5284,3
5285,4
5286,1
5287,5
5288,3
5289,5
5290,1
5291,0
5292,1
5293,4
5294,5
5295,0
5296,4
5297,2
5298,0
5299,3
5300,3
5301,5
5302,4
5303,0
5304,5
5305,4
5306,2
5307,4
5308,2
5309,2
5310,2
5311,3
5312,5
5313,1
5314,2
5315,0
5316,2
5317,2
5318,0
5319,4
5320,5
5321,1
5322,2
5323,1
5324,5
5325,3
5326,4
5327,5
5328,2
5329,3
5330,0
5331,3
5332,4
5333,2
5334,2
5335,5
5336,1
5337,2
5338,3
5339,5
5340,1
5341,3
5342,5
5343,2
5344,4
5345,2
5346,4
5347,1
5348,4
5349,3
5350,3
5351,3
5352,3
5353,3
5354,4
5355,2
5356,2
5357,5
5358,5
5359,2
5360,0
5361,4
5362,0
5363,3
5364,4
5365,3
5366,5
5367,4
5368,2
5369,1
5370,4
5371,2
5372,2
5373,4
5374,4
5375,2
5376,0
5377,2
5378,4
5379,3
5380,4
5381,4
5382,4
5383,4
5384,4
5385,1
5386,5
5387,3
5388,5
5389,3
5390,4
5391,3
5392,3
5393,1
5394,4
5395,4
5396,2
5397,3
5398,3
5399,4
5400,0
5401,0
5402,4
5403,0
5404,4
5405,3
5406,3
5407,2
5408,4
5409,3
5410,5
5411,3
5412,5
5413,5
5414,1
5415,1
5416,3
5417,2
5418,5
5419,5
5420,4
5421,5
5422,3
5423,5
5424,5
5425,4
5426,2
5427,3
5428,4
5429,4
5430,5
5431,3
5432,3
5433,5
5434,1
5435,3
5436,2
5437,4
5438,5
5439,3
5440,3
5441,3
5442,3
5443,3
5444,2
5445,2
5446,4
5447,4
5448,5
5449,3
5450,3
5451,0
5452,4
5453,2
5454,3
5455,4
5456,2
5457,3
5458,5
5459,1
5460,2
5461,5
5462,1
5463,3
5464,2
5465,3
5466,1
5467,4
5468,3
5469,1
5470,4
5471,5
5472,4
5473,5
5474,3
5475,5
5476,4
5477,4
5478,1
5479,4
5480,5
5481,2
5482,5
5483,3
5484,5
5485,4
5486,2
5487,1
5488,5
5489,1
5490,3
5491,1
5492,1
5493,3
5494,5
5495,5
5496,4
5497,4
5498,5
5499,5
5500,0
5501,1
5502,2
5503,4
5504,5
5505,5
5506,5
5507,3
5508,1
5509,4
5510,4
5511,5
5512,0
5513,0
5514,1
5515,3
5516,1
5517,3
5518,4
5519,4
5520,0
5521,3
5522,2
5523,4
5524,0
5525,3
5526,3
5527,4
5528,3
5529,4
5530,3
5531,2
5532,3
5533,5
5534,2
5535,2
5536,3
5537,4
5538,3
5539,4
5540,4
5541,5
5542,5
5543,1
5544,0
5545,2
5546,3
5547,4
5548,4
5549,0
5550,5
5551,1
5552,2
5553,2
5554,3
5555,3
5556,2
5557,4
5558,5
5559,2
5560,3
5561,4
5562,3
5563,5
5564,2
5565,4
5566,2
5567,3
5568,2
5569,2
5570,2
5571,4
5572,4
5573,5
5574,4
5575,3
5576,3
5577,1
5578,3
5579,2
5580,5
5581,4
5582,5
5583,3
5584,3
5585,2
5586,4
5587,0
5588,3
5589,4
5590,4
5591,5
5592,4
5593,2
5594,5
5595,1
5596,4
5597,4
5598,2
5599,4
5600,3
5601,3
5602,5
5603,5
5604,4
5605,4
5606,1
5607,3
5608,4
5609,1
5610,4
5611,2
5612,5
5613,4
5614,5
5615,2
5616,5
5617,5
5618,3
5619,3
5620,4
5621,3
5622,3
5623,3
5624,5
5625,5
5626,4
5627,2
5628,3
5629,4
5630,4
5631,2
5632,2
5633,4
5634,4
5635,2
5636,3
5637,3
5638,4
5639,2
5640,2
5641,2
5642,0
5643,4
5644,4
5645,3
5646,0
5647,0
5648,3
5649,2
5650,5
5651,3
5652,0
5653,5
5654,3
5655,3
5656,3
5657,3
5658,5
5659,3
5660,1
5661,3
5662,0
5663,4
5664,5
5665,4
5666,2
5667,1
5668,4
5669,5
5670,0
5671,3
5672,4
5673,5
5674,4
5675,1
5676,1
5677,3
5678,2
5679,0
5680,2
5681,2
5682,4
5683,2
5684,2
5685,1
5686,4
5687,4
5688,4
5689,4
5690,5
5691,5
5692,1
5693,2
5694,4
5695,4
5696,1
5697,3
5698,1
5699,0
5700,4
5701,2
5702,3
5703,1
5704,5
5705,4
5706,5
5707,3
5708,4
5709,4
5710,2
5711,4
5712,4
5713,4
5714,1
5715,0
5716,3
5717,3
5718,3
5719,4
5720,4
5721,3
5722,2
5723,4
5724,0
5725,4
5726,4
5727,5
5728,5
5729,4
5730,1
5731,5
5732,0
5733,4
5734,3
5735,2
5736,2
5737,4
5738,5
5739,5
5740,4
5741,2
5742,2
5743,2
5744,2
5745,2
5746,4
5747,5
5748,2
5749,2
5750,3
5751,1
5752,4
5753,3
5754,0
5755,2
5756,4
5757,2
5758,3
5759,4
5760,2
5761,1
5762,4
5763,1
5764,4
5765,1
5766,0
5767,5
5768,5
5769,4
5770,2
5771,5
5772,0
5773,3
5774,3
5775,4
5776,0
5777,4
5778,5
5779,3
5780,5
5781,5
5782,3
5783,2
5784,5
5785,1
5786,5
5787,4
5788,4
5789,2
5790,4
5791,4
5792,5
5793,0
5794,5
5795,4
5796,5
5797,5
5798,3
5799,0
5800,4
5801,5
5802,4
5803,2
5804,3
5805,1
5806,1
5807,3
5808,5
5809,0
5810,1
5811,3
5812,1
5813,4
5814,2
5815,2
5816,4
5817,5
5818,2
5819,4
5820,3
5821,3
5822,2
5823,3
5824,3
5825,4
5826,3
5827,3
5828,5
5829,3
5830,2
5831,2
5832,4
5833,2
5834,0
5835,3
5836,1
5837,4
5838,2
5839,3
5840,3
5841,5
5842,0
5843,5
5844,3
5845,2
5846,2
5847,4
5848,5
5849,0
5850,2
5851,2
5852,5
5853,3
5854,3
5855,5
5856,5
5857,2
5858,5
5859,5
5860,3
5861,2
5862,3
5863,2
5864,3
5865,2
5866,2
5867,3
5868,4
5869,3
5870,5
5871,2
5872,1
5873,4
5874,3
5875,2
5876,3
5877,3
5878,3
5879,2
5880,2
5881,3
5882,3
5883,2
5884,2
5885,3
5886,3
5887,2
5888,1
5889,3
5890,5
5891,4
5892,5
5893,0
5894,4
5895,5
5896,2
5897,4
5898,3
5899,3
5900,3
5901,4
5902,3
5903,4
5904,0
5905,3
5906,2
5907,1
5908,2
5909,4
5910,0
5911,0
5912,2
5913,2
5914,5
5915,4
5916,3
5917,2
5918,3
5919,5
5920,4
5921,4
5922,4
5923,3
5924,0
5925,3
5926,5
5927,4
5928,3
5929,2
5930,2
5931,5
5932,4
5933,4
5934,3
5935,2
5936,3
5937,4
5938,3
5939,4
5940,3
5941,5
5942,3
5943,3
5944,0
5945,3
5946,2
5947,4
5948,5
5949,4
5950,0
5951,1
5952,4
5953,4
5954,4
5955,4
5956,3
5957,2
5958,1
5959,0
5960,3
5961,0
5962,3
5963,3
5964,4
5965,4
5966,3
5967,5
5968,3
5969,2
5970,4
5971,0
5972,5
5973,5
5974,3
5975,4
5976,4
5977,4
5978,1
5979,5
5980,3
5981,5
5982,4
5983,5
5984,2
5985,4
5986,3
5987,4
5988,4
5989,5
5990,1
5991,3
5992,3
5993,5
5994,3
5995,3
5996,5
5997,0
5998,4
5999,1
6000,5
6001,5
6002,4
6003,3
6004,4
6005,4
6006,4
6007,3
6008,3
6009,3
6010,3
6011,4
6012,3
6013,0
6014,0
6015,3
6016,2
6017,0
6018,3
6019,4
6020,1
6021,3
6022,2
6023,4
6024,4
6025,3
6026,4
6027,3
6028,2
6029,5
6030,4
6031,4
6032,5
6033,3
6034,0
6035,3
6036,0
6037,3
6038,4
6039,3
6040,3
6041,4
6042,3
6043,1
6044,4
6045,2
6046,4
6047,1
6048,5
6049,5
6050,3
6051,3
6052,4
6053,3
6054,5
6055,5
6056,5
6057,2
6058,0
6059,4
6060,5
6061,3
6062,2
6063,3
6064,3
6065,3
6066,3
6067,5
6068,5
6069,2
6070,5
6071,4
6072,3
6073,4
6074,3
6075,2
6076,2
6077,1
6078,5
6079,5
6080,4
6081,1
6082,4
6083,1
6084,5
6085,3
6086,2
6087,3
6088,2
6089,4
6090,1
6091,4
6092,3
6093,3
6094,3
6095,5
6096,5
6097,1
6098,4
6099,5
6100,5
6101,4
6102,3
6103,3
6104,1
6105,3
6106,5
6107,0
6108,0
6109,4
6110,2
6111,2
6112,4
6113,4
6114,4
6115,4
6116,2
6117,5
6118,3
6119,3
6120,3
6121,4
6122,5
6123,3
6124,5
6125,3
6126,2
6127,1
6128,0
6129,2
6130,1
6131,0
6132,3
6133,4
6134,1
6135,4
6136,0
6137,3
6138,3
6139,4
6140,3
6141,3
6142,5
6143,4
6144,3
6145,3
6146,5
6147,3
6148,3
6149,4
6150,5
6151,5
6152,4
6153,5
6154,3
6155,2
6156,2
6157,0
6158,5
6159,5
6160,3
6161,0
6162,1
6163,5
6164,3
6165,1
6166,2
6167,3
6168,3
6169,2
6170,5
6171,3
6172,5
6173,0
6174,4
6175,3
6176,3
6177,4
6178,2
6179,4
6180,5
6181,5
6182,3
6183,2
6184,3
6185,5
6186,2
6187,2
6188,4
6189,5
6190,1
6191,4
6192,3
6193,4
6194,2
6195,5
6196,3
6197,3
6198,2
6199,3
6200,2
6201,3
6202,2
6203,4
6204,4
6205,5
6206,5
6207,4
6208,4
6209,4
6210,4
6211,4
6212,1
6213,1
6214,5
6215,5
6216,5
6217,1
6218,2
6219,3
6220,4
6221,5
6222,5
6223,5
6224,5
6225,5
6226,3
6227,1
6228,3
6229,2
6230,1
6231,3
6232,5
6233,3
6234,0
6235,3
6236,1
6237,4
6238,3
6239,3
6240,5
6241,5
6242,5
6243,3
6244,2
6245,1
6246,2
6247,4
6248,2
6249,4
6250,4
6251,3
6252,1
6253,5
6254,2
6255,3
6256,4
6257,0
6258,2
6259,1
6260,2
6261,4
6262,3
6263,4
6264,5
6265,5
6266,5
6267,4
6268,3
6269,5
6270,2
6271,4
6272,4
6273,2
6274,0
6275,5
6276,5
6277,5
6278,3
6279,3
6280,1
6281,2
6282,2
6283,1
6284,2
6285,2
6286,5
6287,2
6288,3
6289,3
6290,4
6291,4
6292,1
6293,1
6294,5
6295,5
6296,2
6297,3
6298,4
6299,4
6300,3
6301,3
6302,2
6303,2
6304,2
6305,3
6306,3
6307,2
6308,5
6309,0
6310,3
6311,3
6312,1
6313,3
6314,5
6315,3
6316,5
6317,0
6318,4
6319,5
6320,4
6321,2
6322,2
6323,1
6324,5
6325,2
6326,3
6327,3
6328,1
6329,0
6330,3
6331,2
6332,4
6333,1
6334,2
6335,3
6336,5
6337,2
6338,3
6339,4
6340,5
6341,2
6342,3
6343,2
6344,3
6345,1
6346,5
6347,4
6348,4
6349,2
6350,5
6351,3
6352,4
6353,0
6354,4
6355,0
6356,3
6357,4
6358,5
6359,5
6360,4
6361,5
6362,3
6363,3
6364,2
6365,0
6366,0
6367,0
6368,3
6369,2
6370,4
6371,2
6372,0
6373,3
6374,4
6375,3
6376,1
6377,2
6378,3
6379,3
6380,0
6381,4
6382,3
6383,4
6384,3
6385,3
6386,4
6387,2
6388,1
6389,5
6390,4
6391,2
6392,3
6393,5
6394,3
6395,1
6396,2
6397,5
6398,4
6399,4
6400,3
6401,2
6402,2
6403,3
6404,4
6405,5
6406,2
6407,4
6408,1
6409,1
6410,3
6411,3
6412,5
6413,2
6414,5
6415,3
6416,3
6417,4
6418,5
6419,1
6420,0
6421,5
6422,4
6423,0
6424,2
6425,5
6426,4
6427,5
6428,1
6429,4
6430,2
6431,1
6432,2
6433,3
6434,0
6435,4
6436,2
6437,0
6438,5
6439,5
6440,4
6441,3
6442,2
6443,5
6444,5
6445,0
6446,3
6447,4
6448,2
6449,3
6450,3
6451,3
6452,4
6453,3
6454,3
6455,1
6456,3
6457,3
6458,3
6459,1
6460,4
6461,3
6462,5
6463,4
6464,4
6465,4
6466,2
6467,0
6468,2
6469,3
6470,4
6471,3
6472,4
6473,3
6474,2
6475,5
6476,2
6477,3
6478,3
6479,4
6480,4
6481,3
6482,2
6483,4
6484,4
6485,1
6486,5
6487,2
6488,5
6489,0
6490,5
6491,3
6492,4
6493,4
6494,1
6495,4
6496,4
6497,4
6498,3
6499,4
6500,1
6501,4
6502,3
6503,2
6504,4
6505,5
6506,4
6507,2
6508,3
6509,2
6510,2
6511,4
6512,2
6513,2
6514,3
6515,1
6516,3
6517,4
6518,2
6519,3
6520,5
6521,0
6522,4
6523,1
6524,4
6525,2
6526,0
6527,3
6528,3
6529,5
6530,3
6531,2
6532,5
6533,5
6534,5
6535,0
6536,5
6537,4
6538,4
6539,5
6540,2
6541,3
6542,4
6543,5
6544,5
6545,5
6546,5
6547,4
6548,0
6549,2
6550,5
6551,2
6552,1
6553,2
6554,3
6555,4
6556,3
6557,1
6558,4
6559,4
6560,2
6561,4
6562,2
6563,3
6564,0
6565,5
6566,3
6567,0
6568,0
6569,4
6570,1
6571,5
6572,5
6573,2
6574,0
6575,1
6576,1
6577,1
6578,4
6579,5
6580,5
6581,0
6582,5
6583,1
6584,4
6585,4
6586,4
6587,4
6588,5
6589,4
6590,1
6591,1
6592,3
6593,3
6594,2
6595,4
6596,2
6597,4
6598,3
6599,4
6600,1
6601,3
6602,2
6603,3
6604,5
6605,3
6606,5
6607,2
6608,1
6609,1
6610,4
6611,5
6612,5
6613,0
6614,4
6615,3
6616,4
6617,1
6618,5
6619,3
6620,3
6621,3
6622,2
6623,4
6624,4
6625,3
6626,3
6627,0
6628,4
6629,2
6630,3
6631,1
6632,2
6633,3
6634,1
6635,1
6636,3
6637,3
6638,4
6639,3
6640,4
6641,3
6642,4
6643,2
6644,4
6645,5
6646,2
6647,2
6648,0
6649,0
6650,4
6651,2
6652,0
6653,1
6654,3
6655,1
6656,3
6657,3
6658,2
6659,3
6660,4
6661,5
6662,4
6663,1
6664,3
6665,2
6666,1
6667,3
6668,3
6669,3
6670,4
6671,3
6672,3
6673,1
6674,1
6675,4
6676,5
6677,4
6678,4
6679,3
6680,3
6681,4
6682,2
6683,3
6684,1
6685,4
6686,4
6687,1
6688,1
6689,1
6690,2
6691,2
6692,2
6693,3
6694,3
6695,3
6696,2
6697,4
6698,3
6699,1
6700,2
6701,3
6702,3
6703,2
6704,3
6705,4
6706,1
6707,3
6708,0
6709,2
6710,2
6711,2
6712,3
6713,1
6714,3
6715,3
6716,4
6717,2
6718,0
6719,4
6720,4
6721,2
6722,4
6723,3
6724,3
6725,2
6726,4
6727,3
6728,5
6729,4
6730,3
6731,3
6732,1
6733,4
6734,2
6735,1
6736,3
6737,4
6738,3
6739,1
6740,3
6741,3
6742,4
6743,4
6744,4
6745,5
6746,2
6747,0
6748,2
6749,3
6750,2
6751,5
6752,4
6753,5
6754,3
6755,3
6756,3
6757,2
6758,3
6759,3
6760,5
6761,4
6762,1
6763,3
6764,0
6765,3
6766,5
6767,5
6768,3
6769,3
6770,4
6771,4
6772,2
6773,3
6774,2
6775,1
6776,1
6777,4
6778,2
6779,5
6780,0
6781,3
6782,3
6783,0
6784,1
6785,3
6786,4
6787,1
6788,5
6789,3
6790,3
6791,2
6792,4
6793,5
6794,5
6795,2
6796,3
6797,4
6798,2
6799,3
6800,3
6801,3
6802,5
6803,2
6804,1
6805,4
6806,3
6807,4
6808,0
6809,2
6810,3
6811,5
6812,3
6813,1
6814,3
6815,4
6816,1
6817,0
6818,3
6819,3
6820,4
6821,5
6822,2
6823,5
6824,3
6825,2
6826,4
6827,4
6828,0
6829,2
6830,4
6831,2
6832,4
6833,4
6834,2
6835,3
6836,2
6837,3
6838,4
6839,5
6840,3
6841,5
6842,5
6843,4
6844,1
6845,3
6846,3
6847,0
6848,4
6849,4
6850,3
6851,4
6852,4
6853,4
6854,0
6855,4
6856,2
6857,5
6858,3
6859,2
6860,3
6861,4
6862,5
6863,5
6864,4
6865,5
6866,3
6867,3
6868,5
6869,4
6870,4
6871,4
6872,1
6873,2
6874,4
6875,5
6876,3
6877,2
6878,2
6879,5
6880,2
6881,3
6882,4
6883,4
6884,4
6885,0
6886,5
6887,2
6888,3
6889,3
6890,0
6891,3
6892,2
6893,2
6894,0
6895,4
6896,5
6897,4
6898,1
6899,0
6900,2
6901,3
6902,1
6903,2
6904,3
6905,2
6906,5
6907,2
6908,5
6909,5
6910,0
6911,0
6912,0
6913,5
6914,5
6915,0
6916,2
6917,2
6918,3
6919,3
6920,4
6921,3
6922,0
6923,4
6924,1
6925,5
6926,5
6927,3
6928,4
6929,0
6930,4
6931,2
6932,2
6933,3
6934,1
6935,4
6936,3
6937,0
6938,2
6939,5
6940,4
6941,2
6942,5
6943,5
6944,4
6945,5
6946,5
6947,0
6948,5
6949,2
6950,3
6951,3
6952,2
6953,3
6954,3
6955,4
6956,2
6957,3
6958,1
6959,4
6960,5
6961,2
6962,4
6963,3
6964,3
6965,2
6966,4
6967,2
6968,3
6969,4
6970,5
6971,5
6972,1
6973,4
6974,3
6975,4
6976,5
6977,3
6978,1
6979,3
6980,3
6981,5
6982,3
6983,5
6984,2
6985,5
6986,2
6987,2
6988,1
6989,1
6990,1
6991,3
6992,0
6993,1
6994,5
6995,0
6996,0
6997,2
6998,5
6999,4
7000,4
7001,3
7002,2
7003,3
7004,5
7005,4
7006,3
7007,3
7008,3
7009,3
7010,3
7011,4
7012,2
7013,0
7014,1
7015,1
7016,4
7017,5
7018,0
7019,0
7020,0
7021,5
7022,4
7023,1
7024,5
7025,2
7026,4
7027,3
7028,3
7029,3
7030,4
7031,2
7032,4
7033,5
7034,4
7035,4
7036,4
7037,5
7038,0
7039,4
7040,2
7041,1
7042,0
7043,0
7044,0
7045,3
7046,4
7047,4
7048,4
7049,3
7050,3
7051,3
7052,2
7053,4
7054,5
7055,2
7056,2
7057,3
7058,1
7059,5
7060,2
7061,2
7062,3
7063,5
7064,4
7065,4
7066,4
7067,4
7068,5
7069,3
7070,1
7071,2
7072,5
7073,2
7074,5
7075,5
7076,2
7077,3
7078,4
7079,3
7080,4
7081,5
7082,3
7083,3
7084,4
7085,2
7086,5
7087,5
7088,5
7089,2
7090,1
7091,4
7092,4
7093,5
7094,3
7095,2
7096,3
7097,1
7098,5
7099,3
7100,4
7101,1
7102,3
7103,3
7104,4
7105,5
7106,3
7107,1
7108,4
7109,5
7110,2
7111,2
7112,4
7113,3
7114,3
7115,4
7116,2
7117,3
7118,3
7119,0
7120,3
7121,3
7122,3
7123,3
7124,3
7125,3
7126,5
7127,5
7128,4
7129,4
7130,2
7131,3
7132,4
7133,3
7134,0
7135,2
7136,2
7137,0
7138,4
7139,5
7140,2
7141,1
7142,4
7143,0
7144,3
7145,5
7146,5
7147,4
7148,0
7149,1
7150,4
7151,4
7152,1
7153,2
7154,0
7155,5
7156,4
7157,1
7158,4
7159,4
7160,2
7161,4
7162,3
7163,4
7164,4
7165,5
7166,0
7167,1
7168,5
7169,3
7170,4
7171,4
7172,3
7173,4
7174,2
7175,2
7176,4
7177,3
7178,2
7179,3
7180,4
7181,0
7182,5
7183,2
7184,0
7185,4
7186,5
7187,5
7188,2
7189,3
7190,2
7191,0
7192,5
7193,2
7194,5
7195,2
7196,5
7197,4
7198,1
7199,1
7200,3
7201,5
7202,3
7203,4
7204,4
7205,0
7206,2
7207,4
7208,4
7209,4
7210,2
7211,3
7212,1
7213,4
7214,5
7215,1
7216,2
7217,2
7218,5
7219,4
7220,5
7221,3
7222,0
7223,5
7224,1
7225,2
7226,4
7227,3
7228,4
7229,4
7230,4
7231,4
7232,4
7233,0
7234,3
7235,3
7236,2
7237,4
7238,5
7239,2
7240,2
7241,2
7242,1
7243,4
7244,4
7245,5
7246,1
7247,4
7248,5
7249,5
7250,3
7251,3
7252,4
7253,4
7254,4
7255,3
7256,4
7257,4
7258,3
7259,5
7260,2
7261,2
7262,5
7263,0
7264,5
7265,5
7266,2
7267,5
7268,2
7269,3
7270,3
7271,3
7272,1
7273,2
7274,3
7275,3
7276,4
7277,3
7278,1
7279,2
7280,3
7281,4
7282,1
7283,4
7284,3
7285,3
7286,3
7287,4
7288,3
7289,3
7290,3
7291,3
7292,2
7293,4
7294,1
7295,4
7296,2
7297,0
7298,4
7299,1
7300,5
7301,4
7302,4
7303,3
7304,3
7305,0
7306,5
7307,3
7308,1
7309,2
7310,3
7311,5
7312,5
7313,3
7314,5
7315,3
7316,1
7317,3
7318,4
7319,5
7320,5
7321,3
7322,3
7323,5
7324,4
7325,3
7326,1
7327,3
7328,3
7329,0
7330,3
7331,5
7332,1
7333,3
7334,3
7335,2
7336,4
7337,5
7338,5
7339,5
7340,5
7341,1
7342,3
7343,3
7344,1
7345,5
7346,3
7347,3
7348,3
7349,5
7350,5
7351,3
7352,5
7353,3
7354,4
7355,0
7356,4
7357,2
7358,3
7359,1
7360,1
7361,2
7362,2
7363,2
7364,5
7365,1
7366,5
7367,2
7368,3
7369,0
7370,4
7371,3
7372,5
7373,2
7374,5
7375,5
7376,3
7377,2
7378,3
7379,4
7380,3
7381,1
7382,3
7383,3
7384,5
7385,3
7386,1
7387,2
7388,5
7389,3
7390,5
7391,5
7392,3
7393,3
7394,4
7395,2
7396,4
7397,0
7398,0
7399,3
7400,4
7401,3
7402,1
7403,4
7404,1
7405,2
7406,1
7407,5
7408,3
7409,2
7410,5
7411,5
7412,3
7413,3
7414,4
7415,0
7416,4
7417,5
7418,4
7419,3
7420,2
7421,1
7422,3
7423,3
7424,5
7425,5
7426,3
7427,3
7428,0
7429,3
7430,5
7431,0
7432,5
7433,1
7434,5
7435,5
7436,2
7437,2
7438,4
7439,3
7440,2
7441,4
7442,4
7443,4
7444,3
7445,4
7446,1
7447,0
7448,5
7449,1
7450,4
7451,1
7452,5
7453,1
7454,4
7455,5
7456,0
7457,2
7458,3
7459,4
7460,5
7461,5
7462,4
7463,4
7464,4
7465,3
7466,2
7467,3
7468,2
7469,2
7470,3
7471,5
7472,4
7473,4
7474,1
7475,3
7476,2
7477,2
7478,5
7479,1
7480,2
7481,3
7482,2
7483,3
7484,3
7485,3
7486,4
7487,1
7488,3
7489,5
7490,2
7491,2
7492,4
7493,3
7494,4
7495,2
7496,4
7497,1
7498,2
7499,3
7500,0
7501,3
7502,2
7503,2
7504,3
7505,5
7506,5
7507,3
7508,5
7509,1
7510,1
7511,3
7512,2
7513,3
7514,0
7515,4
7516,0
7517,0
7518,5
7519,5
7520,5
7521,4
7522,0
7523,3
7524,0
7525,1
7526,0
7527,4
7528,4
7529,4
7530,2
7531,4
7532,2
7533,3
7534,3
7535,0
7536,5
7537,4
7538,3
7539,3
7540,4
7541,3
7542,1
7543,2
7544,5
7545,5
7546,3
7547,4
7548,5
7549,3
7550,3
7551,2
7552,3
7553,3
7554,4
7555,3
7556,4
7557,2
7558,2
7559,4
7560,1
7561,4
7562,4
7563,1
7564,3
7565,2
7566,2
7567,3
7568,4
7569,0
7570,3
7571,1
7572,1
7573,2
7574,2
7575,3
7576,4
7577,4
7578,2
7579,1
7580,4
7581,5
7582,5
7583,1
7584,0
7585,3
7586,3
7587,4
7588,3
7589,3
7590,4
7591,5
7592,5
7593,4
7594,4
7595,4
7596,4
7597,3
7598,3
7599,1
7600,3
7601,4
7602,1
7603,1
7604,3
7605,0
7606,4
7607,2
7608,2
7609,1
7610,3
7611,4
7612,4
7613,4
7614,3
7615,3
7616,1
7617,5
7618,4
7619,3
7620,3
7621,3
7622,2
7623,1
7624,2
7625,1
7626,2
7627,5
7628,3
7629,4
7630,1
7631,5
7632,3
7633,4
7634,5
7635,1
7636,3
7637,3
7638,4
7639,1
7640,2
7641,3
7642,4
7643,1
7644,3
7645,2
7646,4
7647,3
7648,4
7649,4
7650,2
7651,4
7652,4
7653,4
7654,2
7655,3
7656,0
7657,3
7658,2
7659,3
7660,2
7661,0
7662,2
7663,0
7664,3
7665,0
7666,4
7667,5
7668,3
7669,2
7670,3
7671,3
7672,3
7673,0
7674,4
7675,4
7676,5
7677,3
7678,3
7679,1
7680,5
7681,5
7682,5
7683,5
7684,2
7685,1
7686,2
7687,1
7688,4
7689,4
7690,3
7691,3
7692,2
7693,1
7694,3
7695,3
7696,4
7697,3
7698,5
7699,2
7700,1
7701,4
7702,3
7703,5
7704,1
7705,2
7706,3
7707,3
7708,5
7709,1
7710,5
7711,5
7712,4
7713,4
7714,2
7715,5
7716,4
7717,4
7718,2
7719,4
7720,2
7721,0
7722,3
7723,5
7724,3
7725,3
7726,4
7727,3
7728,4
7729,1
7730,3
7731,3
7732,4
7733,1
7734,1
7735,3
7736,3
7737,2
7738,2
7739,1
7740,3
7741,5
7742,4
7743,3
7744,2
7745,1
7746,1
7747,4
7748,4
7749,5
7750,2
7751,3
7752,4
7753,3
7754,0
7755,4
7756,5
7757,5
7758,4
7759,3
7760,3
7761,3
7762,0
7763,4
7764,3
7765,3
7766,0
7767,3
7768,1
7769,5
7770,2
7771,0
7772,1
7773,4
7774,3
7775,5
7776,3
7777,2
7778,4
7779,1
7780,5
7781,4
7782,4
7783,2
7784,5
7785,4
7786,4
7787,3
7788,3
7789,1
7790,4
7791,5
7792,4
7793,3
7794,3
7795,3
7796,3
7797,5
7798,2
7799,1
7800,3
7801,1
7802,3
7803,3
7804,2
7805,1
7806,0
7807,1
7808,4
7809,3
7810,3
7811,5
7812,4
7813,3
7814,2
7815,5
7816,3
7817,2
7818,4
7819,4
7820,5
7821,3
7822,4
7823,3
7824,2
7825,2
7826,3
7827,3
7828,4
7829,4
7830,4
7831,2
7832,1
7833,0
7834,2
7835,3
7836,5
7837,5
7838,3
7839,4
7840,0
7841,3
7842,3
7843,5
7844,3
7845,4
7846,3
7847,1
7848,2
7849,4
7850,0
7851,0
7852,2
7853,0
7854,2
7855,1
7856,3
7857,4
7858,5
7859,3
7860,3
7861,2
7862,4
7863,1
7864,3
7865,3
7866,3
7867,5
7868,3
7869,4
7870,2
7871,5
7872,5
7873,5
7874,3
7875,2
7876,4
7877,3
7878,5
7879,1
7880,3
7881,1
7882,3
7883,4
7884,5
7885,1
7886,3
7887,4
7888,5
7889,3
7890,4
7891,2
7892,1
7893,1
7894,5
7895,2
7896,4
7897,5
7898,2
7899,2
7900,5
7901,2
7902,2
7903,2
7904,4
7905,1
7906,3
7907,2
7908,3
7909,2
7910,3
7911,1
7912,3
7913,5
7914,2
7915,2
7916,3
7917,5
7918,3
7919,4
7920,2
7921,3
7922,4
7923,1
7924,0
7925,4
7926,5
7927,3
7928,5
7929,0
7930,3
7931,4
7932,1
7933,4
7934,5
7935,0
7936,4
7937,4
7938,3
7939,2
7940,3
7941,3
7942,5
7943,4
7944,1
7945,1
7946,4
7947,5
7948,5
7949,3
7950,4
7951,5
7952,4
7953,3
7954,5
7955,2
7956,3
7957,0
7958,3
7959,3
7960,5
7961,4
7962,1
7963,5
7964,5
7965,3
7966,5
7967,4
7968,3
7969,0
7970,1
7971,5
7972,4
7973,5
7974,4
7975,0
7976,2
7977,4
7978,4
7979,3
7980,4
7981,0
7982,3
7983,0
7984,1
7985,1
7986,5
7987,0
7988,4
7989,5
7990,4
7991,5
7992,5
7993,3
7994,4
7995,3
7996,3
7997,2
7998,2
7999,2
8000,2
8001,0
8002,1
8003,3
8004,3
8005,2
8006,1
8007,5
8008,5
8009,1
8010,5
8011,0
8012,5
8013,1
8014,1
8015,3
8016,2
8017,4
8018,5
8019,3
8020,3
8021,0
8022,4
8023,2
8024,5
8025,3
8026,5
8027,3
8028,4
8029,5
8030,3
8031,3
8032,5
8033,3
8034,3
8035,4
8036,4
8037,4
8038,2
8039,0
8040,2
8041,3
8042,4
8043,2
8044,4
8045,4
8046,5
8047,4
8048,2
8049,5
8050,5
8051,3
8052,2
8053,5
8054,3
8055,5
8056,4
8057,3
8058,4
8059,5
8060,5
8061,5
8062,3
8063,5
8064,2
8065,2
8066,4
8067,4
8068,5
8069,1
8070,2
8071,3
8072,3
8073,2
8074,3
8075,4
8076,3
8077,4
8078,2
8079,2
8080,5
8081,2
8082,3
8083,2
8084,4
8085,3
8086,4
8087,4
8088,3
8089,3
8090,5
8091,5
8092,5
8093,5
8094,3
8095,3
8096,3
8097,3
8098,4
8099,1
8100,5
8101,4
8102,5
8103,1
8104,5
8105,4
8106,4
8107,5
8108,4
8109,5
8110,1
8111,3
8112,4
8113,5
8114,2
8115,0
8116,5
8117,5
8118,4
8119,5
8120,3
8121,1
8122,2
8123,1
8124,4
8125,2
8126,5
8127,1
8128,5
8129,2
8130,3
8131,5
8132,3
8133,5
8134,5
8135,4
8136,3
8137,3
8138,3
8139,3
8140,5
8141,0
8142,3
8143,2
8144,3
8145,4
8146,4
8147,4
8148,4
8149,3
8150,5
8151,4
8152,5
8153,4
8154,5
8155,3
8156,4
8157,0
8158,3
8159,2
8160,3
8161,1
8162,1
8163,3
8164,5
8165,2
8166,2
8167,3
8168,3
8169,3
8170,1
8171,3
8172,4
8173,4
8174,3
8175,4
8176,2
8177,0
8178,3
8179,2
8180,2
8181,3
8182,3
8183,1
8184,4
8185,4
8186,5
8187,3
8188,3
8189,3
8190,5
8191,1
8192,3
8193,2
8194,3
8195,2
8196,1
8197,3
8198,1
8199,3
8200,1
8201,2
8202,3
8203,1
8204,0
8205,2
8206,4
8207,3
8208,1
8209,3
8210,3
8211,5
8212,0
8213,2
8214,1
8215,5
8216,4
8217,4
8218,2
8219,1
8220,3
8221,3
8222,3
8223,0
8224,4
8225,0
8226,3
8227,5
8228,4
8229,4
8230,3
8231,4
8232,5
8233,3
8234,1
8235,5
8236,5
8237,4
8238,0
8239,2
8240,4
8241,1
8242,1
8243,3
8244,4
8245,3
8246,2
8247,3
8248,5
8249,1
8250,3
8251,3
8252,4
8253,3
8254,3
8255,0
8256,5
8257,2
8258,1
8259,2
8260,4
8261,2
8262,1
8263,5
8264,3
8265,3
8266,2
8267,2
8268,2
8269,5
8270,3
8271,4
8272,3
8273,4
8274,1
8275,5
8276,3
8277,5
8278,4
8279,1
8280,0
8281,1
8282,5
8283,3
8284,3
8285,3
8286,2
8287,2
8288,5
8289,4
8290,4
8291,2
8292,4
8293,4
8294,3
8295,4
8296,3
8297,0
8298,2
8299,5
8300,4
8301,4
8302,2
8303,2
8304,2
8305,2
8306,3
8307,4
8308,4
8309,3
8310,3
8311,3
8312,4
8313,3
8314,3
8315,3
8316,0
8317,1
8318,4
8319,2
8320,4
8321,4
8322,4
8323,0
8324,1
8325,1
8326,3
8327,0
8328,5
8329,5
8330,3
8331,3
8332,3
8333,4
8334,2
8335,3
8336,2
8337,5
8338,3
8339,5
8340,4
8341,3
8342,5
8343,5
8344,4
8345,3
8346,2
8347,3
8348,2
8349,5
8350,0
8351,2
8352,3
8353,0
8354,3
8355,2
8356,2
8357,0
8358,4
8359,4
8360,5
8361,3
8362,3
8363,5
8364,2
8365,3
8366,3
8367,2
8368,5
8369,3
8370,2
8371,1
8372,5
8373,2
8374,4
8375,3
8376,3
8377,4
8378,4
8379,4
8380,4
8381,2
8382,3
8383,3
8384,4
8385,1
8386,1
8387,4
8388,3
8389,2
8390,4
8391,4
8392,0
8393,4
8394,1
8395,4
8396,5
8397,3
8398,1
8399,3
8400,5
8401,4
8402,1
8403,4
8404,3
8405,4
8406,4
8407,3
8408,5
8409,3
8410,4
8411,5
8412,4
8413,5
8414,2
8415,4
8416,3
8417,4
8418,3
8419,4
8420,0
8421,3
8422,3
8423,4
8424,2
8425,4
8426,5
8427,1
8428,0
8429,4
8430,3
8431,4
8432,5
8433,4
8434,4
8435,4
8436,0
8437,3
8438,5
8439,3
8440,3
8441,5
8442,5
8443,4
8444,4
8445,3
8446,5
8447,3
8448,0
8449,2
8450,2
8451,5
8452,3
8453,3
8454,3
8455,5
8456,4
8457,3
8458,2
8459,3
8460,4
8461,4
8462,4
8463,3
8464,3
8465,2
8466,5
8467,4
8468,5
8469,0
8470,3
8471,5
8472,5
8473,1
8474,3
8475,3
8476,1
8477,2
8478,1
8479,4
8480,5
8481,5
8482,5
8483,3
8484,2
8485,3
8486,4
8487,4
8488,5
8489,3
8490,4
8491,2
8492,1
8493,3
8494,0
8495,3
8496,4
8497,1
8498,4
8499,1
8500,2
8501,0
8502,4
8503,3
8504,4
8505,0
8506,1
8507,5
8508,4
8509,2
8510,3
8511,1
8512,4
8513,4
8514,0
8515,5
8516,2
8517,4
8518,5
8519,4
8520,1
8521,2
8522,0
8523,1
8524,4
8525,5
8526,5
8527,4
8528,1
8529,5
8530,4
8531,4
8532,3
8533,3
8534,2
8535,2
8536,3
8537,3
8538,3
8539,4
8540,1
8541,4
8542,1
8543,3
8544,4
8545,5
8546,3
8547,5
8548,4
8549,4
8550,4
8551,3
8552,4
8553,0
8554,1
8555,4
8556,1
8557,5
8558,1
8559,3
8560,4
8561,3
8562,4
8563,5
8564,0
8565,4
8566,4
8567,0
8568,2
8569,4
8570,3
8571,3
8572,1
8573,2
8574,2
8575,4
8576,3
8577,4
8578,2
8579,3
8580,5
8581,4
8582,3
8583,0
8584,5
8585,4
8586,5
8587,4
8588,2
8589,3
8590,4
8591,5
8592,3
8593,3
8594,3
8595,5
8596,5
8597,5
8598,2
8599,5
8600,4
8601,0
8602,2
8603,2
8604,1
8605,1
8606,3
8607,0
8608,4
8609,4
8610,4
8611,3
8612,4
8613,2
8614,1
8615,5
8616,3
8617,5
8618,3
8619,3
8620,4
8621,2
8622,0
8623,2
8624,5
8625,4
8626,1
8627,4
8628,5
8629,5
8630,0
8631,5
8632,0
8633,0
8634,4
8635,3
8636,1
8637,1
8638,3
8639,3
8640,3
8641,2
8642,0
8643,3
8644,4
8645,4
8646,0
8647,4
8648,4
8649,1
8650,0
8651,4
8652,2
8653,3
8654,0
8655,5
8656,5
8657,1
8658,4
8659,2
8660,2
8661,2
8662,3
8663,2
8664,0
8665,3
8666,2
8667,2
8668,2
8669,3
8670,3
8671,2
8672,3
8673,3
8674,5
8675,2
8676,0
8677,0
8678,4
8679,5
8680,2
8681,1
8682,2
8683,4
8684,1
8685,3
8686,4
8687,2
8688,3
8689,3
8690,3
8691,4
8692,3
8693,4
8694,0
8695,5
8696,4
8697,5
8698,4
8699,5
8700,4
8701,0
8702,3
8703,4
8704,4
8705,3
8706,2
8707,0
8708,3
8709,3
8710,1
8711,2
8712,3
8713,5
8714,4
8715,4
8716,3
8717,4
8718,2
8719,5
8720,5
8721,4
8722,5
8723,2
8724,3
8725,4
8726,0
8727,3
8728,4
8729,3
8730,0
8731,4
8732,2
8733,2
8734,4
8735,3
8736,4
8737,4
8738,4
8739,5
8740,0
8741,4
8742,4
8743,5
8744,3
8745,3
8746,2
8747,3
8748,4
8749,2
8750,4
8751,3
8752,0
8753,3
8754,3
8755,4
8756,3
8757,5
8758,1
8759,4
8760,5
8761,4
8762,0
8763,2
8764,5
8765,1
8766,1
8767,4
8768,2
8769,4
8770,4
8771,2
8772,3
8773,0
8774,0
8775,1
8776,1
8777,0
8778,2
8779,5
8780,2
8781,3
8782,3
8783,2
8784,4
8785,3
8786,4
8787,5
8788,3
8789,0
8790,0
8791,4
8792,0
8793,4
8794,2
8795,2
8796,4
8797,4
8798,4
8799,5
8800,5
8801,3
8802,5
8803,4
8804,2
8805,5
8806,2
8807,3
8808,2
8809,3
8810,4
8811,3
8812,5
8813,3
8814,4
8815,1
8816,2
8817,4
8818,2
8819,4
8820,3
8821,3
8822,1
8823,4
8824,3
8825,3
8826,2
8827,4
8828,2
8829,0
8830,4
8831,0
8832,5
8833,4
8834,5
8835,1
8836,0
8837,2
8838,3
8839,4
8840,3
8841,2
8842,4
8843,4
8844,4
8845,4
8846,0
8847,5
8848,4
8849,2
8850,3
8851,4
8852,0
8853,3
8854,4
8855,2
8856,5
8857,4
8858,1
8859,2
8860,5
8861,1
8862,4
8863,3
8864,5
8865,3
8866,3
8867,5
8868,5
8869,5
8870,4
8871,1
8872,3
8873,5
8874,4
8875,0
8876,5
8877,3
8878,3
8879,3
8880,4
8881,1
8882,5
8883,2
8884,3
8885,5
8886,3
8887,0
8888,4
8889,4
8890,3
8891,2
8892,1
8893,3
8894,0
8895,4
8896,2
8897,3
8898,3
8899,3
8900,3
8901,4
8902,2
8903,5
8904,5
8905,5
8906,4
8907,4
8908,2
8909,2
8910,2
8911,1
8912,4
8913,2
8914,2
8915,3
8916,3
8917,5
8918,3
8919,2
8920,1
8921,2
8922,3
8923,4
8924,3
8925,5
8926,5
8927,2
8928,5
8929,3
8930,0
8931,3
8932,2
8933,1
8934,3
8935,4
8936,3
8937,3
8938,3
8939,4
8940,5
8941,3
8942,2
8943,4
8944,4
8945,2
8946,1
8947,1
8948,1
8949,1
8950,3
8951,4
8952,3
8953,2
8954,1
8955,3
8956,3
8957,4
8958,4
8959,5
8960,1
8961,3
8962,4
8963,2
8964,1
8965,4
8966,2
8967,4
8968,2
8969,3
8970,3
8971,3
8972,5
8973,3
8974,3
8975,4
8976,3
8977,3
8978,1
8979,0
8980,5
8981,4
8982,4
8983,5
8984,4
8985,5
8986,3
8987,2
8988,4
8989,2
8990,4
8991,1
8992,1
8993,4
8994,0
8995,3
8996,2
8997,4
8998,5
8999,5
9000,5
9001,4
9002,5
9003,1
9004,3
9005,4
9006,4
9007,3
9008,1
9009,3
9010,3
9011,0
9012,5
9013,2
9014,5
9015,3
9016,2
9017,4
9018,5
9019,2
9020,4
9021,4
9022,2
9023,4
9024,3
9025,3
9026,2
9027,1
9028,2
9029,2
9030,3
9031,2
9032,4
9033,3
9034,2
9035,2
9036,3
9037,5
9038,2
9039,4
9040,5
9041,3
9042,4
9043,4
9044,2
9045,4
9046,2
9047,3
9048,4
9049,1
9050,1
9051,2
9052,3
9053,4
9054,2
9055,1
9056,3
9057,3
9058,1
9059,2
9060,1
9061,1
9062,3
9063,5
9064,0
9065,2
9066,2
9067,0
9068,3
9069,1
9070,5
9071,5
9072,3
9073,1
9074,4
9075,4
9076,3
9077,3
9078,3
9079,5
9080,1
9081,3
9082,4
9083,0
9084,5
9085,1
9086,5
9087,1
9088,5
9089,2
9090,4
9091,5
9092,4
9093,0
9094,2
9095,3
9096,3
9097,5
9098,3
9099,3
9100,0
9101,4
9102,3
9103,2
9104,3
9105,4
9106,5
9107,1
9108,5
9109,4
9110,1
9111,2
9112,1
9113,3
9114,0
9115,4
9116,3
9117,4
9118,1
9119,4
9120,0
9121,4
9122,4
9123,2
9124,3
9125,4
9126,3
9127,3
9128,2
9129,5
9130,3
9131,3
9132,4
9133,5
9134,5
9135,4
9136,0
9137,1
9138,3
9139,0
9140,2
9141,3
9142,3
9143,5
9144,3
9145,3
9146,3
9147,4
9148,0
9149,3
9150,2
9151,2
9152,3
9153,2
9154,5
9155,3
9156,2
9157,2
9158,5
9159,1
9160,3
9161,4
9162,3
9163,5
9164,2
9165,4
9166,1
9167,3
9168,3
9169,3
9170,5
9171,3
9172,3
9173,3
9174,3
9175,1
9176,4
9177,3
9178,1
9179,2
9180,3
9181,1
9182,5
9183,2
9184,3
9185,1
9186,0
9187,4
9188,5
9189,4
9190,1
9191,4
9192,2
9193,3
9194,3
9195,4
9196,2
9197,2
9198,4
9199,1
9200,5
9201,0
9202,3
9203,3
9204,1
9205,2
9206,3
9207,0
9208,5
9209,2
9210,3
9211,3
9212,4
9213,5
9214,3
9215,4
9216,5
9217,0
9218,5
9219,5
9220,4
9221,3
9222,0
9223,4
9224,3
9225,3
9226,1
9227,3
9228,3
9229,2
9230,4
9231,0
9232,3
9233,3
9234,4
9235,3
9236,1
9237,3
9238,1
9239,3
9240,1
9241,0
9242,4
9243,5
9244,2
9245,4
9246,2
9247,5
9248,5
9249,2
9250,5
9251,4
9252,4
9253,1
9254,3
9255,1
9256,1
9257,4
9258,4
9259,5
9260,4
9261,1
9262,2
9263,4
9264,0
9265,5
9266,4
9267,4
9268,5
9269,4
9270,2
9271,4
9272,2
9273,3
9274,3
9275,4
9276,2
9277,2
9278,3
9279,5
9280,2
9281,2
9282,4
9283,2
9284,2
9285,3
9286,5
9287,5
9288,5
9289,1
9290,5
9291,0
9292,3
9293,4
9294,3
9295,3
9296,2
9297,3
9298,3
9299,2
9300,4
9301,5
9302,4
9303,3
9304,4
9305,3
9306,1
9307,4
9308,2
9309,2
9310,3
9311,1
9312,2
9313,3
9314,1
9315,1
9316,3
9317,4
9318,4
9319,4
9320,4
9321,1
9322,2
9323,3
9324,4
9325,0
9326,5
9327,5
9328,2
9329,2
9330,5
9331,2
9332,3
9333,5
9334,2
9335,4
9336,5
9337,4
9338,3
9339,2
9340,3
9341,4
9342,2
9343,3
9344,1
9345,3
9346,3
9347,5
9348,5
9349,5
9350,3
9351,2
9352,5
9353,4
9354,3
9355,1
9356,2
9357,4
9358,0
9359,5
9360,3
9361,1
9362,4
9363,3
9364,5
9365,2
9366,3
9367,0
9368,5
9369,4
9370,2
9371,3
9372,5
9373,3
9374,4
9375,2
9376,3
9377,3
9378,2
9379,2
9380,4
9381,4
9382,1
9383,0
9384,5
9385,5
9386,3
9387,2
9388,1
9389,5
9390,1
9391,5
9392,3
9393,2
9394,4
9395,4
9396,3
9397,3
9398,5
9399,3
9400,1
9401,4
9402,5
9403,4
9404,1
9405,2
9406,5
9407,3
9408,0
9409,5
9410,1
9411,4
9412,3
9413,4
9414,2
9415,0
9416,4
9417,3
9418,3
9419,1
9420,3
9421,5
9422,4
9423,3
9424,1
9425,4
9426,2
9427,5
9428,4
9429,5
9430,5
9431,4
9432,4
9433,4
9434,0
9435,4
9436,2
9437,3
9438,3
9439,4
9440,3
9441,1
9442,3
9443,5
9444,1
9445,5
9446,4
9447,2
9448,4
9449,3
9450,2
9451,2
9452,2
9453,4
9454,2
9455,5
9456,5
9457,4
9458,2
9459,3
9460,0
9461,1
9462,3
9463,2
9464,1
9465,5
9466,2
9467,4
9468,4
9469,2
9470,4
9471,2
9472,1
9473,2
9474,4
9475,3
9476,5
9477,2
9478,5
9479,5
9480,5
9481,5
9482,2
9483,4
9484,2
9485,3
9486,1
9487,5
9488,3
9489,3
9490,3
9491,0
9492,4
9493,1
9494,3
9495,3
9496,5
9497,3
9498,4
9499,0
9500,4
9501,5
9502,1
9503,5
9504,3
9505,5
9506,2
9507,4
9508,4
9509,2
9510,2
9511,3
9512,2
9513,4
9514,0
9515,3
9516,2
9517,2
9518,4
9519,3
9520,3
9521,2
9522,3
9523,4
9524,1
9525,5
9526,2
9527,4
9528,5
9529,3
9530,5
9531,4
9532,3
9533,2
9534,4
9535,3
9536,3
9537,0
9538,3
9539,1
9540,3
9541,2
9542,1
9543,4
9544,5
9545,3
9546,4
9547,4
9548,3
9549,1
9550,0
9551,0
9552,3
9553,5
9554,4
9555,4
9556,1
9557,4
9558,4
9559,4
9560,3
9561,2
9562,4
9563,4
9564,5
9565,5
9566,4
9567,1
9568,4
9569,5
9570,2
9571,0
9572,5
9573,2
9574,4
9575,5
9576,0
9577,0
9578,5
9579,1
9580,0
9581,4
9582,4
9583,3
9584,4
9585,3
9586,0
9587,5
9588,2
9589,0
9590,1
9591,2
9592,4
9593,4
9594,3
9595,5
9596,1
9597,3
9598,1
9599,2
9600,2
9601,3
9602,3
9603,2
9604,3
9605,4
9606,5
9607,2
9608,5
9609,3
9610,2
9611,3
9612,5
9613,5
9614,5
9615,5
9616,1
9617,0
9618,0
9619,5
9620,4
9621,0
9622,5
9623,3
9624,1
9625,5
9626,0
9627,4
9628,3
9629,2
9630,2
9631,3
9632,2
9633,4
9634,1
9635,3
9636,5
9637,2
9638,3
9639,3
9640,1
9641,5
9642,5
9643,5
9644,5
9645,1
9646,2
9647,2
9648,5
9649,2
9650,4
9651,3
9652,2
9653,4
9654,2
9655,3
9656,1
9657,4
9658,3
9659,4
9660,3
9661,2
9662,5
9663,3
9664,5
9665,5
9666,5
9667,0
9668,4
9669,5
9670,0
9671,0
9672,0
9673,3
9674,1
9675,4
9676,3
9677,3
9678,1
9679,0
9680,3
9681,3
9682,5
9683,3
9684,2
9685,1
9686,2
9687,3
9688,3
9689,2
9690,2
9691,1
9692,1
9693,4
9694,3
9695,5
9696,2
9697,3
9698,1
9699,4
9700,5
9701,2
9702,4
9703,3
9704,4
9705,1
9706,4
9707,4
9708,5
9709,5
9710,3
9711,4
9712,1
9713,3
9714,2
9715,5
9716,1
9717,3
9718,4
9719,4
9720,1
9721,3
9722,3
9723,5
9724,3
9725,3
9726,5
9727,5
9728,3
9729,4
9730,4
9731,3
9732,3
9733,3
9734,4
9735,3
9736,5
9737,2
9738,0
9739,4
9740,4
9741,4
9742,3
9743,2
9744,5
9745,0
9746,1
9747,4
9748,4
9749,3
9750,1
9751,1
9752,1
9753,2
9754,2
9755,0
9756,3
9757,5
9758,5
9759,5
9760,3
9761,2
9762,5
9763,2
9764,0
9765,4
9766,4
9767,3
9768,4
9769,2
9770,5
9771,4
9772,4
9773,1
9774,5
9775,4
9776,5
9777,4
9778,4
9779,5
9780,2
9781,2
9782,2
9783,4
9784,0
9785,5
9786,0
9787,4
9788,2
9789,4
9790,1
9791,5
9792,1
9793,3
9794,4
9795,4
9796,2
9797,1
9798,2
9799,0
9800,3
9801,3
9802,3
9803,4
9804,5
9805,4
9806,4
9807,3
9808,5
9809,3
9810,2
9811,3
9812,4
9813,4
9814,2
9815,3
9816,1
9817,1
9818,5
9819,5
9820,1
9821,3
9822,2
9823,4
9824,1
9825,5
9826,2
9827,3
9828,3
9829,3
9830,0
9831,2
9832,5
9833,4
9834,1
9835,5
9836,2
9837,5
9838,3
9839,5
9840,1
9841,3
9842,4
9843,5
9844,3
9845,4
9846,3
9847,4
9848,2
9849,2
9850,3
9851,2
9852,5
9853,3
9854,3
9855,3
9856,5
9857,3
9858,3
9859,5
9860,4
9861,0
9862,0
9863,4
9864,3
9865,4
9866,2
9867,3
9868,5
9869,3
9870,2
9871,3
9872,1
9873,4
9874,1
9875,0
9876,5
9877,3
9878,5
9879,1
9880,4
9881,4
9882,2
9883,1
9884,5
9885,5
9886,3
9887,1
9888,2
9889,2
9890,4
9891,4
9892,4
9893,5
9894,5
9895,3
9896,3
9897,4
9898,4
9899,1
9900,1
9901,4
9902,0
9903,3
9904,4
9905,2
9906,3
9907,2
9908,2
9909,3
9910,2
9911,1
9912,1
9913,1
9914,2
9915,3
9916,1
9917,1
9918,3
9919,3
9920,4
9921,3
9922,1
9923,4
9924,3
9925,5
9926,0
9927,2
9928,2
9929,2
9930,4
9931,4
9932,3
9933,3
9934,2
9935,3
9936,2
9937,3
9938,5
9939,3
9940,4
9941,4
9942,4
9943,1
9944,4
9945,0
9946,3
9947,2
9948,3
9949,5
9950,5
9951,0
9952,4
9953,4
9954,1
9955,5
9956,5
9957,4
9958,4
9959,1
9960,3
9961,1
9962,2
9963,5
9964,4
9965,1
9966,5
9967,5
9968,1
9969,4
9970,5
9971,3
9972,3
9973,5
9974,4
9975,4
9976,4
9977,3
9978,4
9979,5
9980,4
9981,4
9982,0
9983,4
9984,1
9985,2
9986,2
9987,1
9988,1
9989,5
9990,1
9991,4
9992,3
9993,3
9994,3
9995,5
9996,3
9997,5
9998,2
9999,4
10000,4
10001,4
10002,4
10003,3
10004,2
10005,5
10006,2
10007,5
10008,3
10009,2
10010,4
10011,1
10012,3
10013,5
10014,3
10015,3
10016,3
10017,5
10018,5
10019,3
10020,0
10021,3
10022,3
10023,0
10024,0
10025,4
10026,5
10027,5
10028,3
10029,5
10030,0
10031,1
10032,3
10033,5
10034,5
10035,1
10036,1
10037,2
10038,4
10039,3
10040,2
10041,2
10042,2
10043,4
10044,3
10045,2
10046,5
10047,3
10048,5
10049,4
10050,5
10051,3
10052,4
10053,4
10054,4
10055,2
10056,4
10057,5
10058,4
10059,5
10060,2
10061,5
10062,4
10063,4
10064,2
10065,4
10066,3
10067,4
10068,5
10069,5
10070,4
10071,4
10072,3
10073,5
10074,3
10075,5
10076,5
10077,2
10078,2
10079,1
10080,5
10081,4
10082,4
10083,2
10084,3
10085,1
10086,3
10087,0
10088,2
10089,0
10090,3
10091,5
10092,2
10093,4
10094,5
10095,2
10096,5
10097,3
10098,3
10099,5
10100,2
10101,1
10102,5
10103,2
10104,0
10105,5
10106,3
10107,2
10108,3
10109,3
10110,2
10111,4
10112,4
10113,2
10114,5
10115,1
10116,5
10117,3
10118,4
10119,5
10120,5
10121,3
10122,5
10123,3
10124,2
10125,1
10126,4
10127,5
10128,4
10129,3
10130,5
10131,5
10132,2
10133,3
10134,5
10135,5
10136,0
10137,4
10138,3
10139,2
10140,4
10141,5
10142,3
10143,5
10144,3
10145,5
10146,3
10147,4
10148,3
10149,3
10150,4
10151,4
10152,2
10153,3
10154,2
10155,3
10156,1
10157,2
10158,4
10159,3
10160,1
10161,5
10162,4
10163,0
10164,5
10165,3
10166,4
10167,3
10168,4
10169,4
10170,2
10171,4
10172,2
10173,5
10174,4
10175,2
10176,2
10177,1
10178,4
10179,3
10180,2
10181,3
10182,2
10183,0
10184,3
10185,4
10186,5
10187,4
10188,2
10189,1
10190,2
10191,2
10192,3
10193,3
10194,5
10195,4
10196,4
10197,5
10198,1
10199,3
10200,5
10201,1
10202,5
10203,3
10204,0
10205,0
10206,3
10207,4
10208,3
10209,4
10210,0
10211,3
10212,3
10213,4
10214,1
10215,4
10216,0
10217,3
10218,3
10219,4
10220,3
10221,2
10222,1
10223,0
10224,3
10225,2
10226,2
10227,3
10228,2
10229,4
10230,4
10231,0
10232,2
10233,3
10234,0
10235,3
10236,3
10237,2
10238,2
10239,0
10240,3
10241,3
10242,4
10243,1
10244,3
10245,4
10246,3
10247,3
10248,5
10249,3
10250,3
10251,4
10252,3
10253,4
10254,5
10255,3
10256,4
10257,5
10258,4
10259,1
10260,3
10261,3
10262,3
10263,2
10264,1
10265,4
10266,5
10267,3
10268,2
10269,1
10270,5
10271,2
10272,3
10273,5
10274,4
10275,0
10276,2
10277,3
10278,5
10279,2
10280,4
10281,0
10282,2
10283,4
10284,3
10285,2
10286,3
10287,0
10288,5
10289,1
10290,4
10291,2
10292,0
10293,0
10294,3
10295,3
10296,2
10297,3
10298,1
10299,5
10300,4
10301,3
10302,4
10303,1
10304,4
10305,3
10306,5
10307,4
10308,3
10309,1
10310,3
10311,4
10312,2
10313,4
10314,1
10315,4
10316,4
10317,4
10318,4
10319,4
10320,2
10321,0
10322,0
10323,4
10324,0
10325,5
10326,4
10327,2
10328,5
10329,2
10330,5
10331,1
10332,2
10333,4
10334,0
10335,4
10336,5
10337,3
10338,5
10339,5
10340,2
10341,5
10342,5
10343,5
10344,2
10345,4
10346,4
10347,5
10348,2
10349,4
10350,3
10351,2
10352,2
10353,4
10354,4
10355,3
10356,1
10357,4
10358,4
10359,2
10360,3
10361,0
10362,3
10363,4
10364,4
10365,3
10366,5
10367,4
10368,1
10369,1
10370,3
10371,4
10372,2
10373,3
10374,0
10375,4
10376,0
10377,1
10378,2
10379,0
10380,2
10381,3
10382,2
10383,2
10384,5
10385,1
10386,3
10387,5
10388,4
10389,5
10390,1
10391,4
10392,0
10393,1
10394,0
10395,2
10396,3
10397,3
10398,4
10399,3
10400,4
10401,3
10402,5
10403,2
10404,2
10405,5
10406,4
10407,5
10408,3
10409,4
10410,1
10411,4
10412,3
10413,5
10414,1
10415,3
10416,3
10417,4
10418,0
10419,4
10420,2
10421,5
10422,1
10423,4
10424,3
10425,1
10426,1
10427,1
10428,5
10429,1
10430,3
10431,3
10432,0
10433,3
10434,5
10435,2
10436,1
10437,3
10438,4
10439,1
10440,3
10441,3
10442,3
10443,4
10444,4
10445,3
10446,3
10447,3
10448,4
10449,4
10450,2
10451,5
10452,5
10453,2
10454,5
10455,0
10456,4
10457,3
10458,4
10459,1
10460,5
10461,3
10462,5
10463,3
10464,3
10465,0
10466,2
10467,5
10468,4
10469,5
10470,4
10471,3
10472,3
10473,3
10474,2
10475,1
10476,2
10477,5
10478,5
10479,3
10480,0
10481,3
10482,5
10483,3
10484,4
10485,5
10486,4
10487,5
10488,2
10489,3
10490,3
10491,3
10492,1
10493,5
10494,0
10495,2
10496,3
10497,1
10498,0
10499,0
10500,3
10501,5
10502,5
10503,2
10504,3
10505,2
10506,3
10507,2
10508,4
10509,1
10510,2
10511,4
10512,4
10513,4
10514,4
10515,3
10516,3
10517,4
10518,3
10519,2
10520,5
10521,3
10522,2
10523,4
10524,0
10525,2
10526,2
10527,4
10528,0
10529,4
10530,5
10531,4
10532,4
10533,3
10534,4
10535,1
10536,2
10537,2
10538,5
10539,1
10540,4
10541,1
10542,2
10543,3
10544,3
10545,5
10546,4
10547,5
10548,4
10549,3
10550,4
10551,2
10552,4
10553,2
10554,3
10555,3
10556,1
10557,3
10558,3
10559,5
10560,1
10561,4
10562,3
10563,4
10564,2
10565,5
10566,1
10567,2
10568,1
10569,1
10570,1
10571,2
10572,3
10573,3
10574,3
10575,4
10576,1
10577,3
10578,4
10579,4
10580,2
10581,4
10582,4
10583,3
10584,0
10585,3
10586,0
10587,5
10588,5
10589,1
10590,5
10591,5
10592,4
10593,4
10594,0
10595,4
10596,1
10597,4
10598,5
10599,3
10600,5
10601,3
10602,1
10603,4
10604,4
10605,4
10606,3
10607,3
10608,4
10609,2
10610,2
10611,2
10612,4
10613,5
10614,4
10615,2
10616,2
10617,3
10618,4
10619,5
10620,5
10621,2
10622,3
10623,3
10624,3
10625,3
10626,5
10627,4
10628,5
10629,4
10630,3
10631,2
10632,4
10633,5
10634,4
10635,1
10636,2
10637,3
10638,3
10639,0
10640,3
10641,3
10642,0
10643,4
10644,4
10645,3
10646,2
10647,3
10648,4
10649,4
10650,3
10651,2
10652,3
10653,0
10654,2
10655,2
10656,4
10657,4
10658,4
10659,2
10660,3
10661,3
10662,0
10663,5
10664,2
10665,5
10666,4
10667,4
10668,4
10669,2
10670,3
10671,2
10672,4
10673,3
10674,2
10675,3
10676,4
10677,5
10678,5
10679,3
10680,0
10681,4
10682,4
10683,5
10684,3
10685,2
10686,2
10687,0
10688,1
10689,4
10690,2
10691,5
10692,2
10693,5
10694,4
10695,3
10696,2
10697,4
10698,3
10699,5
10700,2
10701,1
10702,0
10703,3
10704,3
10705,5
10706,1
10707,2
10708,5
10709,3
10710,3
10711,2
10712,3
10713,2
10714,5
10715,5
10716,4
10717,4
10718,3
10719,0
10720,4
10721,0
10722,0
10723,3
10724,5
10725,2
10726,3
10727,0
10728,5
10729,4
10730,2
10731,3
10732,4
10733,1
10734,5
10735,0
10736,4
10737,3
10738,4
10739,5
10740,0
10741,5
10742,3
10743,5
10744,4
10745,0
10746,4
10747,3
10748,5
10749,2
10750,3
10751,4
10752,5
10753,2
10754,3
10755,0
10756,2
10757,5
10758,0
10759,2
10760,3
10761,1
10762,0
10763,1
10764,0
10765,4
10766,2
10767,4
10768,2
10769,3
10770,5
10771,2
10772,2
10773,4
10774,2
10775,1
10776,3
10777,3
10778,5
10779,3
10780,4
10781,4
10782,3
10783,1
10784,3
10785,4
10786,5
10787,2
10788,2
10789,2
10790,4
10791,3
10792,4
10793,4
10794,0
10795,5
10796,2
10797,5
10798,3
10799,4
10800,0
10801,2
10802,4
10803,5
10804,3
10805,0
10806,5
10807,3
10808,5
10809,5
10810,4
10811,3
10812,0
10813,5
10814,2
10815,3
10816,5
10817,2
10818,4
10819,1
10820,0
10821,3
10822,4
10823,2
10824,5
10825,2
10826,1
10827,1
10828,1
10829,2
10830,4
10831,4
10832,3
10833,1
10834,3
10835,3
10836,4
10837,3
10838,1
10839,5
10840,2
10841,5
10842,3
10843,3
10844,3
10845,3
10846,3
10847,3
10848,4
10849,3
10850,5
10851,1
10852,3
10853,4
10854,0
10855,4
10856,5
10857,3
10858,1
10859,3
10860,1
10861,3
10862,1
10863,5
10864,5
10865,4
10866,3
10867,4
10868,4
10869,1
10870,2
10871,1
10872,4
10873,4
10874,2
10875,0
10876,4
10877,3
10878,1
10879,4
10880,3
10881,5
10882,1
10883,3
10884,4
10885,3
10886,2
10887,2
10888,3
10889,2
10890,1
10891,5
10892,2
10893,5
10894,0
10895,1
10896,4
10897,3
10898,5
10899,5
10900,5
10901,1
10902,2
10903,0
10904,3
10905,2
10906,0
10907,2
10908,5
10909,2
10910,4
10911,2
10912,4
10913,5
10914,4
10915,5
10916,5
10917,3
10918,4
10919,5
10920,1
10921,0
10922,4
10923,3
10924,1
10925,0
10926,4
10927,3
10928,1
10929,4
10930,3
10931,3
10932,5
10933,2
10934,3
10935,5
10936,2
10937,0
10938,5
10939,3
10940,2
10941,3
10942,2
10943,5
10944,4
10945,5
10946,3
10947,5
10948,2
10949,4
10950,1
10951,4
10952,5
10953,4
10954,2
10955,5
10956,3
10957,5
10958,2
10959,0
10960,5
10961,2
10962,5
10963,0
10964,4
10965,3
10966,3
10967,1
10968,4
10969,2
10970,2
10971,3
10972,2
10973,5
10974,4
10975,4
10976,3
10977,2
10978,4
10979,3
10980,2
10981,2
10982,0
10983,4
10984,2
10985,3
10986,3
10987,5
10988,1
10989,2
10990,3
10991,4
10992,5
10993,4
10994,3
10995,5
10996,3
10997,1
10998,2
10999,1
11000,3
11001,2
11002,3
11003,5
11004,1
11005,5
11006,3
11007,3
11008,1
11009,4
11010,4
11011,3
11012,1
11013,2
11014,3
11015,2
11016,3
11017,3
11018,5
11019,5
11020,0
11021,1
11022,5
11023,4
11024,4
11025,4
11026,3
11027,3
11028,4
11029,3
11030,4
11031,2
11032,4
11033,5
11034,3
11035,4
11036,3
11037,0
11038,0
11039,4
11040,4
11041,5
11042,2
11043,5
11044,3
11045,2
11046,4
11047,2
11048,5
11049,1
11050,3
11051,5
11052,2
11053,4
11054,0
11055,1
11056,3
11057,3
11058,3
11059,4
11060,3
11061,1
11062,4
11063,5
11064,5
11065,3
11066,4
11067,0
11068,1
11069,5
11070,2
11071,5
11072,5
11073,4
11074,3
11075,2
11076,1
11077,0
11078,5
11079,5
11080,2
11081,5
11082,4
11083,4
11084,2
11085,1
11086,2
11087,2
11088,4
11089,5
11090,2
11091,2
11092,3
11093,5
11094,2
11095,2
11096,2
11097,5
11098,4
11099,0
11100,5
11101,5
11102,2
11103,3
11104,3
11105,0
11106,1
11107,3
11108,4
11109,3
11110,4
11111,2
11112,5
11113,0
11114,0
11115,1
11116,3
11117,1
11118,1
11119,3
11120,3
11121,4
11122,4
11123,3
11124,3
11125,5
11126,4
11127,4
11128,2
11129,4
11130,4
11131,4
11132,2
11133,2
11134,3
11135,4
11136,3
11137,5
11138,3
11139,3
11140,1
11141,3
11142,2
11143,3
11144,1
11145,3
11146,3
11147,1
11148,5
11149,2
11150,5
11151,3
11152,4
11153,3
11154,3
11155,5
11156,1
11157,4
11158,0
11159,3
11160,4
11161,5
11162,4
11163,4
11164,3
11165,4
11166,4
11167,2
11168,4
11169,3
11170,3
11171,2
11172,1
11173,2
11174,4
11175,4
11176,1
11177,3
11178,4
11179,3
11180,3
11181,0
11182,3
11183,2
11184,5
11185,3
11186,4
11187,5
11188,1
11189,3
11190,4
11191,3
11192,3
11193,3
11194,3
11195,5
11196,2
11197,5
11198,4
11199,4
11200,2
11201,4
11202,1
11203,4
11204,2
11205,2
11206,3
11207,5
11208,2
11209,5
11210,4
11211,5
11212,5
11213,5
11214,1
11215,1
11216,4
11217,1
11218,5
11219,5
11220,5
11221,5
11222,3
11223,2
11224,2
11225,5
11226,3
11227,5
11228,4
11229,5
11230,0
11231,4
11232,5
11233,3
11234,1
11235,4
11236,4
11237,2
11238,2
11239,4
11240,0
11241,3
11242,5
11243,3
11244,3
11245,3
11246,4
11247,2
11248,2
11249,3
11250,5
11251,4
11252,3
11253,4
11254,3
11255,4
11256,4
11257,2
11258,2
11259,3
11260,3
11261,2
11262,4
11263,2
11264,5
11265,2
11266,2
11267,3
11268,1
11269,4
11270,2
11271,3
11272,4
11273,5
11274,1
11275,2
11276,2
11277,1
11278,3
11279,2
11280,3
11281,1
11282,2
11283,0
11284,3
11285,5
11286,2
11287,4
11288,0
11289,4
11290,3
11291,5
11292,4
11293,1
11294,2
11295,3
11296,5
11297,3
11298,5
11299,4
11300,0
11301,4
11302,3
11303,5
11304,1
11305,0
11306,1
11307,2
11308,2
11309,5
11310,1
11311,4
11312,5
11313,3
11314,2
11315,3
11316,1
11317,4
11318,4
11319,0
11320,0
11321,2
11322,4
11323,5
11324,5
11325,3
11326,4
11327,2
11328,3
11329,2
11330,4
11331,5
11332,3
11333,1
11334,2
11335,1
11336,3
11337,4
11338,3
11339,1
11340,4
11341,4
11342,5
11343,3
11344,5
11345,1
11346,2
11347,5
11348,4
11349,3
11350,3
11351,3
11352,5
11353,5
11354,2
11355,3
11356,4
11357,1
11358,4
11359,4
11360,2
11361,5
11362,5
11363,2
11364,3
11365,5
11366,3
11367,0
11368,3
11369,5
11370,2
11371,5
11372,1
11373,2
11374,1
11375,2
11376,3
11377,5
11378,3
11379,5
11380,3
11381,4
11382,0
11383,4
11384,2
11385,1
11386,2
11387,3
11388,3
11389,5
11390,3
11391,5
11392,3
11393,3
11394,3
11395,4
11396,4
11397,5
11398,0
11399,5
11400,2
11401,1
11402,5
11403,5
11404,4
11405,4
11406,3
11407,2
11408,2
11409,5
11410,3
11411,4
11412,3
11413,0
11414,0
11415,5
11416,1
11417,5
11418,4
11419,3
11420,3
11421,4
11422,5
11423,3
11424,5
11425,4
11426,4
11427,1
11428,5
11429,4
11430,3
11431,0
11432,5
11433,3
11434,5
11435,4
11436,4
11437,0
11438,3
11439,1
11440,3
11441,5
11442,4
11443,4
11444,1
11445,3
11446,4
11447,5
11448,3
11449,2
11450,3
11451,4
11452,4
11453,4
11454,4
11455,3
11456,4
11457,0
11458,4
11459,3
11460,2
11461,4
11462,1
11463,5
11464,4
11465,5
11466,1
11467,4
11468,4
11469,5
11470,4
11471,5
11472,4
11473,4
11474,5
11475,5
11476,5
11477,3
11478,3
11479,2
11480,5
11481,5
11482,3
11483,5
11484,4
11485,5
11486,1
11487,4
11488,3
11489,5
11490,3
11491,0
11492,4
11493,4
11494,1
11495,5
11496,2
11497,3
11498,5
11499,5
11500,4
11501,3
11502,4
11503,5
11504,4
11505,2
11506,3
11507,5
11508,5
11509,1
11510,3
11511,4
11512,4
11513,5
11514,3
11515,1
11516,3
11517,5
11518,4
11519,5
11520,1
11521,1
11522,4
11523,3
11524,1
11525,2
11526,4
11527,4
11528,2
11529,4
11530,5
11531,5
11532,4
11533,0
11534,4
11535,0
11536,5
11537,3
11538,4
11539,3
11540,4
11541,3
11542,3
11543,5
11544,5
11545,2
11546,3
11547,4
11548,1
11549,0
11550,2
11551,5
11552,2
11553,3
11554,1
11555,0
11556,4
11557,4
11558,0
11559,3
11560,4
11561,1
11562,3
11563,2
11564,3
11565,3
11566,4
11567,4
11568,2
11569,3
11570,5
11571,3
11572,5
11573,4
11574,4
11575,5
11576,4
11577,0
11578,0
11579,2
11580,5
11581,4
11582,3
11583,4
11584,3
11585,4
11586,2
11587,0
11588,4
11589,2
11590,4
11591,3
11592,5
11593,3
11594,0
11595,4
11596,5
11597,2
11598,2
11599,4
11600,4
11601,1
11602,3
11603,0
11604,5
11605,2
11606,5
11607,0
11608,2
11609,1
11610,0
11611,2
11612,3
11613,4
11614,1
11615,3
11616,2
11617,2
11618,1
11619,4
11620,5
11621,2
11622,3
11623,5
11624,5
11625,3
11626,1
11627,2
11628,2
11629,5
11630,3
11631,3
11632,2
11633,3
11634,2
11635,4
11636,0
11637,0
11638,5
11639,4
11640,4
11641,2
11642,4
11643,5
11644,4
11645,3
11646,2
11647,3
11648,5
11649,2
11650,3
11651,1
11652,3
11653,2
11654,5
11655,0
11656,0
11657,3
11658,3
11659,4
11660,4
11661,2
11662,3
11663,5
11664,2
11665,2
11666,0
11667,5
11668,5
11669,2
11670,4
11671,5
11672,2
11673,5
11674,5
11675,2
11676,3
11677,4
11678,3
11679,5
11680,1
11681,5
11682,4
11683,4
11684,3
11685,4
11686,4
11687,4
11688,1
11689,3
11690,2
11691,5
11692,3
11693,0
11694,0
11695,5
11696,3
11697,5
11698,2
11699,5
11700,2
11701,3
11702,3
11703,3
11704,0
11705,4
11706,1
11707,3
11708,4
11709,4
11710,3
11711,3
11712,2
11713,5
11714,3
11715,1
11716,2
11717,5
11718,0
11719,0
11720,2
11721,2
11722,4
11723,5
11724,5
11725,5
11726,4
11727,4
11728,4
11729,0
11730,0
11731,4
11732,3
11733,3
11734,3
11735,1
11736,2
11737,0
11738,4
11739,3
11740,1
11741,5
11742,3
11743,4
11744,3
11745,4
11746,2
11747,2
11748,4
11749,5
11750,3
11751,3
11752,3
11753,3
11754,3
11755,4
11756,0
11757,3
11758,3
11759,4
11760,2
11761,2
11762,4
11763,1
11764,2
11765,3
11766,4
11767,0
11768,3
11769,3
11770,4
11771,4
11772,0
11773,5
11774,2
11775,2
11776,2
11777,2
11778,4
11779,1
11780,5
11781,1
11782,2
11783,3
11784,3
11785,2
11786,5
11787,4
11788,4
11789,4
11790,3
11791,2
11792,5
11793,2
11794,0
11795,4
11796,4
11797,1
11798,0
11799,5
11800,3
11801,4
11802,4
11803,2
11804,1
11805,2
11806,5
11807,2
11808,4
11809,5
11810,3
11811,4
11812,5
11813,5
11814,4
11815,3
11816,0
11817,3
11818,4
11819,5
11820,2
11821,3
11822,5
11823,4
11824,3
11825,0
11826,3
11827,5
11828,3
11829,3
11830,2
11831,4
11832,0
11833,4
11834,1
11835,1
11836,5
11837,3
11838,5
11839,1
11840,4
11841,5
11842,5
11843,4
11844,4
11845,1
11846,3
11847,2
11848,4
11849,1
11850,5
11851,2
11852,3
11853,3
11854,4
11855,5
11856,4
11857,1
11858,4
11859,0
11860,2
11861,1
11862,3
11863,5
11864,2
11865,4
11866,1
11867,4
11868,1
11869,2
11870,4
11871,2
11872,2
11873,3
11874,4
11875,5
11876,1
11877,4
11878,2
11879,3
11880,3
11881,4
11882,2
11883,3
11884,2
11885,3
11886,1
11887,3
11888,4
11889,4
11890,5
11891,2
11892,5
11893,2
11894,3
11895,5
11896,3
11897,3
11898,3
11899,2
11900,3
11901,3
11902,2
11903,3
11904,3
11905,4
11906,3
11907,2
11908,3
11909,2
11910,5
11911,4
11912,4
11913,4
11914,2
11915,5
11916,4
11917,0
11918,3
11919,4
11920,0
11921,5
11922,0
11923,4
11924,2
11925,3
11926,2
11927,4
11928,2
11929,2
11930,3
11931,4
11932,0
11933,1
11934,4
11935,3
11936,5
11937,5
11938,5
11939,5
11940,5
11941,3
11942,4
11943,0
11944,1
11945,4
11946,2
11947,3
11948,4
11949,4
11950,3
11951,5
11952,0
11953,2
11954,4
11955,3
11956,3
11957,0
11958,3
11959,5
11960,2
11961,4
11962,2
11963,4
11964,5
11965,2
11966,4
11967,2
11968,0
11969,2
11970,4
11971,3
11972,3
11973,2
11974,3
11975,5
11976,5
11977,5
11978,4
11979,4
11980,4
11981,2
11982,5
11983,0
11984,2
11985,3
11986,2
11987,5
11988,4
11989,4
11990,0
11991,2
11992,2
11993,1
11994,5
11995,3
11996,2
11997,1
11998,5
11999,3
