candidate_id,category,cf_1,cf_2,cf_3,cf_4,cf_5,cf_6,popularity
0,6,0.0901,0.0827,-0.2584,1.1835,-0.5054,-1.3568,0.318
1,19,-1.5817,0.079,1.0607,0.2375,-0.3174,0.4584,0.5797
2,14,0.1862,0.8262,1.3265,-0.9544,-2.3396,-0.3515,0.3456
3,10,-1.0193,0.832,-0.7243,-1.8758,-0.5742,-1.492,0.8158
4,7,1.5902,0.4716,0.6476,0.536,0.8402,1.1333,0.4667
5,6,-0.5397,-1.42,-0.8469,-0.0452,-2.5643,1.1427,0.0767
6,18,-1.8967,0.5991,-0.1681,0.2852,-0.4719,0.2172,0.1661
7,10,-0.4719,-0.5562,-0.8972,1.5258,0.3669,0.2095,0.0611
8,10,-0.8756,-0.2348,-0.9872,-0.4912,-1.2091,1.5891,0.4993
9,3,-0.7569,-0.8751,-1.3256,-0.7712,-0.4949,-0.0495,0.1063
10,7,-0.6453,-1.6006,-1.5146,0.6797,-0.1228,0.6489,0.1141
11,2,0.7803,0.1511,-1.2317,0.1896,1.3996,-0.4474,0.941
12,1,0.3406,-0.0138,1.3724,-0.6778,1.1535,-0.375,0.8727
13,11,-0.6941,0.1099,0.3425,1.9115,0.3195,0.1933,0.4521
14,5,1.5961,0.6011,-0.6443,1.356,-0.7396,-0.6492,0.9858
15,1,-0.8485,-0.9362,0.3332,-0.2579,-3.4782,-0.2683,0.0002
16,0,-0.5179,0.8928,-0.5633,2.5393,1.3968,-0.3899,0.614
17,11,1.1496,0.5252,0.2335,0.8027,0.0541,0.2404,0.6164
18,11,0.8234,2.0525,0.2512,-0.4538,-2.0292,1.9613,0.4574
19,16,-0.2632,0.5348,1.9059,0.2276,-0.1947,1.4197,0.3969
20,9,0.4607,0.5861,-1.5232,1.2059,0.3756,-1.3716,0.4554
21,15,0.4851,-2.0625,2.342,-1.1019,1.6118,-0.813,0.415
22,14,0.5602,-0.9121,0.9971,-0.2353,0.4678,0.0151,0.7305
23,14,-1.3657,0.5041,-0.5032,1.0453,-0.2359,-0.0768,0.1354
24,18,1.6829,2.3816,0.786,-0.2871,-0.3747,-0.8187,0.1976
25,11,-0.6252,-0.2736,1.9643,-0.1972,-1.2261,0.0417,0.1805
26,19,0.1781,0.0356,0.7997,0.069,0.7687,-0.7803,0.2625
27,2,1.7807,0.2525,0.4002,-0.7845,0.4718,0.6511,0.5253
28,4,-1.1698,-1.6591,0.2937,-0.4888,0.2599,-1.291,0.1112
29,18,-1.5605,0.2067,-0.3498,-2.1107,1.3431,-1.3077,0.8682
30,6,2.5733,-0.624,0.4016,1.6469,1.4794,1.9861,0.2974
31,8,-1.5231,-1.1359,0.226,0.8397,-0.0112,-1.638,0.1625
32,6,0.4966,-0.1943,-0.2062,-2.278,0.7975,0.1452,0.6756
33,17,1.7952,-0.0745,0.5663,0.8318,-1.7462,2.6167,0.0381
34,3,-0.4308,0.4946,0.6406,-0.8148,1.847,0.266,0.62
35,13,-0.2135,0.1385,0.7643,0.0108,0.8819,-1.6849,0.6982
36,17,-0.748,-2.1388,1.997,1.984,0.6266,-1.0126,0.2149
37,8,2.3899,-0.6044,-0.2132,0.1595,0.4515,0.6438,0.042
38,1,0.684,-0.1445,0.6681,-0.1892,0.5793,0.4973,0.3636
39,19,0.7628,0.638,-0.4424,0.4587,0.6534,-1.2911,0.0986
40,14,-0.274,0.6081,1.7093,0.8249,1.7724,-0.3984,0.1165
41,6,0.2502,0.8057,-2.3264,1.5108,-1.8609,0.9969,0.2543
42,11,0.6868,-2.3396,-2.2891,1.4325,1.2147,-0.8809,0.2955
43,7,-0.8819,0.5126,-0.0127,1.0544,0.4796,1.583,0.53
44,14,0.9701,0.7208,-0.3521,-0.4253,-0.0518,1.8409,0.6784
45,2,-0.4063,0.2605,-2.2448,0.6758,2.2572,-0.9336,0.5928
46,13,3.1744,0.1822,-2.5729,-0.3855,1.3304,1.9993,0.1484
47,16,0.7181,1.5676,-1.1778,-0.6803,-1.6795,-0.6051,0.1721
48,3,0.7619,0.2127,0.8678,-0.9365,-0.8755,0.2046,0.8788
49,17,-0.6026,1.3018,-0.6274,-0.4954,0.4188,-0.3893,0.5584
50,7,-1.2349,-1.0994,0.5378,-1.3587,1.3972,-0.6904,0.8699
51,3,0.6162,-0.6304,-0.9152,0.2461,1.0518,-0.2474,0.3715
52,1,-0.0655,0.8074,0.8405,-0.0385,-0.4435,0.0827,0.6144
53,5,-0.1909,0.313,-1.1943,0.2772,-0.7183,0.9059,0.5237
54,9,-0.6725,-0.6551,0.4454,0.0142,2.2767,-1.6293,0.3191
55,3,0.1099,1.1296,-0.5783,-0.9106,-0.8709,-1.612,0.4699
56,17,1.3497,-0.3296,-0.448,-2.1241,-1.4337,1.4654,0.5025
57,11,0.3031,1.1665,1.04,-1.0006,2.4298,1.9497,0.2008
58,1,-0.5638,-3.5682,-0.3565,0.2383,-0.5677,-0.2215,0.315
59,9,-0.8287,0.9216,0.0636,0.9515,1.2222,-2.1743,0.7914
60,3,-0.7705,-0.624,2.5714,0.149,0.8126,-1.8807,0.9158
61,13,0.1432,0.9783,0.862,0.6234,0.013,0.0616,0.3598
62,15,-1.6933,-0.9005,0.2309,-0.716,0.6888,0.4668,0.307
63,14,1.3674,0.9583,0.2273,0.748,1.0051,-0.5074,0.1952
64,7,-0.3293,-0.0968,-0.4755,1.0157,-0.6273,1.2517,0.6785
65,13,-0.367,0.4724,0.1664,-0.976,-0.0199,0.3336,0.3231
66,7,-0.0643,-1.3427,1.7014,0.0877,-0.7943,1.6208,0.9877
67,15,0.6174,-1.2002,-1.0445,-0.2224,0.2973,0.6228,0.3257
68,12,0.9502,0.5396,1.3467,0.1268,-0.7596,-0.0034,0.3941
69,17,-0.069,-2.5782,-0.5614,0.3142,-0.4242,-0.6462,0.6033
70,14,0.9114,-0.9165,0.7116,-1.3327,2.7608,-0.2157,0.8017
71,12,-0.3233,1.1431,-0.4187,1.4549,0.3716,-0.1184,0.4695
72,8,-0.225,1.2076,0.2305,0.4323,0.541,0.1329,0.4227
73,14,0.5199,-0.1183,-0.0498,-1.1191,0.2978,-1.7195,0.9956
74,12,0.2836,-0.2806,0.3746,-1.0488,-2.1194,-0.3509,0.0105
75,0,-1.0459,-1.7806,0.768,1.6012,-0.797,-0.0758,0.8951
76,6,-0.3078,-0.6589,0.6637,1.0101,-0.8686,0.0448,0.1491
77,8,1.2845,0.689,0.8377,1.368,1.3548,1.0286,0.7859
78,0,0.1449,-0.3825,0.1035,-0.5344,-1.9525,-0.2795,0.6179
79,11,0.3575,-0.5873,-0.1928,-0.154,1.3569,-0.3594,0.3418
80,7,1.3566,-2.7125,1.3479,1.2974,0.9023,-2.0119,0.8739
81,10,1.0189,-0.0501,-2.5293,1.2982,1.4442,-1.9045,0.0129
82,18,0.1754,1.3886,1.2302,0.8361,-2.6473,0.7295,0.2267
83,16,-0.2181,0.9959,0.2562,-0.0199,0.6409,-0.1719,0.5669
84,7,-0.0243,-0.5552,-1.6054,0.5679,-0.806,-0.2008,0.3515
85,2,0.287,-2.0852,-1.8613,-0.2997,0.4546,0.744,0.6104
86,2,-1.5913,0.6366,-0.2451,-0.8832,-0.6486,0.8019,0.0241
87,0,0.274,0.0503,0.2435,0.9281,-0.0971,0.0543,0.1165
88,4,1.1382,-0.3316,0.6181,-0.5037,-0.4159,-0.104,0.1271
89,9,0.5153,1.1942,0.0965,-1.4998,0.6314,2.4538,0.1893
90,6,0.1087,-1.7088,0.1697,-0.003,-0.0871,0.9454,0.4593
91,8,1.3783,0.6836,-0.1331,1.1257,-1.4938,-0.7161,0.7521
92,6,-0.6046,-0.031,0.5067,-0.2007,-0.906,0.9749,0.9055
93,8,-0.2355,0.1021,0.5511,0.0389,0.0433,1.0305,0.8354
94,7,0.1514,0.8628,0.5447,2.0169,0.4094,0.638,0.1969
95,11,1.1017,0.0636,-0.6379,-0.4741,-0.4645,-0.9503,0.4412
96,1,0.3178,-0.6295,0.1949,-0.1587,-0.0416,0.5561,0.1994
97,0,-0.5419,0.6389,1.5673,0.3431,-0.7821,-0.615,0.2645
98,15,-0.2483,-0.5949,-0.9912,0.1544,-0.2212,0.1897,0.5035
99,4,1.1864,-0.2364,-1.1854,-0.3989,0.7704,0.6768,0.0681
100,2,0.5186,-0.6247,0.7519,0.9769,-0.6954,-0.0416,0.2182
101,11,2.0204,-0.7399,-1.7051,1.3829,1.1366,-0.457,0.9354
102,7,-0.113,-1.2249,0.089,1.1659,-0.5426,0.8771,0.4661
103,2,0.4637,0.5778,-0.4843,-0.3546,-1.8468,-0.5667,0.4454
104,0,1.1635,-0.9293,-0.7803,0.6402,0.4028,0.6899,0.0146
105,2,-1.1632,2.5641,-1.2158,0.1542,-0.1587,-1.1866,0.2474
106,4,-0.3702,0.0233,-0.65,0.9372,-0.1616,-1.3413,0.8663
107,14,-1.4261,0.6062,-1.4868,0.3164,0.4447,-0.9954,0.1646
108,13,0.8907,-1.7178,0.2965,-0.0409,-0.119,-1.1779,0.4151
109,2,-0.937,1.6188,1.2152,0.7421,0.9398,0.846,0.0143
110,0,-0.3234,0.0476,-1.4725,-0.0897,1.1834,-0.6607,0.4783
111,4,1.0231,0.0916,-1.3854,-1.1073,0.9193,0.5525,0.021
112,13,0.1018,-0.274,0.2106,0.8803,1.4759,1.5237,0.8196
113,6,0.372,-0.1719,0.1462,0.5221,0.5181,1.308,0.8249
114,8,2.1158,-0.2053,2.1559,1.1722,-0.1008,1.4986,0.7877
115,14,1.6856,-0.4603,1.7322,1.0751,2.3686,-0.424,0.2834
116,14,-0.3534,-2.0267,0.5712,0.3753,-0.563,-0.0819,0.8372
117,9,-1.3112,1.1984,-0.4897,3.094,-0.1756,-0.7596,0.543
118,12,-0.4123,-1.412,0.4823,-0.4199,1.1313,-0.2747,0.3738
119,18,1.3844,0.7575,0.0286,1.5802,0.9523,2.9462,0.6253
120,6,-0.4095,0.0766,1.5687,-1.5435,1.3169,0.4393,0.0123
121,16,-0.8882,-1.363,-0.6725,-2.2848,-0.4895,0.6226,0.143
122,19,-0.4763,1.3883,1.6599,1.2756,0.2306,-2.3247,0.7423
123,3,-0.7037,-0.142,-0.8939,-0.1395,1.6101,-1.6458,0.2442
124,4,1.8117,0.8847,0.2682,-0.7136,-0.874,-1.6262,0.598
125,6,1.7168,1.5376,-1.4063,-0.5526,0.4331,-0.2995,0.3851
126,12,-1.9187,-0.6578,1.951,-0.59,-0.1635,-1.1452,0.8548
127,14,0.5878,0.1152,-0.742,-1.3047,1.4045,-1.6055,0.9524
128,10,0.5038,-2.1539,0.7072,0.9703,1.0948,-0.1612,0.8836
129,3,1.584,2.3078,-0.3216,-0.451,0.1492,-0.4777,0.2706
130,12,-0.6239,-0.5367,1.7158,0.7719,-0.4809,-2.4551,0.1942
131,6,-1.5445,0.5034,-2.1216,0.293,-1.0656,0.0918,0.4744
132,18,0.0639,0.1206,-0.3944,-0.4273,-0.7208,0.4839,0.0073
133,1,0.8052,-1.219,-0.0516,0.1966,0.1838,0.1668,0.0258
134,9,-0.402,0.279,0.618,0.141,0.5059,0.9904,0.5533
135,12,-1.8509,0.9435,0.3424,-1.1116,0.8025,-0.3983,0.5204
136,5,-0.262,-0.5077,0.3024,-0.7854,0.9015,-0.1389,0.9946
137,11,-0.3642,0.7529,-0.3196,0.9482,0.9796,-1.3348,0.2018
138,11,1.1093,-1.462,1.1716,2.0284,0.8748,-2.157,0.2581
139,19,1.0636,2.2461,-0.303,-0.0347,-1.1885,0.3121,0.1135
140,10,1.2692,0.6977,3.142,0.033,-1.6307,0.171,0.9175
141,6,-2.4165,-0.5331,1.6244,0.3251,0.1794,1.8208,0.7778
142,0,-0.2706,1.2618,0.1293,0.38,-1.2173,-0.482,0.8223
143,0,-1.3975,-0.0952,0.3904,-1.11,2.0492,0.2781,0.9028
144,19,0.0578,0.7697,-0.8289,0.1635,-0.7169,1.5587,0.5249
145,12,-1.0586,0.0632,0.3293,0.3948,-0.5812,-0.8955,0.4512
146,8,-0.5668,0.5283,-0.1438,0.7962,0.477,-2.2769,0.3304
147,2,0.2475,2.2505,1.3253,0.422,-1.0594,0.4776,0.5892
148,6,0.7397,-0.2537,0.3167,1.5097,-0.8573,-1.0583,0.4543
149,5,0.6927,0.4575,1.0288,0.5698,-0.5678,0.4322,0.4516
150,7,-1.1421,-0.2503,0.5028,-0.3605,2.4681,-1.8922,0.9369
151,8,-0.5475,-0.9378,-0.7003,-0.643,-1.3264,0.7527,0.984
152,4,-0.5471,0.1636,-0.4348,-0.6909,1.6723,0.9229,0.7965
153,0,-1.8682,-1.9741,1.0426,-0.5199,-1.6491,1.0457,0.7568
154,18,0.1691,0.2516,0.8095,-1.31,-1.6315,1.581,0.6806
155,9,-1.4372,-1.2222,-1.0224,2.0799,0.4934,0.9654,0.1661
156,11,0.1962,-0.6019,0.6313,-1.5566,-1.0953,0.733,0.0591
157,14,-1.3573,-0.1891,-0.1435,-0.5287,-1.9511,-0.6289,0.6907
158,8,-0.825,0.1614,0.1105,0.378,-0.676,0.5228,0.7288
159,19,-1.556,-1.8219,-2.3356,-0.4993,-0.7533,0.7893,0.047
160,16,-0.6487,0.2734,0.8133,-0.6863,0.2981,1.0019,0.9281
161,16,-1.2382,0.0249,-0.682,-1.1745,-1.5365,-1.1906,0.0911
162,19,0.06,-1.6108,-0.5507,0.8132,0.449,-0.5305,0.2859
163,11,1.6897,1.893,0.0261,-2.4685,0.8864,-2.294,0.6724
164,6,1.4761,1.0836,1.7742,0.2603,-0.3614,-0.4501,0.1699
165,1,-0.5463,0.9811,0.7123,0.1202,-0.7222,2.6292,0.0554
166,2,0.9124,-1.5977,-0.5163,0.9318,-0.7995,0.3515,0.3311
167,16,0.9508,-3.3884,-0.108,-0.0688,-0.4121,0.3017,0.766
168,4,0.6575,0.1421,-0.3738,0.6326,0.0491,-0.2307,0.4137
169,16,-1.3123,-1.5627,-1.3312,0.2783,-0.0791,-1.4803,0.653
170,16,0.6459,1.3743,-0.5985,-1.741,-0.7091,0.8545,0.5796
171,16,0.5485,-0.9224,1.5212,1.3483,-0.733,-0.7433,0.0222
172,1,-0.5928,-0.5073,0.9505,0.4253,0.8771,0.6736,0.9885
173,1,1.7145,-1.0594,0.3804,-2.1738,-1.317,-0.0749,0.0414
174,4,0.4182,-0.1018,-0.5672,-0.3894,1.3694,-0.384,0.9678
175,0,1.7492,0.794,0.4575,-1.1936,0.9352,-0.4938,0.5499
176,0,-1.1944,0.5128,-1.3879,-0.7622,-0.0101,2.2184,0.9632
177,18,-0.6869,-0.4582,0.7323,-1.2383,0.4428,1.2059,0.1148
178,1,-0.3071,1.0262,0.2914,-0.7307,-0.1978,-0.3798,0.4904
179,11,-0.0876,0.1527,0.5882,0.5087,-2.4317,-0.0973,0.1695
180,5,-1.5094,-0.2757,-0.1238,0.9761,-0.0301,0.2592,0.051
181,3,0.7931,1.2278,-0.123,0.0942,0.01,-0.5426,0.6175
182,10,-0.7691,-2.2719,-1.0767,-1.7786,1.2552,0.1884,0.2078
183,16,-0.1259,-0.7175,0.0298,-0.848,0.174,0.2457,0.5877
184,5,-0.8614,-0.8805,0.9622,-0.0529,-0.781,-0.3705,0.1124
185,4,-1.0106,-0.0672,0.8316,-0.0277,2.3636,0.4214,0.332
186,19,0.23,-0.9083,-0.2385,-0.779,-2.1656,0.9743,0.7816
187,1,-0.5115,-0.7604,0.2106,0.5125,-0.3208,-0.0026,0.4371
188,5,0.7462,-0.3602,0.3023,-1.6592,-1.2413,0.6055,0.6277
189,10,-1.2936,0.2341,-0.147,-0.3645,-0.8285,0.9093,0.6475
190,15,1.7299,0.3002,0.3225,-0.6823,-1.1961,-0.0397,0.8438
191,15,-0.9737,-1.7726,0.8034,0.8522,-0.8588,0.244,0.3249
192,0,1.002,0.205,-1.1932,-0.2329,1.3268,0.247,0.6873
193,8,0.5391,0.3416,-0.8555,-0.6208,0.3389,0.8169,0.9616
194,5,1.0999,-0.8581,0.4331,1.187,-0.9871,1.4867,0.7302
195,15,1.6389,2.6251,0.2309,0.2364,0.827,0.7978,0.4899
196,2,1.1264,0.784,-0.1061,1.222,-1.0713,0.0059,0.6307
197,19,1.5637,-1.2502,-0.6775,0.6717,0.3939,-0.875,0.7397
198,3,-0.4162,-1.1808,0.9805,-0.2559,1.7922,0.0811,0.6123
199,18,-0.2197,-0.3168,-0.2442,0.1108,2.5124,-0.3389,0.0167
200,2,-0.3064,0.0656,1.0903,-1.421,0.4551,-0.8174,0.1948
201,18,0.5533,-0.4938,-2.3041,0.3696,0.3611,-0.5791,0.8105
202,19,-0.6383,-1.3114,0.7731,0.8822,-0.8791,-0.5399,0.2727
203,6,-0.0633,2.2709,0.5451,-0.9434,0.3038,-1.3767,0.7316
204,19,0.718,1.6755,1.6798,0.7349,-0.5834,-1.3009,0.3721
205,8,-1.4002,-2.8062,0.6939,-0.1028,0.9092,1.428,0.5219
206,0,0.0999,0.146,-0.4643,-0.3461,0.7285,-0.1744,0.068
207,7,-0.319,-0.0183,0.8863,-0.6927,-0.0665,0.2453,0.1812
208,6,1.1602,-0.2393,-0.7178,-0.4844,1.0531,2.0333,0.9572
209,17,-1.3138,-1.0953,-0.1688,0.111,0.787,-0.8911,0.8901
210,7,-1.0631,0.1381,-0.2584,0.9267,0.4874,0.5554,0.6523
211,0,-0.1045,2.3556,-0.8377,0.6108,-1.2697,-1.0735,0.4596
212,10,-0.6073,1.6293,0.2639,-0.5905,0.3744,0.0351,0.6758
213,17,-0.492,-1.3966,1.4385,0.2098,2.1737,0.9403,0.6186
214,9,0.5513,-0.4352,-1.0953,-0.2177,-1.1243,0.6502,0.5686
215,2,1.6327,-0.2609,0.9445,-0.6892,-0.3025,-0.815,0.0592
216,6,-2.1331,-0.0365,0.1285,1.0659,0.7954,0.809,0.6328
217,15,-0.974,0.4595,1.5826,0.3799,1.8286,2.019,0.7689
218,15,-0.2685,-0.6969,-0.7615,-1.5161,-0.5184,1.2077,0.9941
219,19,-2.204,-1.0375,-0.1271,-0.8772,-0.5273,-0.5123,0.0111
220,16,-0.2575,-0.7295,-0.8112,0.9343,1.0497,-1.3805,0.7302
221,1,-2.7596,1.0634,-1.2288,0.2127,-1.5657,1.2978,0.5718
222,0,2.5437,0.1828,-0.0941,-0.3221,0.7818,0.5677,0.4341
223,15,1.0035,-0.6279,0.3401,-0.5425,-1.0577,-0.041,0.1276
224,11,-0.9225,1.1737,-0.8619,0.3635,-0.6034,0.2771,0.4091
225,4,-0.524,-1.2572,0.4838,-0.2354,0.286,-0.4288,0.3544
226,4,-1.3279,1.0832,0.7368,-0.567,0.0698,1.042,0.3028
227,8,-0.457,-0.3019,0.2436,-0.4591,0.8571,-0.1689,0.7309
228,8,-0.784,0.6086,-1.1421,2.0149,1.5825,0.5135,0.7007
229,2,0.4293,0.3824,-0.4891,0.2973,-0.9231,0.5038,0.589
230,18,0.8678,-0.3781,-0.5951,-1.2125,1.458,-0.5157,0.9387
231,15,-0.1987,0.3002,0.2822,0.7466,-0.3793,-1.1387,0.3499
232,15,-1.3137,-0.5793,-0.9519,-0.3036,1.3076,-0.3773,0.2438
233,2,-0.3777,-0.0164,-0.4056,-0.0674,0.5409,0.8848,0.6559
234,19,1.0032,2.0569,0.5694,2.2345,-0.7765,2.0913,0.1988
235,0,-0.3804,-0.282,-0.1199,-0.2186,0.0858,-0.58,0.315
236,19,0.83,-0.5528,0.6556,1.5277,-0.3571,0.7944,0.2246
237,10,0.5592,2.2529,-0.5048,0.7951,-1.626,-0.4959,0.0692
238,16,0.3534,1.3932,-1.2259,0.7861,-0.0632,-1.5215,0.8275
239,7,0.1816,1.7092,-1.1204,-0.1099,-0.9866,-0.4686,0.2545
240,3,1.4322,-0.2715,1.4016,1.1091,-0.3627,-0.5026,0.473
241,5,-0.896,-0.9309,0.3532,-0.0198,-0.6236,-1.5488,0.0433
242,7,0.1062,-0.4696,-0.1953,0.3047,-2.5018,-1.5333,0.6993
243,19,2.2964,-0.5066,-2.5174,-1.4499,2.4845,-0.703,0.3306
244,2,1.159,0.1211,-0.485,0.7754,-2.3844,-1.4411,0.7447
245,15,-0.4924,-1.3429,-0.5808,0.8537,0.1321,1.3306,0.4124
246,2,0.1954,0.9925,-0.0641,-0.5903,1.4806,-0.7094,0.1958
247,17,0.3438,0.7689,0.8415,-1.1654,1.052,-0.979,0.5132
248,13,0.8107,0.5352,0.8186,-1.205,0.5879,1.0856,0.1305
249,17,0.1934,-0.8186,0.9197,0.1139,-1.6744,-0.8962,0.4405
250,1,-0.5263,1.5058,1.3302,1.327,0.2324,0.9136,0.3173
251,2,-1.1408,0.0068,0.4516,-1.0749,0.2099,1.6866,0.912
252,15,0.5588,0.9175,-2.4524,1.558,-0.1861,-0.7687,0.0609
253,8,-0.1746,-1.485,1.0479,-0.3354,-0.7386,-0.1681,0.694
254,3,1.118,0.1315,-1.4097,0.465,-0.929,-2.1561,0.1828
255,0,1.496,0.4572,-0.0783,-0.3456,1.3971,3.0872,0.319
256,3,0.4488,-1.0296,-0.1545,0.4306,-2.3495,0.3345,0.4155
257,0,0.4364,1.3263,1.2221,0.1112,1.5146,2.0357,0.908
258,13,0.028,0.4182,-1.7673,-1.451,-0.8382,-0.4436,0.2426
259,15,-1.0961,-0.036,-0.4137,1.0709,-0.4748,-2.2867,0.0913
260,19,0.1258,-0.0142,-0.862,0.095,-1.0753,0.3298,0.3187
261,7,2.6329,-1.8056,-0.5162,-0.6765,-0.4333,1.0199,0.1047
262,6,0.5428,0.8488,0.0305,-1.3221,-1.1147,0.7463,0.1286
263,2,0.1708,1.2602,0.2933,-1.183,-0.5219,0.5648,0.5739
264,16,0.7103,0.8551,-1.0485,-1.201,-0.1898,1.4401,0.0609
265,0,-0.6939,0.455,0.4551,0.7608,1.6644,1.5619,0.0309
266,15,-0.5946,-2.0979,-0.6785,0.0757,-0.3616,1.9679,0.7144
267,11,0.0188,0.6537,0.2172,-0.3466,-1.9248,-0.0786,0.3616
268,18,3.2546,-1.2445,-1.8149,1.9364,0.7421,0.1874,0.1254
269,13,1.3627,-0.8315,-0.1066,0.9552,2.1104,-1.1685,0.2536
270,5,1.2807,0.3818,0.1631,-0.0077,-1.3846,0.9631,0.6421
271,5,-0.7823,-1.0797,0.8855,0.7891,0.079,1.0795,0.2755
272,12,1.4259,1.3082,-0.5283,1.0141,0.2116,1.7259,0.4945
273,18,-0.1237,-0.3565,-0.6138,0.1893,0.4667,0.486,0.1217
274,7,0.3492,0.671,-0.2225,-0.8725,-0.9598,0.9751,0.5881
275,1,0.4703,-1.8558,1.0968,1.8804,-0.7159,0.3362,0.3161
276,0,-0.4735,0.6283,-1.166,-0.0714,0.9813,1.2357,0.627
277,14,0.4265,-0.339,-1.5926,-0.7575,-0.4693,-0.6977,0.8084
278,0,0.0596,-0.3419,0.1721,1.2026,-0.4065,-1.3829,0.6116
279,4,-0.7017,0.5836,0.6779,0.4061,1.3007,-0.1864,0.2957
280,15,2.0522,0.8182,-2.5235,1.8007,-0.767,-1.0341,0.2557
281,18,0.5238,-1.7382,-0.6955,1.5571,0.5562,0.8122,0.3274
282,3,-0.6569,-1.5384,0.7068,0.9303,0.885,0.2091,0.1646
283,2,-0.9671,2.4378,0.4798,-0.1739,-0.1694,0.1496,0.1812
284,16,1.0696,0.1896,0.8585,0.1514,-0.1124,0.6413,0.7907
285,16,0.6033,-0.1696,-0.7492,0.3417,0.0783,-0.5549,0.3847
286,11,-0.8424,0.4105,0.5501,-0.36,-0.5799,-0.8303,0.436
287,13,0.3823,-0.804,2.2411,-0.4103,-2.4252,-0.0302,0.594
288,5,-0.073,1.1117,0.2881,-0.8338,-0.2864,0.3274,0.5897
289,2,-2.1647,1.3386,-0.8312,1.417,0.3925,0.6296,0.0674
290,8,1.1494,0.5731,0.6729,-0.1644,0.3722,-0.5875,0.8315
291,4,-0.3434,1.9647,-0.8082,0.1543,0.1135,-0.3108,0.1773
292,16,0.5144,0.5897,-0.9258,0.1014,-1.0824,0.7885,0.7231
293,13,0.1765,0.0823,0.659,-0.2755,0.914,-0.9484,0.7727
294,2,1.4119,-0.5509,-1.6962,-0.3285,-0.442,-0.3361,0.7149
295,0,0.2316,1.0978,-0.1917,-0.6916,-1.1265,-0.4682,0.579
296,19,-1.8878,-0.7251,1.2441,-0.8234,0.6287,-1.2265,0.0146
297,0,1.7711,1.8376,0.591,1.9913,0.3558,0.7685,0.3604
298,2,1.2619,0.1797,-1.5524,0.789,-0.4719,-0.3975,0.6048
299,17,0.2979,0.5663,0.1501,0.6357,-0.7069,-0.0427,0.3875
300,9,0.8491,1.7728,2.1264,0.433,0.84,1.9816,0.8635
301,2,-0.6708,0.6297,0.7683,1.4479,-1.1371,-0.9394,0.3088
302,7,0.0214,0.3777,1.1229,0.5175,-0.1514,0.4165,0.2935
303,13,0.301,1.745,0.1657,-0.3831,0.4496,0.1985,0.266
304,17,-1.571,-0.0157,-0.1007,-0.5439,1.0356,-0.7857,0.3328
305,14,0.4556,-0.1479,0.1077,0.4118,-1.3076,0.1917,0.5574
306,1,2.2889,-1.5568,-0.0576,1.1232,0.3016,0.688,0.707
307,9,-2.3757,0.5982,-0.7617,0.3099,-0.0294,2.2783,0.6626
308,1,0.5467,-0.1126,-1.5097,0.1211,0.8232,-0.0806,0.8077
309,16,-0.5057,-0.5726,0.5351,0.7594,1.3612,-0.995,0.8859
310,7,0.526,-0.1217,-0.0922,0.4018,0.4077,0.5288,0.8161
311,0,-1.0575,-0.7498,1.4859,-0.2206,0.306,1.0547,0.0189
312,8,0.4634,0.5465,0.8946,-2.1167,-0.49,0.4686,0.7359
313,10,1.3876,0.0661,-0.8447,-0.8181,0.8839,-0.2178,0.2084
314,15,-0.0072,0.615,-2.9015,2.0004,-0.7311,0.2419,0.1329
315,6,-1.7047,-0.4225,1.2447,-1.9162,1.1262,-0.2737,0.6385
316,9,0.4872,0.6575,0.4414,-0.865,-0.3645,-1.4616,0.3197
317,2,0.4918,1.7021,-1.8244,-0.7616,-0.1818,0.1733,0.0571
318,17,0.8792,-0.1522,-0.316,1.1031,0.662,0.539,0.1376
319,12,0.1125,0.9832,-0.6563,-0.7927,0.7461,-1.625,0.0009
320,6,0.0922,-0.3166,-1.4058,-0.9313,-0.109,1.034,0.9032
321,3,-0.653,1.2134,0.0632,1.3104,-0.6045,-0.0488,0.0246
322,12,0.3685,-0.1795,0.953,-2.2076,2.4224,0.8578,0.2095
323,19,-0.1735,-0.5523,-0.8664,0.6456,0.995,-0.1625,0.4163
324,0,1.107,-0.9073,-1.0838,1.8133,0.5911,1.3968,0.3566
325,7,-0.8539,-0.9235,-0.3586,-0.8241,0.7054,-0.7511,0.9117
326,13,-1.1717,0.142,-1.29,-1.7995,0.1333,-1.7492,0.0403
327,15,0.7753,-1.3953,-2.2407,-0.2938,0.1446,0.4915,0.5122
328,13,0.172,-1.0593,0.7131,0.9601,-1.2058,-0.181,0.6805
329,11,-0.2744,0.2204,-0.2049,-0.0679,0.6418,-1.1139,0.9317
330,18,0.7374,1.1411,1.6341,-2.1434,-0.1829,-1.9651,0.6204
331,14,-2.4351,0.1441,-0.3992,0.2999,0.4861,1.2479,0.8038
332,1,0.0539,2.9234,0.3064,1.8425,-2.3328,1.3497,0.0837
333,1,-0.1808,-1.9483,0.4205,-0.303,0.5801,1.0111,0.3859
334,18,-1.4892,1.0149,0.0065,1.3528,-0.2051,-0.4704,0.3739
335,16,0.0271,0.1019,-0.6628,-0.4963,-1.2269,-0.4346,0.8863
336,19,0.6763,-0.1374,1.0091,-0.1854,-1.4315,0.5973,0.1514
337,9,-0.6736,-0.2334,1.2376,-1.1609,0.1647,-0.0405,0.1519
338,5,0.7009,0.8552,0.2638,-0.3604,0.4734,1.3357,0.3286
339,14,-0.0273,-0.2673,0.3882,0.0387,-1.3377,0.2393,0.0545
340,10,-1.3468,0.3745,-0.7971,0.0369,0.3906,2.4539,0.1825
341,4,0.7427,1.3648,1.8717,0.4893,0.2857,-1.0667,0.9652
342,0,-0.1166,-0.7231,-0.4011,1.8707,0.1146,-0.8759,0.4282
343,7,1.3745,0.9553,1.0077,-2.0061,1.9487,-0.5585,0.632
344,11,0.778,2.5238,2.1553,-0.9776,-1.4445,1.4303,0.7261
345,11,0.1421,-0.5009,0.6212,-0.1629,0.7013,0.067,0.367
346,4,0.7224,-0.8945,1.4245,0.6976,0.6463,-1.1177,0.1472
347,6,1.6996,-0.0137,0.728,-0.3228,0.2609,0.2971,0.2066
348,3,-2.8199,0.5824,1.9653,0.5398,-0.9577,0.65,0.3133
349,5,1.0595,0.5125,-0.0741,-0.2421,-0.2463,0.6978,0.6361
350,12,-1.4071,-0.3719,1.5956,1.6342,-1.4781,-1.1314,0.3983
351,19,-0.2706,0.8926,-1.8275,-0.0548,-0.4742,1.326,0.0068
352,14,-1.6769,0.0925,-0.3936,1.4698,0.5977,-0.5858,0.5234
353,2,0.8534,-0.3888,0.9993,-0.2371,1.0547,0.4361,0.9215
354,7,3.2605,-0.0529,0.3829,-0.4794,0.0027,-2.7018,0.8121
355,19,0.4656,1.3429,0.3966,-1.3139,-0.8018,-2.4302,0.8252
356,15,0.9789,-1.0065,-0.0287,-0.1537,1.4877,0.0853,0.7951
357,12,0.8089,0.5465,1.3594,-0.2391,1.8696,-1.9857,0.3237
358,17,0.8575,-0.8666,-0.4927,0.5694,0.5614,0.6064,0.7652
359,9,-1.3862,1.449,-0.9006,-0.7673,0.6379,-0.2867,0.1432
360,18,0.3083,-2.1566,0.2843,0.2178,-0.5099,-2.0741,0.6577
361,16,-0.2128,-0.0374,-0.3672,-1.8362,1.5947,-0.6389,0.6416
362,18,-0.2222,-2.4095,1.5949,-0.4665,0.0985,1.1207,0.0256
363,4,-0.6763,0.9632,-2.0613,0.551,1.5722,-0.5804,0.788
364,8,1.1189,1.8339,-0.2548,-0.3375,-0.8983,-0.5097,0.9032
365,11,-0.8154,-0.8991,1.1988,-0.7899,0.2585,0.0382,0.2674
366,0,1.4981,-0.5032,0.3811,0.7911,1.4897,-0.5178,0.8124
367,0,-0.6179,-1.0618,2.2363,1.3845,-0.0422,1.9314,0.0824
368,14,-0.1019,0.7244,0.0102,0.3978,0.2918,-0.425,0.6
369,1,1.0925,0.716,1.0277,0.3202,-0.9066,1.7094,0.4856
370,15,-0.2626,0.3641,0.6354,0.3574,0.9154,1.0734,0.5459
371,7,-0.2248,1.6255,-0.2669,0.3367,-0.3877,-0.6735,0.9262
372,12,1.0442,3.1219,-0.3618,1.2153,-0.3259,-0.0105,0.8713
373,0,1.7576,-1.0735,-1.3382,-0.0872,0.6637,0.4637,0.7851
374,15,0.3607,0.0341,0.7865,-2.9137,-0.7508,-0.0936,0.2737
375,6,0.7045,1.4898,-0.8851,1.4571,-0.4526,-0.1299,0.9118
376,4,0.5814,-0.2032,1.1101,-0.4046,-0.3895,1.052,0.0975
377,2,-0.7631,0.2489,-1.6605,1.8196,1.2066,2.7501,0.8533
378,11,1.3384,-1.1297,0.6686,-0.918,1.578,-1.1011,0.3282
379,15,-1.1492,-1.6098,-0.4884,-0.6895,-1.2616,1.9898,0.0538
380,18,0.5299,0.4122,1.5892,0.2563,-0.7487,-1.7002,0.6694
381,4,-0.8051,1.5054,-1.2553,0.3531,1.0339,0.2853,0.2313
382,13,0.399,0.6556,0.3793,1.6091,-1.0403,0.2404,0.2436
383,4,-1.8182,-2.0737,-0.0817,0.5434,1.6307,2.4198,0.306
384,14,1.3199,0.7272,0.16,-1.5312,-0.146,1.2904,0.0637
385,16,0.8983,-1.2863,0.614,0.5284,0.3499,-0.0279,0.1771
386,13,0.6656,0.6973,-0.6415,0.455,-0.1894,-1.4872,0.0051
387,19,-0.5616,-1.5637,0.9801,0.3559,-0.3555,1.4205,0.4454
388,4,0.068,-1.4312,-0.4395,1.6329,-0.6695,0.2752,0.0843
389,11,0.7439,0.5899,2.4495,-1.1763,-1.0765,-1.1598,0.6827
390,15,-0.2959,1.0994,-1.0317,1.1134,0.0351,-1.109,0.2356
391,15,-1.7514,-1.5276,-0.6659,-0.1692,1.3461,0.7991,0.9436
392,6,-0.8389,0.4087,1.6515,1.8739,-0.3144,0.9583,0.8713
393,3,1.39,-1.5071,-0.5124,2.22,-0.301,-2.929,0.2894
394,0,-0.121,1.1246,0.0065,0.7154,0.9382,-0.3549,0.7832
395,4,-0.5194,0.1534,0.1778,0.0541,0.0952,-0.7485,0.8032
396,9,0.7503,0.5992,-1.336,-0.3892,0.0931,-0.5343,0.9866
397,4,0.6374,-0.0669,0.1691,-0.4007,-1.9932,-2.0503,0.5978
398,3,0.5896,0.2669,0.4387,0.1345,0.2146,0.969,0.082
399,1,0.4446,1.0409,0.1715,-0.3004,0.1942,-0.8362,0.6468
400,19,-0.3798,0.1776,0.1643,-0.1064,-1.3882,0.6364,0.625
401,9,0.8342,1.6437,0.4418,0.0015,-1.013,1.492,0.6384
402,18,0.2478,0.1934,-0.2541,-0.318,0.6883,-1.0214,0.3071
403,0,1.6254,1.4075,-0.3541,-0.8639,-2.0152,-1.2514,0.8597
404,4,0.7299,0.3153,0.4937,-1.8456,-0.3958,1.3673,0.9595
405,12,-0.096,-1.2723,-0.1116,-0.771,0.3337,0.0205,0.2177
406,3,0.5433,-1.2179,-0.4487,1.0904,-1.3543,-1.0031,0.0882
407,15,0.1993,0.2867,-0.4888,-0.2784,0.5332,0.8496,0.1945
408,15,-1.0692,0.3643,1.512,-0.1159,-1.0798,-1.1261,0.8206
409,1,-0.1607,1.0358,-0.0408,0.1892,-0.9963,0.9831,0.6766
410,16,-1.1457,-0.5045,0.6299,-2.0394,0.174,-1.0391,0.636
411,19,0.0165,-0.3521,2.1058,-0.3931,1.8427,0.587,0.4018
412,11,-0.8015,0.3308,-0.3044,0.2422,-0.7139,1.6902,0.5778
413,17,0.9254,0.0318,1.7291,0.0743,1.0976,0.0383,0.3079
414,2,0.3939,-0.0814,0.0953,0.1705,-0.6697,-0.4011,0.4772
415,0,-0.2168,0.2297,-0.0306,1.173,0.8471,-0.1963,0.7931
416,0,1.3818,1.873,-2.0438,0.9323,-0.693,0.8007,0.9812
417,18,1.2382,-0.877,-1.8523,0.8354,0.1354,-1.6684,0.9325
418,10,2.5296,0.6244,0.6701,1.3658,-0.5808,0.1305,0.9339
419,4,-1.3193,-0.6079,0.3857,-1.6653,-0.6363,-0.9279,0.4022
420,11,0.1421,0.5747,0.7422,0.9988,1.3721,0.6072,0.4688
421,2,1.8873,0.1195,-0.1733,0.6073,-0.2164,1.8526,0.7056
422,0,1.131,0.7503,0.1314,-0.4075,0.7013,-1.1271,0.9222
423,0,1.5344,-0.1776,0.3051,-0.9096,0.723,-0.4537,0.142
424,7,0.6492,0.7574,-0.6476,-1.1235,1.5319,-0.1923,0.3042
425,9,0.2248,0.4855,-1.2537,0.4627,0.0991,-0.6435,0.1392
426,10,-1.1565,0.6059,1.1277,0.1786,-1.4345,-1.0573,0.612
427,11,-0.4321,1.5646,-0.2468,-0.4686,-1.6735,-0.6567,0.3063
428,12,-1.2329,-1.0032,0.12,-0.4012,1.6995,1.078,0.3261
429,11,-0.6089,-0.9168,1.3826,1.66,-2.1942,0.0929,0.0709
430,13,-0.2519,0.6491,1.9427,-0.4841,-2.0607,0.579,0.3498
431,1,1.39,-0.3038,-0.705,-0.4373,0.8502,-0.4545,0.8625
432,18,0.3288,0.0278,-0.0754,0.7013,-0.4786,-0.4306,0.2331
433,17,0.7976,-0.9869,-0.8802,-1.2603,0.849,-0.1052,0.6952
434,2,-1.3136,0.8538,-0.5555,-0.8717,-0.1957,1.4787,0.6296
435,16,-0.395,0.5753,0.7271,0.4433,1.2711,-0.7071,0.8635
436,7,-1.0433,-1.063,-0.1445,-0.947,0.1475,0.077,0.1323
437,9,1.0186,0.2911,-0.4162,0.4108,-1.0302,-0.0381,0.9776
438,1,0.3194,0.1293,0.4151,-0.644,1.152,1.8222,0.5826
439,18,-1.6027,-1.2156,0.0431,-0.2566,1.8964,0.2198,0.9955
440,8,1.3925,-2.0491,0.8142,-0.7155,-0.7315,-0.2484,0.9115
441,6,-1.4246,0.4428,0.1907,0.2662,0.887,1.5148,0.2215
442,3,-0.3637,0.4774,0.293,0.3776,0.3926,1.5905,0.0562
443,17,-0.4597,-1.5257,-0.6979,0.7573,0.0233,-0.4676,0.2556
444,12,-1.0765,0.2213,0.6445,0.3059,-0.2533,0.1466,0.5276
445,10,0.1408,0.1897,-1.1843,0.1973,-0.4406,1.0406,0.1716
446,3,0.1329,0.8355,-0.3018,-0.2657,1.4943,0.4363,0.1675
447,3,-0.7145,0.897,-0.5333,0.2257,1.8367,-1.4313,0.4626
448,9,-0.1758,0.4083,0.7647,-1.2412,-1.5358,1.0907,0.0333
449,4,-0.7204,-0.7623,1.5502,0.0697,0.0762,-0.1798,0.1219
450,8,-1.224,0.6757,0.4095,0.1687,-0.1163,-0.2923,0.4159
451,2,0.9125,-0.1413,-0.0641,0.5299,0.208,1.6423,0.0631
452,16,-1.7614,0.2999,-0.7056,-0.9421,-0.4571,0.0547,0.3968
453,2,0.0991,-1.5173,-0.5411,0.2812,-0.8769,-1.1148,0.474
454,15,-2.2561,-0.6632,-1.1496,-0.9839,-0.2718,-0.5998,0.4513
455,3,-1.1662,-2.1158,0.3023,0.7528,-0.3967,-0.2658,0.8692
456,17,0.0028,1.5788,-1.5677,-0.4145,-1.722,0.3623,0.5301
457,16,-0.144,0.203,0.1531,0.9907,0.5381,0.8305,0.468
458,6,-1.0655,1.1932,-0.7224,-0.6649,0.2708,0.3019,0.4107
459,4,-1.0719,-0.1733,1.4882,-1.4683,1.4852,-0.2417,0.8176
460,11,-2.3378,-1.3667,-0.9635,-0.6239,-0.1047,-2.7035,0.8951
461,16,0.1868,-1.0551,1.3905,-0.2702,0.9428,1.1103,0.8532
462,12,1.0833,-0.5664,-0.5792,-0.225,0.6362,-0.5107,0.6735
463,2,-0.1193,0.2736,-0.9049,-0.9681,-0.1583,-0.0258,0.1374
464,8,0.4339,0.6719,-1.0991,-0.8121,-0.9708,1.4124,0.2769
465,16,-0.1203,0.0161,0.0578,-0.7157,1.5643,0.411,0.0461
466,16,0.0396,-1.1053,-1.1619,-0.3089,-0.7,-1.0674,0.9308
467,19,-0.371,-0.2164,0.1418,-0.5039,-1.0076,-0.9729,0.6608
468,15,1.213,-1.2518,0.3632,0.5195,-0.1213,1.7678,0.7464
469,12,0.5017,1.8429,-0.6511,-0.6339,0.5275,-0.2615,0.3116
470,18,1.6857,0.3417,-1.0446,-1.7368,-0.0782,-0.0891,0.8457
471,16,0.3138,1.2107,1.0791,-0.5789,-1.2938,-1.2341,0.2596
472,3,-0.7368,-0.3667,0.3051,-0.801,0.2804,0.362,0.0016
473,11,0.1433,-1.1286,0.4678,2.0813,0.2459,-2.9531,0.3764
474,8,1.2409,-0.7027,2.2657,0.1164,-1.6847,-2.0647,0.5708
475,18,1.5397,1.1059,2.226,0.0109,-0.0565,-0.3827,0.4787
476,11,-0.6583,-0.3924,0.2175,-0.8439,-1.6693,0.1599,0.8621
477,8,-0.8662,-3.2394,0.5526,-1.1081,0.6618,0.6378,0.1054
478,6,0.2836,2.4968,-0.1381,-0.2856,0.6837,-0.0554,0.5538
479,13,1.1605,-1.2688,-1.2522,0.7658,-1.1648,0.6091,0.513
480,19,0.37,-0.6945,0.3672,-1.2346,-0.9999,-0.2372,0.2814
481,18,0.0789,-0.3036,0.4331,0.3885,1.5294,-0.0953,0.8222
482,14,1.1946,0.9207,2.294,-0.1273,-0.4204,1.2577,0.7528
483,15,0.3854,1.2817,0.7168,-2.1068,0.3763,0.3112,0.7329
484,4,0.1331,-0.1322,-1.5921,0.8742,0.3738,1.102,0.8762
485,2,-1.5388,0.5071,-0.2347,0.1438,-0.2232,0.5436,0.7228
486,11,-0.1629,-1.0519,0.0864,-0.2142,-0.0834,-3.1878,0.2318
487,19,0.6826,-0.3147,-1.3482,0.9226,0.6364,-0.3273,0.7056
488,3,-1.1522,0.178,0.1231,0.9243,-0.4437,1.1949,0.3077
489,15,-0.5403,-1.3458,-1.1323,-0.0624,-0.0655,0.3279,0.2422
490,6,-0.0904,0.9773,-0.2611,-1.9963,-0.1211,-2.0068,0.073
491,12,0.2714,1.0572,-0.9862,1.4186,0.8428,1.2065,0.744
492,9,0.1896,-0.9928,0.7808,-0.6246,0.1179,-0.1714,0.711
493,6,1.1247,0.7303,-0.0806,-1.9516,-0.6352,0.7042,0.2345
494,13,0.2801,-1.5032,-1.8066,0.1955,-1.0571,-0.9608,0.7494
495,4,0.6726,1.2022,-0.7507,-0.0448,-0.0742,-0.1642,0.9178
496,2,0.0406,0.7565,-0.6739,-1.5253,1.69,1.0894,0.108
497,10,-1.1036,0.1356,1.0107,0.749,0.462,-0.1702,0.2326
498,10,1.7273,0.2209,-0.515,0.8711,0.0961,0.3498,0.7503
499,17,0.2031,0.4968,-0.9785,-1.4511,1.4341,0.2496,0.2745
