image_id,prop_0,prop_1,prop_2,prop_3,prop_4
8090,0,0,0,0,0
8347,0,0,0,0,0
7462,0,0,0,0,0
6886,0,0,0,0,0
4733,0,0,0,0,0
3331,0,0,0,0,0
9006,0,0,0,0,0
8635,0,0,0,0,0
6404,0,0,0,0,0
8346,0,0,0,0,0
9464,0,0,0,0,0
7060,0,0,0,0,0
2096,0,0,0,0,0
2003,0,0,0,0,0
8804,0,0,0,0,0
9732,0,0,0,0,0
4676,0,0,0,0,0
5017,0,0,0,0,0
7469,0,0,0,0,0
546,0,0,0,0,0
1449,0,0,0,0,0
3986,0,0,0,0,0
6900,0,0,0,0,0
2610,0,0,0,0,0
1900,0,0,0,0,0
3920,0,0,0,0,0
2757,0,0,0,0,0
6124,0,0,0,0,0
6397,0,0,0,0,0
1885,0,0,0,0,0
9823,0,0,0,0,0
5738,0,0,0,0,0
8667,0,0,0,0,0
5890,0,0,0,0,0
2097,0,0,0,0,0
9289,0,0,0,0,0
5692,0,0,0,0,0
499,0,0,0,0,0
5624,0,0,0,0,0
836,0,0,0,0,0
3471,0,0,0,0,0
4697,0,0,0,0,0
6280,0,0,0,0,0
8883,0,0,0,0,0
2171,0,0,0,0,0
9231,0,0,0,0,0
5678,0,0,0,0,0
9184,0,0,0,0,0
398,0,0,0,0,0
2010,0,0,0,0,0
5166,0,0,0,0,0
5871,0,0,0,0,0
9792,0,0,0,0,0
1283,0,0,0,0,0
8390,0,0,0,0,0
2448,0,0,0,0,0
4256,0,0,0,0,0
1836,0,0,0,0,0
9596,0,0,0,0,0
1019,0,0,0,0,0
5066,0,0,0,0,0
1326,0,0,0,0,0
8752,0,0,0,0,0
475,0,0,0,0,0
2810,0,0,0,0,0
8632,0,0,0,0,0
1651,0,0,0,0,0
9611,0,0,0,0,0
1169,0,0,0,0,0
2528,0,0,0,0,0
1206,0,0,0,0,0
6256,0,0,0,0,0
7926,0,0,0,0,0
5469,0,0,0,0,0
9383,0,0,0,0,0
431,0,0,0,0,0
7700,0,0,0,0,0
867,0,0,0,0,0
2974,0,0,0,0,0
5236,0,0,0,0,0
5093,0,0,0,0,0
5433,0,0,0,0,0
541,0,0,0,0,0
5195,0,0,0,0,0
1132,0,0,0,0,0
9837,0,0,0,0,0
4501,0,0,0,0,0
6354,0,0,0,0,0
9333,0,0,0,0,0
3390,0,0,0,0,0
3888,0,0,0,0,0
2962,0,0,0,0,0
4155,0,0,0,0,0
3259,0,0,0,0,0
6302,0,0,0,0,0
6034,0,0,0,0,0
7918,0,0,0,0,0
9936,0,0,0,0,0
2583,0,0,0,0,0
2813,0,0,0,0,0
3959,0,0,0,0,0
2947,0,0,0,0,0
6643,0,0,0,0,0
5174,0,0,0,0,0
6841,0,0,0,0,0
8298,0,0,0,0,0
3586,0,0,0,0,0
9228,0,0,0,0,0
7988,0,0,0,0,0
2563,0,0,0,0,0
2630,0,0,0,0,0
3190,0,0,0,0,0
7778,0,0,0,0,0
7645,0,0,0,0,0
5036,0,0,0,0,0
1080,0,0,0,0,0
4283,0,0,0,0,0
9711,0,0,0,0,0
7085,0,0,0,0,0
2085,0,0,0,0,0
6345,0,0,0,0,0
2452,0,0,0,0,0
4966,0,0,0,0,0
2023,0,0,0,0,0
8071,0,0,0,0,0
8987,0,0,0,0,0
8718,0,0,0,0,0
7321,0,0,0,0,0
226,0,0,0,0,0
1013,0,0,0,0,0
6679,0,0,0,0,0
1929,0,0,0,0,0
1043,0,0,0,0,0
5251,0,0,0,0,0
1404,0,0,0,0,0
2179,0,0,0,0,0
697,0,0,0,0,0
1124,0,0,0,0,0
7378,0,0,0,0,0
3895,0,0,0,0,0
8217,0,0,0,0,0
5110,0,0,0,0,0
1778,0,0,0,0,0
7786,0,0,0,0,0
2634,0,0,0,0,0
7187,0,0,0,0,0
7544,0,0,0,0,0
7604,0,0,0,0,0
3489,0,0,0,0,0
8259,0,0,0,0,0
1037,0,0,0,0,0
6093,0,0,0,0,0
2256,0,0,0,0,0
8188,0,0,0,0,0
2613,0,0,0,0,0
313,0,0,0,0,0
2649,0,0,0,0,0
2281,0,0,0,0,0
6741,0,0,0,0,0
2979,0,0,0,0,0
2547,0,0,0,0,0
5512,0,0,0,0,0
5132,0,0,0,0,0
2159,0,0,0,0,0
7080,0,0,0,0,0
3137,0,0,0,0,0
9079,0,0,0,0,0
5850,0,0,0,0,0
9865,0,0,0,0,0
6445,0,0,0,0,0
3967,0,0,0,0,0
1428,0,0,0,0,0
8422,0,0,0,0,0
2520,0,0,0,0,0
7837,0,0,0,0,0
4969,0,0,0,0,0
1855,0,0,0,0,0
8884,0,0,0,0,0
5602,0,0,0,0,0
9344,0,0,0,0,0
9868,0,0,0,0,0
448,0,0,0,0,0
7703,0,0,0,0,0
1284,0,0,0,0,0
5995,0,0,0,0,0
7899,0,0,0,0,0
3727,0,0,0,0,0
7353,0,0,0,0,0
361,0,0,0,0,0
6279,0,0,0,0,0
5230,0,0,0,0,0
8942,0,0,0,0,0
7295,0,0,0,0,0
8891,0,0,0,0,0
7534,0,0,0,0,0
6251,0,0,0,0,0
5926,0,0,0,0,0
5149,0,0,0,0,0
2460,0,0,0,0,0
22,0,0,0,0,0
2066,0,0,0,0,0
1653,0,0,0,0,0
702,0,0,0,0,0
8490,0,0,0,0,0
2743,0,0,0,0,0
1376,0,0,0,0,0
1724,0,0,0,0,0
2468,0,0,0,0,0
3754,0,0,0,0,0
2325,0,0,0,0,0
460,0,0,0,0,0
5163,0,0,0,0,0
4183,0,0,0,0,0
5526,0,0,0,0,0
4082,0,0,0,0,0
1486,0,0,0,0,0
3678,0,0,0,0,0
282,0,0,0,0,0
6579,0,0,0,0,0
4558,0,0,0,0,0
4308,0,0,0,0,0
6684,0,0,0,0,0
4865,0,0,0,0,0
3537,0,0,0,0,0
3868,0,0,0,0,0
7003,0,0,0,0,0
2581,0,0,0,0,0
1368,0,0,0,0,0
9469,0,0,0,0,0
8197,0,0,0,0,0
597,0,0,0,0,0
4351,0,0,0,0,0
6346,0,0,0,0,0
8976,0,0,0,0,0
6379,0,0,0,0,0
4758,0,0,0,0,0
646,0,0,0,0,0
6381,0,0,0,0,0
7527,0,0,0,0,0
9697,0,0,0,0,0
6023,0,0,0,0,0
7954,0,0,0,0,0
7165,0,0,0,0,0
3468,0,0,0,0,0
7797,0,0,0,0,0
7697,0,0,0,0,0
2990,0,0,0,0,0
9407,0,0,0,0,0
4875,0,0,0,0,0
2544,0,0,0,0,0
8595,0,0,0,0,0
5341,0,0,0,0,0
1567,0,0,0,0,0
9994,0,0,0,0,0
4066,0,0,0,0,0
3988,0,0,0,0,0
7031,0,0,0,0,0
2160,0,0,0,0,0
685,0,0,0,0,0
7602,0,0,0,0,0
7784,0,0,0,0,0
3243,0,0,0,0,0
5844,0,0,0,0,0
9219,0,0,0,0,0
2461,0,0,0,0,0
4083,0,0,0,0,0
2837,0,0,0,0,0
3697,0,0,0,0,0
7128,0,0,0,0,0
6267,0,0,0,0,0
4941,0,0,0,0,0
5946,0,0,0,0,0
4583,0,0,0,0,0
5784,0,0,0,0,0
4040,0,0,0,0,0
2230,0,0,0,0,0
7569,0,0,0,0,0
935,0,0,0,0,0
2320,0,0,0,0,0
4878,0,0,0,0,0
521,0,0,0,0,0
522,0,0,0,0,0
5345,0,0,0,0,0
9876,0,0,0,0,0
3359,0,0,0,0,0
1311,0,0,0,0,0
3983,0,0,0,0,0
6494,0,0,0,0,0
9560,0,0,0,0,0
1716,0,0,0,0,0
780,0,0,0,0,0
8798,0,0,0,0,0
8231,0,0,0,0,0
5607,0,0,0,0,0
5978,0,0,0,0,0
651,0,0,0,0,0
3747,0,0,0,0,0
2196,0,0,0,0,0
8418,0,0,0,0,0
369,0,0,0,0,0
9884,0,0,0,0,0
8005,0,0,0,0,0
4214,0,0,0,0,0
377,0,0,0,0,0
9446,0,0,0,0,0
2216,0,0,0,0,0
8682,0,0,0,0,0
1613,0,0,0,0,0
6979,0,0,0,0,0
7549,0,0,0,0,0
1827,0,0,0,0,0
3632,0,0,0,0,0
962,0,0,0,0,0
2993,0,0,0,0,0
6606,0,0,0,0,0
9672,0,0,0,0,0
2376,0,0,0,0,0
8880,0,0,0,0,0
359,0,0,0,0,0
3839,0,0,0,0,0
8184,0,0,0,0,0
1246,0,0,0,0,0
7504,0,0,0,0,0
8349,0,0,0,0,0
6511,0,0,0,0,0
5087,0,0,0,0,0
3694,0,0,0,0,0
1573,0,0,0,0,0
6281,0,0,0,0,0
5439,0,0,0,0,0
2567,0,0,0,0,0
3423,0,0,0,0,0
2037,0,0,0,0,0
9243,0,0,0,0,0
772,0,0,0,0,0
5380,0,0,0,0,0
9568,0,0,0,0,0
3562,0,0,0,0,0
562,0,0,0,0,0
6683,0,0,0,0,0
2546,0,0,0,0,0
5510,0,0,0,0,0
5330,0,0,0,0,0
9667,0,0,0,0,0
4531,0,0,0,0,0
1674,0,0,0,0,0
7395,0,0,0,0,0
365,0,0,0,0,0
8016,0,0,0,0,0
9376,0,0,0,0,0
4327,0,0,0,0,0
9983,0,0,0,0,0
147,0,0,0,0,0
1668,0,0,0,0,0
3088,0,0,0,0,0
8844,0,0,0,0,0
7650,0,0,0,0,0
407,0,0,0,0,0
9584,0,0,0,0,0
7788,0,0,0,0,0
3456,0,0,0,0,0
6186,0,0,0,0,0
4182,0,0,0,0,0
3576,0,0,0,0,0
3271,0,0,0,0,0
4940,0,0,0,0,0
1031,0,0,0,0,0
8872,0,0,0,0,0
6230,0,0,0,0,0
6592,0,0,0,0,0
8906,0,0,0,0,0
9811,0,0,0,0,0
6724,0,0,0,0,0
8029,0,0,0,0,0
8052,0,0,0,0,0
855,0,0,0,0,0
3926,0,0,0,0,0
8547,0,0,0,0,0
78,0,0,0,0,0
7088,0,0,0,0,0
2247,0,0,0,0,0
8263,0,0,0,0,0
4026,0,0,0,0,0
9949,0,0,0,0,0
9571,0,0,0,0,0
9295,0,0,0,0,0
714,0,0,0,0,0
7451,0,0,0,0,0
788,0,0,0,0,0
2279,0,0,0,0,0
4095,0,0,0,0,0
3897,0,0,0,0,0
7944,0,0,0,0,0
7177,0,0,0,0,0
9076,0,0,0,0,0
9452,0,0,0,0,0
3631,0,0,0,0,0
8624,0,0,0,0,0
7297,0,0,0,0,0
6272,0,0,0,0,0
424,0,0,0,0,0
392,0,0,0,0,0
3191,0,0,0,0,0
16,0,0,0,0,0
6335,0,0,0,0,0
4200,0,0,0,0,0
2672,0,0,0,0,0
2444,0,0,0,0,0
6697,0,0,0,0,0
6164,0,0,0,0,0
2601,0,0,0,0,0
3493,0,0,0,0,0
6044,0,0,0,0,0
1459,0,0,0,0,0
3804,0,0,0,0,0
9845,0,0,0,0,0
7394,0,0,0,0,0
4839,0,0,0,0,0
8111,0,0,0,0,0
3835,0,0,0,0,0
9313,0,0,0,0,0
5683,0,0,0,0,0
8748,0,0,0,0,0
5827,0,0,0,0,0
9748,0,0,0,0,0
4724,0,0,0,0,0
8759,0,0,0,0,0
5887,0,0,0,0,0
2355,0,0,0,0,0
6036,0,0,0,0,0
4798,0,0,0,0,0
2442,0,0,0,0,0
8645,0,0,0,0,0
4592,0,0,0,0,0
8772,0,0,0,0,0
464,0,0,0,0,0
163,0,0,0,0,0
9261,0,0,0,0,0
9433,0,0,0,0,0
8405,0,0,0,0,0
9777,0,0,0,0,0
9478,0,0,0,0,0
7380,0,0,0,0,0
6636,0,0,0,0,0
241,0,0,0,0,0
2009,0,0,0,0,0
6356,0,0,0,0,0
3084,0,0,0,0,0
6208,0,0,0,0,0
900,0,0,0,0,0
5542,0,0,0,0,0
6007,0,0,0,0,0
7638,0,0,0,0,0
6793,0,0,0,0,0
8869,0,0,0,0,0
7758,0,0,0,0,0
4837,0,0,0,0,0
2293,0,0,0,0,0
6548,0,0,0,0,0
7898,0,0,0,0,0
7977,0,0,0,0,0
4481,0,0,0,0,0
5302,0,0,0,0,0
4605,0,0,0,0,0
3716,0,0,0,0,0
9071,0,0,0,0,0
6140,0,0,0,0,0
1764,0,0,0,0,0
6598,0,0,0,0,0
1549,0,0,0,0,0
3029,0,0,0,0,0
8653,0,0,0,0,0
6298,0,0,0,0,0
6662,0,0,0,0,0
6626,0,0,0,0,0
2044,0,0,0,0,0
767,0,0,0,0,0
5693,0,0,0,0,0
7870,0,0,0,0,0
7795,0,0,0,0,0
1508,0,0,0,0,0
7230,0,0,0,0,0
7857,0,0,0,0,0
3302,0,0,0,0,0
4517,0,0,0,0,0
4219,0,0,0,0,0
9078,0,0,0,0,0
9940,0,0,0,0,0
3292,0,0,0,0,0
819,0,0,0,0,0
1403,0,0,0,0,0
1382,0,0,0,0,0
2148,0,0,0,0,0
6928,0,0,0,0,0
5671,0,0,0,0,0
1638,0,0,0,0,0
5891,0,0,0,0,0
7427,0,0,0,0,0
608,0,0,0,0,0
6907,0,0,0,0,0
399,0,0,0,0,0
7247,0,0,0,0,0
6406,0,0,0,0,0
882,0,0,0,0,0
3565,0,0,0,0,0
4285,0,0,0,0,0
1179,0,0,0,0,0
5448,0,0,0,0,0
4244,0,0,0,0,0
5218,0,0,0,0,0
3976,0,0,0,0,0
2130,0,0,0,0,0
5078,0,0,0,0,0
456,0,0,0,0,0
5582,0,0,0,0,0
5175,0,0,0,0,0
1950,0,0,0,0,0
5372,0,0,0,0,0
689,0,0,0,0,0
8852,0,0,0,0,0
6525,0,0,0,0,0
9821,0,0,0,0,0
6488,0,0,0,0,0
6921,0,0,0,0,0
1953,0,0,0,0,0
7634,0,0,0,0,0
5636,0,0,0,0,0
7154,0,0,0,0,0
8424,0,0,0,0,0
6610,0,0,0,0,0
2710,0,0,0,0,0
8730,0,0,0,0,0
3201,0,0,0,0,0
4349,0,0,0,0,0
4138,0,0,0,0,0
1884,0,0,0,0,0
8639,0,0,0,0,0
4485,0,0,0,0,0
2494,0,0,0,0,0
5947,0,0,0,0,0
3036,0,0,0,0,0
5777,0,0,0,0,0
3603,0,0,0,0,0
845,0,0,0,0,0
542,0,0,0,0,0
3724,0,0,0,0,0
4187,0,0,0,0,0
3679,0,0,0,0,0
8899,0,0,0,0,0
7967,0,0,0,0,0
8485,0,0,0,0,0
6075,0,0,0,0,0
7340,0,0,0,0,0
8225,0,0,0,0,0
7246,0,0,0,0,0
9710,0,0,0,0,0
8290,0,0,0,0,0
7137,0,0,0,0,0
2964,0,0,0,0,0
7559,0,0,0,0,0
2529,0,0,0,0,0
7284,0,0,0,0,0
5772,0,0,0,0,0
1048,0,0,0,0,0
7045,0,0,0,0,0
1960,0,0,0,0,0
2530,0,0,0,0,0
9048,0,0,0,0,0
7603,0,0,0,0,0
6524,0,0,0,0,0
237,0,0,0,0,0
4917,0,0,0,0,0
6479,0,0,0,0,0
1133,0,0,0,0,0
6976,0,0,0,0,0
5901,0,0,0,0,0
9057,0,0,0,0,0
4259,0,0,0,0,0
8840,0,0,0,0,0
6965,0,0,0,0,0
9979,0,0,0,0,0
792,0,0,0,0,0
1985,0,0,0,0,0
5656,0,0,0,0,0
8739,0,0,0,0,0
7935,0,0,0,0,0
6097,0,0,0,0,0
5907,0,0,0,0,0
7373,0,0,0,0,0
8128,0,0,0,0,0
2978,0,0,0,0,0
8861,0,0,0,0,0
9301,0,0,0,0,0
6721,0,0,0,0,0
7842,0,0,0,0,0
5524,0,0,0,0,0
8721,0,0,0,0,0
8431,0,0,0,0,0
9008,0,0,0,0,0
8603,0,0,0,0,0
7174,0,0,0,0,0
3919,0,0,0,0,0
3138,0,0,0,0,0
9416,0,0,0,0,0
9933,0,0,0,0,0
5789,0,0,0,0,0
4073,0,0,0,0,0
3287,0,0,0,0,0
3229,0,0,0,0,0
1826,0,0,0,0,0
5548,0,0,0,0,0
593,0,0,0,0,0
2725,0,0,0,0,0
4137,0,0,0,0,0
560,0,0,0,0,0
7406,0,0,0,0,0
8806,0,0,0,0,0
8386,0,0,0,0,0
243,0,0,0,0,0
7268,0,0,0,0,0
5435,0,0,0,0,0
4437,0,0,0,0,0
9684,0,0,0,0,0
8106,0,0,0,0,0
405,0,0,0,0,0
1442,0,0,0,0,0
261,0,0,0,0,0
4406,0,0,0,0,0
7633,0,0,0,0,0
9533,0,0,0,0,0
1689,0,0,0,0,0
9866,0,0,0,0,0
1725,0,0,0,0,0
8994,0,0,0,0,0
4930,0,0,0,0,0
5962,0,0,0,0,0
2496,0,0,0,0,0
9014,0,0,0,0,0
6904,0,0,0,0,0
6106,0,0,0,0,0
8200,0,0,0,0,0
340,0,0,0,0,0
2408,0,0,0,0,0
1601,0,0,0,0,0
9864,0,0,0,0,0
8359,0,0,0,0,0
5782,0,0,0,0,0
4576,0,0,0,0,0
7971,0,0,0,0,0
3725,0,0,0,0,0
2556,0,0,0,0,0
2785,0,0,0,0,0
1523,0,0,0,0,0
7717,0,0,0,0,0
2507,0,0,0,0,0
2831,0,0,0,0,0
1012,0,0,0,0,0
5280,0,0,0,0,0
4895,0,0,0,0,0
1766,0,0,0,0,0
4551,0,0,0,0,0
7121,0,0,0,0,0
6549,0,0,0,0,0
4037,0,0,0,0,0
8270,0,0,0,0,0
148,0,0,0,0,0
285,0,0,0,0,0
7800,0,0,0,0,0
9651,0,0,0,0,0
363,0,0,0,0,0
5367,0,0,0,0,0
9945,0,0,0,0,0
8410,0,0,0,0,0
9453,0,0,0,0,0
4725,0,0,0,0,0
7271,0,0,0,0,0
6770,0,0,0,0,0
4443,0,0,0,0,0
7446,0,0,0,0,0
236,0,0,0,0,0
7709,0,0,0,0,0
9585,0,0,0,0,0
2562,0,0,0,0,0
7123,0,0,0,0,0
8536,0,0,0,0,0
9602,0,0,0,0,0
5519,0,0,0,0,0
9613,0,0,0,0,0
3083,0,0,0,0,0
2959,0,0,0,0,0
2102,0,0,0,0,0
632,0,0,0,0,0
6813,0,0,0,0,0
2493,0,0,0,0,0
2665,0,0,0,0,0
8494,0,0,0,0,0
8425,0,0,0,0,0
9266,0,0,0,0,0
4211,0,0,0,0,0
3874,0,0,0,0,0
2817,0,0,0,0,0
8268,0,0,0,0,0
9815,0,0,0,0,0
7426,0,0,0,0,0
8602,0,0,0,0,0
8475,0,0,0,0,0
1735,0,0,0,0,0
7397,0,0,0,0,0
4255,0,0,0,0,0
8288,0,0,0,0,0
2475,0,0,0,0,0
9984,0,0,0,0,0
3713,0,0,0,0,0
8978,0,0,0,0,0
1804,0,0,0,0,0
707,0,0,0,0,0
9191,0,0,0,0,0
5189,0,0,0,0,0
5472,0,0,0,0,0
72,0,0,0,0,0
7843,0,0,0,0,0
5101,0,0,0,0,0
6764,0,0,0,0,0
1125,0,0,0,0,0
1241,0,0,0,0,0
8253,0,0,0,0,0
2349,0,0,0,0,0
6602,0,0,0,0,0
6780,0,0,0,0,0
4358,0,0,0,0,0
1343,0,0,0,0,0
9988,0,0,0,0,0
8679,0,0,0,0,0
9575,0,0,0,0,0
6652,0,0,0,0,0
1100,0,0,0,0,0
7327,0,0,0,0,0
7622,0,0,0,0,0
987,0,0,0,0,0
2852,0,0,0,0,0
630,0,0,0,0,0
1249,0,0,0,0,0
3179,0,0,0,0,0
482,0,0,0,0,0
3040,0,0,0,0,0
5010,0,0,0,0,0
8727,0,0,0,0,0
7000,0,0,0,0,0
3273,0,0,0,0,0
7227,0,0,0,0,0
3683,0,0,0,0,0
6674,0,0,0,0,0
6807,0,0,0,0,0
9738,0,0,0,0,0
1316,0,0,0,0,0
3225,0,0,0,0,0
1072,0,0,0,0,0
4815,0,0,0,0,0
8459,0,0,0,0,0
5752,0,0,0,0,0
9145,0,0,0,0,0
4616,0,0,0,0,0
3097,0,0,0,0,0
6869,0,0,0,0,0
1300,0,0,0,0,0
7285,0,0,0,0,0
6284,0,0,0,0,0
5495,0,0,0,0,0
5291,0,0,0,0,0
1798,0,0,0,0,0
5203,0,0,0,0,0
8227,0,0,0,0,0
5047,0,0,0,0,0
6441,0,0,0,0,0
8105,0,0,0,0,0
2359,0,0,0,0,0
9380,0,0,0,0,0
3654,0,0,0,0,0
7052,0,0,0,0,0
1286,0,0,0,0,0
9126,0,0,0,0,0
4445,0,0,0,0,0
2137,0,0,0,0,0
6787,0,0,0,0,0
9752,0,0,0,0,0
8510,0,0,0,0,0
9539,0,0,0,0,0
6894,0,0,0,0,0
8569,0,0,0,0,0
7151,0,0,0,0,0
963,0,0,0,0,0
6012,0,0,0,0,0
4882,0,0,0,0,0
140,0,0,0,0,0
9032,0,0,0,0,0
6936,0,0,0,0,0
6542,0,0,0,0,0
5243,0,0,0,0,0
4431,0,0,0,0,0
406,0,0,0,0,0
8212,0,0,0,0,0
8376,0,0,0,0,0
8627,0,0,0,0,0
8234,0,0,0,0,0
4399,0,0,0,0,0
5252,0,0,0,0,0
11,0,0,0,0,0
4760,0,0,0,0,0
1177,0,0,0,0,0
2863,0,0,0,0,0
6471,0,0,0,0,0
6228,0,0,0,0,0
2989,0,0,0,0,0
7117,0,0,0,0,0
7010,0,0,0,0,0
8557,0,0,0,0,0
1440,0,0,0,0,0
9747,0,0,0,0,0
2875,0,0,0,0,0
9098,0,0,0,0,0
8788,0,0,0,0,0
7232,0,0,0,0,0
3726,0,0,0,0,0
2772,0,0,0,0,0
454,0,0,0,0,0
8189,0,0,0,0,0
1367,0,0,0,0,0
3712,0,0,0,0,0
9852,0,0,0,0,0
1388,0,0,0,0,0
1000,0,0,0,0,0
7761,0,0,0,0,0
3553,0,0,0,0,0
4114,0,0,0,0,0
1667,0,0,0,0,0
3173,0,0,0,0,0
9397,0,0,0,0,0
488,0,0,0,0,0
3230,0,0,0,0,0
3828,0,0,0,0,0
8651,0,0,0,0,0
5208,0,0,0,0,0
7848,0,0,0,0,0
5704,0,0,0,0,0
9639,0,0,0,0,0
8133,0,0,0,0,0
703,0,0,0,0,0
5105,0,0,0,0,0
8893,0,0,0,0,0
3291,0,0,0,0,0
8125,0,0,0,0,0
9631,0,0,0,0,0
9021,0,0,0,0,0
4909,0,0,0,0,0
4440,0,0,0,0,0
986,0,0,0,0,0
9236,0,0,0,0,0
9883,0,0,0,0,0
7705,0,0,0,0,0
6257,0,0,0,0,0
6089,0,0,0,0,0
5238,0,0,0,0,0
1198,0,0,0,0,0
9070,0,0,0,0,0
7519,0,0,0,0,0
6812,0,0,0,0,0
8320,0,0,0,0,0
7175,0,0,0,0,0
4470,0,0,0,0,0
891,0,0,0,0,0
1969,0,0,0,0,0
5757,0,0,0,0,0
6527,0,0,0,0,0
6294,0,0,0,0,0
7595,0,0,0,0,0
3249,0,0,0,0,0
6570,0,0,0,0,0
6638,0,0,0,0,0
7351,0,0,0,0,0
9172,0,0,0,0,0
7473,0,0,0,0,0
9601,0,0,0,0,0
8673,0,0,0,0,0
1239,0,0,0,0,0
2289,0,0,0,0,0
2740,0,0,0,0,0
4585,0,0,0,0,0
1229,0,0,0,0,0
6980,0,0,0,0,0
5178,0,0,0,0,0
4293,0,0,0,0,0
1058,0,0,0,0,0
6262,0,0,0,0,0
281,0,0,0,0,0
968,0,0,0,0,0
3953,0,0,0,0,0
1939,0,0,0,0,0
8464,0,0,0,0,0
1274,0,0,0,0,0
619,0,0,0,0,0
8505,0,0,0,0,0
1742,0,0,0,0,0
1390,0,0,0,0,0
2203,0,0,0,0,0
3568,0,0,0,0,0
6116,0,0,0,0,0
9970,0,0,0,0,0
6052,0,0,0,0,0
3178,0,0,0,0,0
3192,0,0,0,0,0
6099,0,0,0,0,0
7029,0,0,0,0,0
575,0,0,0,0,0
6656,0,0,0,0,0
7115,0,0,0,0,0
8802,0,0,0,0,0
6276,0,0,0,0,0
8984,0,0,0,0,0
5897,0,0,0,0,0
5724,0,0,0,0,0
269,0,0,0,0,0
629,0,0,0,0,0
3081,0,0,0,0,0
3466,0,0,0,0,0
6430,0,0,0,0,0
9311,0,0,0,0,0
7062,0,0,0,0,0
9727,0,0,0,0,0
5543,0,0,0,0,0
4356,0,0,0,0,0
2113,0,0,0,0,0
8219,0,0,0,0,0
3216,0,0,0,0,0
3814,0,0,0,0,0
8321,0,0,0,0,0
8589,0,0,0,0,0
2278,0,0,0,0,0
4599,0,0,0,0,0
13,0,0,0,0,0
9225,0,0,0,0,0
1525,0,0,0,0,0
2365,0,0,0,0,0
4648,0,0,0,0,0
374,0,0,0,0,0
8521,0,0,0,0,0
6477,0,0,0,0,0
525,0,0,0,0,0
6895,0,0,0,0,0
3591,0,0,0,0,0
7904,0,0,0,0,0
2958,0,0,0,0,0
529,0,0,0,0,0
3714,0,0,0,0,0
4732,0,0,0,0,0
1394,0,0,0,0,0
5631,0,0,0,0,0
6563,0,0,0,0,0
4703,0,0,0,0,0
1712,0,0,0,0,0
9755,0,0,0,0,0
955,0,0,0,0,0
6675,0,0,0,0,0
3453,0,0,0,0,0
2071,0,0,0,0,0
9740,0,0,0,0,0
158,0,0,0,0,0
7005,0,0,0,0,0
352,0,0,0,0,0
6078,0,0,0,0,0
6236,0,0,0,0,0
2920,0,0,0,0,0
4644,0,0,0,0,0
661,0,0,0,0,0
7057,0,0,0,0,0
3665,0,0,0,0,0
7979,0,0,0,0,0
306,0,0,0,0,0
4790,0,0,0,0,0
2356,0,0,0,0,0
1927,0,0,0,0,0
9939,0,0,0,0,0
3427,0,0,0,0,0
3638,0,0,0,0,0
1266,0,0,0,0,0
1560,0,0,0,0,0
7179,0,0,0,0,0
4109,0,0,0,0,0
7867,0,0,0,0,0
4904,0,0,0,0,0
7294,0,0,0,0,0
514,0,0,0,0,0
894,0,0,0,0,0
21,0,0,0,0,0
899,0,0,0,0,0
207,0,0,0,0,0
458,0,0,0,0,0
2430,0,0,0,0,0
8442,0,0,0,0,0
3389,0,0,0,0,0
3911,0,0,0,0,0
5383,0,0,0,0,0
552,0,0,0,0,0
3144,0,0,0,0,0
6917,0,0,0,0,0
2056,0,0,0,0,0
1925,0,0,0,0,0
634,0,0,0,0,0
6082,0,0,0,0,0
9270,0,0,0,0,0
9678,0,0,0,0,0
105,0,0,0,0,0
3041,0,0,0,0,0
1709,0,0,0,0,0
89,0,0,0,0,0
7014,0,0,0,0,0
3174,0,0,0,0,0
917,0,0,0,0,0
7833,0,0,0,0,0
6732,0,0,0,0,0
1949,0,0,0,0,0
6368,0,0,0,0,0
1,0,0,0,0,0
8032,0,0,0,0,0
6047,0,0,0,0,0
2720,0,0,0,0,0
9812,0,0,0,0,0
3117,0,0,0,0,0
9465,0,0,0,0,0
3762,0,0,0,0,0
213,0,0,0,0,0
778,0,0,0,0,0
3496,0,0,0,0,0
8817,0,0,0,0,0
2043,0,0,0,0,0
5420,0,0,0,0,0
6154,0,0,0,0,0
8357,0,0,0,0,0
8707,0,0,0,0,0
8465,0,0,0,0,0
4167,0,0,0,0,0
3788,0,0,0,0,0
583,0,0,0,0,0
9911,0,0,0,0,0
9986,0,0,0,0,0
116,0,0,0,0,0
6644,0,0,0,0,0
9033,0,0,0,0,0
9951,0,0,0,0,0
8959,0,0,0,0,0
1763,0,0,0,0,0
1875,0,0,0,0,0
3224,0,0,0,0,0
526,0,0,0,0,0
7725,0,0,0,0,0
2946,0,0,0,0,0
4473,0,0,0,0,0
5655,0,0,0,0,0
6059,0,0,0,0,0
959,0,0,0,0,0
6342,0,0,0,0,0
3633,0,0,0,0,0
1050,0,0,0,0,0
3380,0,0,0,0,0
3676,0,0,0,0,0
5776,0,0,0,0,0
9045,0,0,0,0,0
6573,0,0,0,0,0
5179,0,0,0,0,0
1607,0,0,0,0,0
3610,0,0,0,0,0
9758,0,0,0,0,0
6635,0,0,0,0,0
9997,0,0,0,0,0
791,0,0,0,0,0
3056,0,0,0,0,0
1980,0,0,0,0,0
3598,0,0,0,0,0
933,0,0,0,0,0
7424,0,0,0,0,0
5626,0,0,0,0,0
1682,0,0,0,0,0
4179,0,0,0,0,0
6446,0,0,0,0,0
4116,0,0,0,0,0
988,0,0,0,0,0
2896,0,0,0,0,0
3778,0,0,0,0,0
5658,0,0,0,0,0
3093,0,0,0,0,0
3155,0,0,0,0,0
1823,0,0,0,0,0
9622,0,0,0,0,0
1098,0,0,0,0,0
2844,0,0,0,0,0
3342,0,0,0,0,0
38,0,0,0,0,0
6540,0,0,0,0,0
9473,0,0,0,0,0
3356,0,0,0,0,0
7813,0,0,0,0,0
8220,0,0,0,0,0
9227,0,0,0,0,0
2428,0,0,0,0,0
5043,0,0,0,0,0
5346,0,0,0,0,0
4811,0,0,0,0,0
8476,0,0,0,0,0
686,0,0,0,0,0
4799,0,0,0,0,0
7437,0,0,0,0,0
2353,0,0,0,0,0
6353,0,0,0,0,0
4569,0,0,0,0,0
8213,0,0,0,0,0
2752,0,0,0,0,0
8073,0,0,0,0,0
1040,0,0,0,0,0
7491,0,0,0,0,0
1265,0,0,0,0,0
9265,0,0,0,0,0
7059,0,0,0,0,0
277,0,0,0,0,0
5084,0,0,0,0,0
2382,0,0,0,0,0
571,0,0,0,0,0
1435,0,0,0,0,0
5352,0,0,0,0,0
5445,0,0,0,0,0
1007,0,0,0,0,0
4543,0,0,0,0,0
8816,0,0,0,0,0
2064,0,0,0,0,0
1136,0,0,0,0,0
5343,0,0,0,0,0
294,0,0,0,0,0
2403,0,0,0,0,0
3998,0,0,0,0,0
3741,0,0,0,0,0
9222,0,0,0,0,0
2719,0,0,0,0,0
9199,0,0,0,0,0
5150,0,0,0,0,0
2808,0,0,0,0,0
556,0,0,0,0,0
8925,0,0,0,0,0
4795,0,0,0,0,0
2469,0,0,0,0,0
3738,0,0,0,0,0
4286,0,0,0,0,0
2604,0,0,0,0,0
362,0,0,0,0,0
6924,0,0,0,0,0
1704,0,0,0,0,0
2139,0,0,0,0,0
3239,0,0,0,0,0
2383,0,0,0,0,0
7314,0,0,0,0,0
4311,0,0,0,0,0
1312,0,0,0,0,0
3930,0,0,0,0,0
6183,0,0,0,0,0
1591,0,0,0,0,0
9387,0,0,0,0,0
2162,0,0,0,0,0
2396,0,0,0,0,0
317,0,0,0,0,0
5233,0,0,0,0,0
5068,0,0,0,0,0
4036,0,0,0,0,0
3020,0,0,0,0,0
8228,0,0,0,0,0
5295,0,0,0,0,0
3972,0,0,0,0,0
5370,0,0,0,0,0
4133,0,0,0,0,0
974,0,0,0,0,0
7291,0,0,0,0,0
954,0,0,0,0,0
9306,0,0,0,0,0
5016,0,0,0,0,0
9730,0,0,0,0,0
7490,0,0,0,0,0
1640,0,0,0,0,0
1290,0,0,0,0,0
1380,0,0,0,0,0
1933,0,0,0,0,0
4675,0,0,0,0,0
892,0,0,0,0,0
7287,0,0,0,0,0
4876,0,0,0,0,0
7906,0,0,0,0,0
8194,0,0,0,0,0
9379,0,0,0,0,0
2466,0,0,0,0,0
7657,0,0,0,0,0
1913,0,0,0,0,0
2736,0,0,0,0,0
726,0,0,0,0,0
7214,0,0,0,0,0
8245,0,0,0,0,0
1796,0,0,0,0,0
3845,0,0,0,0,0
6402,0,0,0,0,0
936,0,0,0,0,0
2265,0,0,0,0,0
824,0,0,0,0,0
7274,0,0,0,0,0
1389,0,0,0,0,0
3564,0,0,0,0,0
5429,0,0,0,0,0
7827,0,0,0,0,0
5690,0,0,0,0,0
7878,0,0,0,0,0
1868,0,0,0,0,0
8202,0,0,0,0,0
7486,0,0,0,0,0
806,0,0,0,0,0
4805,0,0,0,0,0
9152,0,0,0,0,0
7511,0,0,0,0,0
8056,0,0,0,0,0
4494,0,0,0,0,0
2632,0,0,0,0,0
8900,0,0,0,0,0
8623,0,0,0,0,0
7832,0,0,0,0,0
4388,0,0,0,0,0
145,0,0,0,0,0
6467,0,0,0,0,0
2033,0,0,0,0,0
9127,0,0,0,0,0
1165,0,0,0,0,0
2050,0,0,0,0,0
3760,0,0,0,0,0
4435,0,0,0,0,0
3430,0,0,0,0,0
8190,0,0,0,0,0
8753,0,0,0,0,0
7069,0,0,0,0,0
4361,0,0,0,0,0
1771,0,0,0,0,0
3511,0,0,0,0,0
271,0,0,0,0,0
8436,0,0,0,0,0
2032,0,0,0,0,0
9664,0,0,0,0,0
3810,0,0,0,0,0
4346,0,0,0,0,0
545,0,0,0,0,0
3241,0,0,0,0,0
8502,0,0,0,0,0
9918,0,0,0,0,0
7564,0,0,0,0,0
920,0,0,0,0,0
9118,0,0,0,0,0
6640,0,0,0,0,0
7694,0,0,0,0,0
8230,0,0,0,0,0
7126,0,0,0,0,0
4278,0,0,0,0,0
2983,0,0,0,0,0
130,0,0,0,0,0
7980,0,0,0,0,0
2667,0,0,0,0,0
7138,0,0,0,0,0
3223,0,0,0,0,0
7693,0,0,0,0,0
5392,0,0,0,0,0
614,0,0,0,0,0
9902,0,0,0,0,0
1466,0,0,0,0,0
4497,0,0,0,0,0
3042,0,0,0,0,0
2419,0,0,0,0,0
5085,0,0,0,0,0
3294,0,0,0,0,0
6737,0,0,0,0,0
1500,0,0,0,0,0
1521,0,0,0,0,0
9117,0,0,0,0,0
4232,0,0,0,0,0
7686,0,0,0,0,0
4430,0,0,0,0,0
390,0,0,0,0,0
9858,0,0,0,0,0
7124,0,0,0,0,0
5913,0,0,0,0,0
8592,0,0,0,0,0
4806,0,0,0,0,0
8954,0,0,0,0,0
8238,0,0,0,0,0
8044,0,0,0,0,0
9782,0,0,0,0,0
3993,0,0,0,0,0
9551,0,0,0,0,0
6609,0,0,0,0,0
5319,0,0,0,0,0
7119,0,0,0,0,0
2421,0,0,0,0,0
5604,0,0,0,0,0
1750,0,0,0,0,0
9015,0,0,0,0,0
9718,0,0,0,0,0
338,0,0,0,0,0
8407,0,0,0,0,0
1341,0,0,0,0,0
9544,0,0,0,0,0
7982,0,0,0,0,0
3640,0,0,0,0,0
329,0,0,0,0,0
8828,0,0,0,0,0
3004,0,0,0,0,0
6960,0,0,0,0,0
4090,0,0,0,0,0
2322,0,0,0,0,0
6667,0,0,0,0,0
7009,0,0,0,0,0
4197,0,0,0,0,0
3549,0,0,0,0,0
8363,0,0,0,0,0
4203,0,0,0,0,0
9310,0,0,0,0,0
8936,0,0,0,0,0
6185,0,0,0,0,0
1639,0,0,0,0,0
60,0,0,0,0,0
1240,0,0,0,0,0
5760,0,0,0,0,0
5136,0,0,0,0,0
2343,0,0,0,0,0
2120,0,0,0,0,0
1524,0,0,0,0,0
7617,0,0,0,0,0
153,0,0,0,0,0
481,0,0,0,0,0
6122,0,0,0,0,0
7674,0,0,0,0,0
7101,0,0,0,0,0
1762,0,0,0,0,0
7715,0,0,0,0,0
9081,0,0,0,0,0
7479,0,0,0,0,0
6212,0,0,0,0,0
4853,0,0,0,0,0
2711,0,0,0,0,0
6766,0,0,0,0,0
4150,0,0,0,0,0
1333,0,0,0,0,0
8378,0,0,0,0,0
9389,0,0,0,0,0
9707,0,0,0,0,0
9121,0,0,0,0,0
3850,0,0,0,0,0
8340,0,0,0,0,0
4124,0,0,0,0,0
8963,0,0,0,0,0
4788,0,0,0,0,0
2866,0,0,0,0,0
1386,0,0,0,0,0
5941,0,0,0,0,0
3067,0,0,0,0,0
9058,0,0,0,0,0
3629,0,0,0,0,0
9455,0,0,0,0,0
8949,0,0,0,0,0
3028,0,0,0,0,0
2969,0,0,0,0,0
8646,0,0,0,0,0
6136,0,0,0,0,0
8801,0,0,0,0,0
4263,0,0,0,0,0
645,0,0,0,0,0
9653,0,0,0,0,0
2074,0,0,0,0,0
341,0,0,0,0,0
8041,0,0,0,0,0
1622,0,0,0,0,0
7141,0,0,0,0,0
5796,0,0,0,0,0
7184,0,0,0,0,0
8232,0,0,0,0,0
5475,0,0,0,0,0
9252,0,0,0,0,0
74,0,0,0,0,0
8633,0,0,0,0,0
9229,0,0,0,0,0
2051,0,0,0,0,0
2541,0,0,0,0,0
1301,0,0,0,0,0
5877,0,0,0,0,0
7368,0,0,0,0,0
1304,0,0,0,0,0
8428,0,0,0,0,0
9094,0,0,0,0,0
2599,0,0,0,0,0
2573,0,0,0,0,0
3186,0,0,0,0,0
2768,0,0,0,0,0
4831,0,0,0,0,0
4223,0,0,0,0,0
9649,0,0,0,0,0
2106,0,0,0,0,0
2679,0,0,0,0,0
1387,0,0,0,0,0
8931,0,0,0,0,0
9659,0,0,0,0,0
7083,0,0,0,0,0
1279,0,0,0,0,0
804,0,0,0,0,0
1555,0,0,0,0,0
9486,0,0,0,0,0
4566,0,0,0,0,0
9669,0,0,0,0,0
4841,0,0,0,0,0
3594,0,0,0,0,0
6035,0,0,0,0,0
6852,0,0,0,0,0
8705,0,0,0,0,0
4177,0,0,0,0,0
1308,0,0,0,0,0
3452,0,0,0,0,0
3695,0,0,0,0,0
4242,0,0,0,0,0
2198,0,0,0,0,0
4425,0,0,0,0,0
6150,0,0,0,0,0
943,0,0,0,0,0
822,0,0,0,0,0
5005,0,0,0,0,0
6612,0,0,0,0,0
8356,0,0,0,0,0
5619,0,0,0,0,0
4547,0,0,0,0,0
2538,0,0,0,0,0
5207,0,0,0,0,0
9514,0,0,0,0,0
9009,0,0,0,0,0
3054,0,0,0,0,0
3675,0,0,0,0,0
7776,0,0,0,0,0
7218,0,0,0,0,0
6722,0,0,0,0,0
3300,0,0,0,0,0
3310,0,0,0,0,0
7221,0,0,0,0,0
8519,0,0,0,0,0
5954,0,0,0,0,0
832,0,0,0,0,0
3462,0,0,0,0,0
7643,0,0,0,0,0
54,0,0,0,0,0
3451,0,0,0,0,0
6305,0,0,0,0,0
1481,0,0,0,0,0
4873,0,0,0,0,0
8038,0,0,0,0,0
3335,0,0,0,0,0
6016,0,0,0,0,0
4926,0,0,0,0,0
5797,0,0,0,0,0
9831,0,0,0,0,0
5083,0,0,0,0,0
6645,0,0,0,0,0
5490,0,0,0,0,0
768,0,0,0,0,0
2065,0,0,0,0,0
9500,0,0,0,0,0
7311,0,0,0,0,0
8477,0,0,0,0,0
4524,0,0,0,0,0
2717,0,0,0,0,0
2079,0,0,0,0,0
8914,0,0,0,0,0
951,0,0,0,0,0
8058,0,0,0,0,0
2482,0,0,0,0,0
1759,0,0,0,0,0
4422,0,0,0,0,0
6704,0,0,0,0,0
5182,0,0,0,0,0
8533,0,0,0,0,0
3701,0,0,0,0,0
4243,0,0,0,0,0
688,0,0,0,0,0
3432,0,0,0,0,0
4944,0,0,0,0,0
966,0,0,0,0,0
9484,0,0,0,0,0
2713,0,0,0,0,0
4757,0,0,0,0,0
9545,0,0,0,0,0
6320,0,0,0,0,0
5975,0,0,0,0,0
3572,0,0,0,0,0
5299,0,0,0,0,0
1990,0,0,0,0,0
1205,0,0,0,0,0
4971,0,0,0,0,0
6783,0,0,0,0,0
3600,0,0,0,0,0
6490,0,0,0,0,0
8609,0,0,0,0,0
9978,0,0,0,0,0
8070,0,0,0,0,0
8577,0,0,0,0,0
7973,0,0,0,0,0
1625,0,0,0,0,0
536,0,0,0,0,0
8766,0,0,0,0,0
7970,0,0,0,0,0
4212,0,0,0,0,0
6456,0,0,0,0,0
3507,0,0,0,0,0
8393,0,0,0,0,0
7112,0,0,0,0,0
2708,0,0,0,0,0
5031,0,0,0,0,0
6514,0,0,0,0,0
4662,0,0,0,0,0
4021,0,0,0,0,0
1854,0,0,0,0,0
9425,0,0,0,0,0
2872,0,0,0,0,0
3030,0,0,0,0,0
1645,0,0,0,0,0
3417,0,0,0,0,0
3476,0,0,0,0,0
9552,0,0,0,0,0
1792,0,0,0,0,0
3797,0,0,0,0,0
3368,0,0,0,0,0
7196,0,0,0,0,0
9641,0,0,0,0,0
5109,0,0,0,0,0
6024,0,0,0,0,0
8795,0,0,0,0,0
9294,0,0,0,0,0
126,0,0,0,0,0
5959,0,0,0,0,0
3876,0,0,0,0,0
4451,0,0,0,0,0
7147,0,0,0,0,0
3531,0,0,0,0,0
827,0,0,0,0,0
7790,0,0,0,0,0
984,0,0,0,0,0
7783,0,0,0,0,0
2443,0,0,0,0,0
8554,0,0,0,0,0
345,0,0,0,0,0
814,0,0,0,0,0
6166,0,0,0,0,0
5779,0,0,0,0,0
2116,0,0,0,0,0
793,0,0,0,0,0
6898,0,0,0,0,0
2674,0,0,0,0,0
94,0,0,0,0,0
4225,0,0,0,0,0
3756,0,0,0,0,0
2891,0,0,0,0,0
2371,0,0,0,0,0
9388,0,0,0,0,0
3228,0,0,0,0,0
7863,0,0,0,0,0
6359,0,0,0,0,0
9196,0,0,0,0,0
7326,0,0,0,0,0
6028,0,0,0,0,0
1865,0,0,0,0,0
4612,0,0,0,0,0
2645,0,0,0,0,0
2243,0,0,0,0,0
5373,0,0,0,0,0
2336,0,0,0,0,0
950,0,0,0,0,0
1120,0,0,0,0,0
2204,0,0,0,0,0
419,0,0,0,0,0
922,0,0,0,0,0
8669,0,0,0,0,0
5408,0,0,0,0,0
5788,0,0,0,0,0
5742,0,0,0,0,0
7667,0,0,0,0,0
5567,0,0,0,0,0
8135,0,0,0,0,0
1202,0,0,0,0,0
5765,0,0,0,0,0
8389,0,0,0,0,0
1970,0,0,0,0,0
4018,0,0,0,0,0
3687,0,0,0,0,0
1997,0,0,0,0,0
4033,0,0,0,0,0
1248,0,0,0,0,0
2192,0,0,0,0,0
2712,0,0,0,0,0
2190,0,0,0,0,0
4670,0,0,0,0,0
5142,0,0,0,0,0
5984,0,0,0,0,0
6565,0,0,0,0,0
7804,0,0,0,0,0
6943,0,0,0,0,0
2136,0,0,0,0,0
1065,0,0,0,0,0
600,0,0,0,0,0
4227,0,0,0,0,0
7577,0,0,0,0,0
77,0,0,0,0,0
7546,0,0,0,0,0
2898,0,0,0,0,0
4820,0,0,0,0,0
9302,0,0,0,0,0
6413,0,0,0,0,0
9064,0,0,0,0,0
8007,0,0,0,0,0
5468,0,0,0,0,0
5951,0,0,0,0,0
3391,0,0,0,0,0
5415,0,0,0,0,0
2560,0,0,0,0,0
8162,0,0,0,0,0
2635,0,0,0,0,0
5256,0,0,0,0,0
3530,0,0,0,0,0
8567,0,0,0,0,0
1908,0,0,0,0,0
235,0,0,0,0,0
1604,0,0,0,0,0
7984,0,0,0,0,0
3490,0,0,0,0,0
1994,0,0,0,0,0
2824,0,0,0,0,0
9285,0,0,0,0,0
1342,0,0,0,0,0
8512,0,0,0,0,0
1619,0,0,0,0,0
5287,0,0,0,0,0
2060,0,0,0,0,0
9955,0,0,0,0,0
2219,0,0,0,0,0
6038,0,0,0,0,0
260,0,0,0,0,0
9365,0,0,0,0,0
9093,0,0,0,0,0
3744,0,0,0,0,0
2026,0,0,0,0,0
6988,0,0,0,0,0
4234,0,0,0,0,0
1917,0,0,0,0,0
1828,0,0,0,0,0
6233,0,0,0,0,0
9332,0,0,0,0,0
6283,0,0,0,0,0
4208,0,0,0,0,0
224,0,0,0,0,0
8915,0,0,0,0,0
6469,0,0,0,0,0
9413,0,0,0,0,0
846,0,0,0,0,0
4289,0,0,0,0,0
5560,0,0,0,0,0
2551,0,0,0,0,0
117,0,0,0,0,0
8837,0,0,0,0,0
5966,0,0,0,0,0
8195,0,0,0,0,0
8659,0,0,0,0,0
7489,0,0,0,0,0
5,0,0,0,0,0
5342,0,0,0,0,0
9111,0,0,0,0,0
4324,0,0,0,0,0
1063,0,0,0,0,0
2590,0,0,0,0,0
8434,0,0,0,0,0
3735,0,0,0,0,0
3517,0,0,0,0,0
6986,0,0,0,0,0
6767,0,0,0,0,0
5622,0,0,0,0,0
1605,0,0,0,0,0
1733,0,0,0,0,0
9341,0,0,0,0,0
3812,0,0,0,0,0
9624,0,0,0,0,0
1761,0,0,0,0,0
5401,0,0,0,0,0
2739,0,0,0,0,0
2472,0,0,0,0,0
6738,0,0,0,0,0
6891,0,0,0,0,0
7943,0,0,0,0,0
4206,0,0,0,0,0
6371,0,0,0,0,0
232,0,0,0,0,0
8258,0,0,0,0,0
7561,0,0,0,0,0
6168,0,0,0,0,0
3596,0,0,0,0,0
6288,0,0,0,0,0
4632,0,0,0,0,0
125,0,0,0,0,0
7641,0,0,0,0,0
6229,0,0,0,0,0
1296,0,0,0,0,0
1976,0,0,0,0,0
9480,0,0,0,0,0
9581,0,0,0,0,0
5750,0,0,0,0,0
8152,0,0,0,0,0
3086,0,0,0,0,0
9276,0,0,0,0,0
6882,0,0,0,0,0
9305,0,0,0,0,0
7673,0,0,0,0,0
3345,0,0,0,0,0
8172,0,0,0,0,0
9421,0,0,0,0,0
5870,0,0,0,0,0
6506,0,0,0,0,0
2797,0,0,0,0,0
918,0,0,0,0,0
1646,0,0,0,0,0
5122,0,0,0,0,0
5126,0,0,0,0,0
4621,0,0,0,0,0
6809,0,0,0,0,0
364,0,0,0,0,0
2125,0,0,0,0,0
8150,0,0,0,0,0
8717,0,0,0,0,0
55,0,0,0,0,0
638,0,0,0,0,0
302,0,0,0,0,0
5811,0,0,0,0,0
1276,0,0,0,0,0
4432,0,0,0,0,0
3644,0,0,0,0,0
4143,0,0,0,0,0
2878,0,0,0,0,0
6493,0,0,0,0,0
5240,0,0,0,0,0
9408,0,0,0,0,0
6937,0,0,0,0,0
7240,0,0,0,0,0
2593,0,0,0,0,0
2393,0,0,0,0,0
523,0,0,0,0,0
6376,0,0,0,0,0
6981,0,0,0,0,0
6677,0,0,0,0,0
3900,0,0,0,0,0
9634,0,0,0,0,0
5585,0,0,0,0,0
9360,0,0,0,0,0
7956,0,0,0,0,0
7570,0,0,0,0,0
6777,0,0,0,0,0
671,0,0,0,0,0
4188,0,0,0,0,0
666,0,0,0,0,0
3266,0,0,0,0,0
1887,0,0,0,0,0
8472,0,0,0,0,0
9091,0,0,0,0,0
7687,0,0,0,0,0
6031,0,0,0,0,0
6090,0,0,0,0,0
6238,0,0,0,0,0
7350,0,0,0,0,0
7830,0,0,0,0,0
760,0,0,0,0,0
6254,0,0,0,0,0
1906,0,0,0,0,0
3818,0,0,0,0,0
6269,0,0,0,0,0
4300,0,0,0,0,0
5569,0,0,0,0,0
7941,0,0,0,0,0
4164,0,0,0,0,0
5971,0,0,0,0,0
3579,0,0,0,0,0
2832,0,0,0,0,0
5449,0,0,0,0,0
3472,0,0,0,0,0
6327,0,0,0,0,0
137,0,0,0,0,0
7043,0,0,0,0,0
4892,0,0,0,0,0
2180,0,0,0,0,0
7730,0,0,0,0,0
3177,0,0,0,0,0
4854,0,0,0,0,0
4637,0,0,0,0,0
5115,0,0,0,0,0
7648,0,0,0,0,0
4261,0,0,0,0,0
1331,0,0,0,0,0
7002,0,0,0,0,0
6941,0,0,0,0,0
8017,0,0,0,0,0
6241,0,0,0,0,0
9987,0,0,0,0,0
6881,0,0,0,0,0
4530,0,0,0,0,0
4673,0,0,0,0,0
6996,0,0,0,0,0
1252,0,0,0,0,0
3374,0,0,0,0,0
2814,0,0,0,0,0
4719,0,0,0,0,0
6544,0,0,0,0,0
4858,0,0,0,0,0
7901,0,0,0,0,0
8580,0,0,0,0,0
8427,0,0,0,0,0
1077,0,0,0,0,0
4363,0,0,0,0,0
770,0,0,0,0,0
8865,0,0,0,0,0
249,0,0,0,0,0
7239,0,0,0,0,0
3419,0,0,0,0,0
4976,0,0,0,0,0
4544,0,0,0,0,0
5565,0,0,0,0,0
7939,0,0,0,0,0
716,0,0,0,0,0
9652,0,0,0,0,0
2048,0,0,0,0,0
5997,0,0,0,0,0
6600,0,0,0,0,0
7245,0,0,0,0,0
4178,0,0,0,0,0
4809,0,0,0,0,0
9482,0,0,0,0,0
7140,0,0,0,0,0
7190,0,0,0,0,0
1460,0,0,0,0,0
5989,0,0,0,0,0
2000,0,0,0,0,0
8175,0,0,0,0,0
404,0,0,0,0,0
384,0,0,0,0,0
9448,0,0,0,0,0
9487,0,0,0,0,0
1633,0,0,0,0,0
9853,0,0,0,0,0
4784,0,0,0,0,0
9456,0,0,0,0,0
6970,0,0,0,0,0
3925,0,0,0,0,0
4158,0,0,0,0,0
7449,0,0,0,0,0
8415,0,0,0,0,0
2193,0,0,0,0,0
1015,0,0,0,0,0
5124,0,0,0,0,0
7418,0,0,0,0,0
7409,0,0,0,0,0
8989,0,0,0,0,0
2871,0,0,0,0,0
9,0,0,0,0,0
1838,0,0,0,0,0
4804,0,0,0,0,0
255,0,0,0,0,0
7026,0,0,0,0,0
5713,0,0,0,0,0
3324,0,0,0,0,0
7714,0,0,0,0,0
1581,0,0,0,0,0
924,0,0,0,0,0
2779,0,0,0,0,0
7891,0,0,0,0,0
6132,0,0,0,0,0
5320,0,0,0,0,0
7312,0,0,0,0,0
7102,0,0,0,0,0
6042,0,0,0,0,0
3775,0,0,0,0,0
4835,0,0,0,0,0
4964,0,0,0,0,0
539,0,0,0,0,0
7483,0,0,0,0,0
2745,0,0,0,0,0
3719,0,0,0,0,0
6819,0,0,0,0,0
9337,0,0,0,0,0
4468,0,0,0,0,0
667,0,0,0,0,0
7575,0,0,0,0,0
8549,0,0,0,0,0
5063,0,0,0,0,0
1353,0,0,0,0,0
7114,0,0,0,0,0
9773,0,0,0,0,0
8662,0,0,0,0,0
2703,0,0,0,0,0
3330,0,0,0,0,0
8053,0,0,0,0,0
3584,0,0,0,0,0
9441,0,0,0,0,0
5645,0,0,0,0,0
3376,0,0,0,0,0
1256,0,0,0,0,0
6190,0,0,0,0,0
5348,0,0,0,0,0
4175,0,0,0,0,0
4910,0,0,0,0,0
1852,0,0,0,0,0
6316,0,0,0,0,0
9854,0,0,0,0,0
2105,0,0,0,0,0
133,0,0,0,0,0
5029,0,0,0,0,0
928,0,0,0,0,0
823,0,0,0,0,0
7576,0,0,0,0,0
1531,0,0,0,0,0
1214,0,0,0,0,0
504,0,0,0,0,0
6530,0,0,0,0,0
3072,0,0,0,0,0
9086,0,0,0,0,0
8647,0,0,0,0,0
6619,0,0,0,0,0
9273,0,0,0,0,0
3709,0,0,0,0,0
4849,0,0,0,0,0
4748,0,0,0,0,0
4268,0,0,0,0,0
9878,0,0,0,0,0
8905,0,0,0,0,0
4186,0,0,0,0,0
5301,0,0,0,0,0
2923,0,0,0,0,0
6588,0,0,0,0,0
1810,0,0,0,0,0
3486,0,0,0,0,0
7419,0,0,0,0,0
3141,0,0,0,0,0
9347,0,0,0,0,0
1324,0,0,0,0,0
4312,0,0,0,0,0
7494,0,0,0,0,0
8702,0,0,0,0,0
8691,0,0,0,0,0
9503,0,0,0,0,0
5541,0,0,0,0,0
6172,0,0,0,0,0
1540,0,0,0,0,0
9409,0,0,0,0,0
2681,0,0,0,0,0
9882,0,0,0,0,0
6313,0,0,0,0,0
1191,0,0,0,0,0
5293,0,0,0,0,0
1542,0,0,0,0,0
7056,0,0,0,0,0
2539,0,0,0,0,0
953,0,0,0,0,0
7241,0,0,0,0,0
6731,0,0,0,0,0
4846,0,0,0,0,0
6801,0,0,0,0,0
8010,0,0,0,0,0
4330,0,0,0,0,0
8924,0,0,0,0,0
5334,0,0,0,0,0
7330,0,0,0,0,0
9348,0,0,0,0,0
4729,0,0,0,0,0
6541,0,0,0,0,0
5305,0,0,0,0,0
5161,0,0,0,0,0
7860,0,0,0,0,0
2156,0,0,0,0,0
1062,0,0,0,0,0
1167,0,0,0,0,0
3636,0,0,0,0,0
7651,0,0,0,0,0
5588,0,0,0,0,0
7192,0,0,0,0,0
4491,0,0,0,0,0
7266,0,0,0,0,0
4980,0,0,0,0,0
8335,0,0,0,0,0
9952,0,0,0,0,0
4946,0,0,0,0,0
2782,0,0,0,0,0
717,0,0,0,0,0
2502,0,0,0,0,0
4360,0,0,0,0,0
4171,0,0,0,0,0
8082,0,0,0,0,0
9760,0,0,0,0,0
395,0,0,0,0,0
7186,0,0,0,0,0
9822,0,0,0,0,0
4492,0,0,0,0,0
1365,0,0,0,0,0
9526,0,0,0,0,0
8787,0,0,0,0,0
5917,0,0,0,0,0
4968,0,0,0,0,0
2914,0,0,0,0,0
5644,0,0,0,0,0
3766,0,0,0,0,0
3440,0,0,0,0,0
7357,0,0,0,0,0
6806,0,0,0,0,0
2143,0,0,0,0,0
5104,0,0,0,0,0
5073,0,0,0,0,0
1571,0,0,0,0,0
4079,0,0,0,0,0
1122,0,0,0,0,0
2786,0,0,0,0,0
2967,0,0,0,0,0
2504,0,0,0,0,0
5988,0,0,0,0,0
8867,0,0,0,0,0
7164,0,0,0,0,0
728,0,0,0,0,0
7587,0,0,0,0,0
7543,0,0,0,0,0
412,0,0,0,0,0
5745,0,0,0,0,0
7668,0,0,0,0,0
825,0,0,0,0,0
3267,0,0,0,0,0
3974,0,0,0,0,0
8808,0,0,0,0,0
8306,0,0,0,0,0
417,0,0,0,0,0
6748,0,0,0,0,0
8967,0,0,0,0,0
2082,0,0,0,0,0
8945,0,0,0,0,0
3373,0,0,0,0,0
5726,0,0,0,0,0
4107,0,0,0,0,0
4380,0,0,0,0,0
7723,0,0,0,0,0
1066,0,0,0,0,0
3913,0,0,0,0,0
5536,0,0,0,0,0
8002,0,0,0,0,0
5387,0,0,0,0,0
5732,0,0,0,0,0
2738,0,0,0,0,0
5052,0,0,0,0,0
4000,0,0,0,0,0
2427,0,0,0,0,0
6833,0,0,0,0,0
1687,0,0,0,0,0
851,0,0,0,0,0
6303,0,0,0,0,0
9087,0,0,0,0,0
5878,0,0,0,0,0
8527,0,0,0,0,0
2839,0,0,0,0,0
4611,0,0,0,0,0
9540,0,0,0,0,0
9207,0,0,0,0,0
2489,0,0,0,0,0
6905,0,0,0,0,0
7390,0,0,0,0,0
2849,0,0,0,0,0
6665,0,0,0,0,0
5881,0,0,0,0,0
4452,0,0,0,0,0
7421,0,0,0,0,0
6484,0,0,0,0,0
2479,0,0,0,0,0
6617,0,0,0,0,0
2141,0,0,0,0,0
5188,0,0,0,0,0
9704,0,0,0,0,0
2744,0,0,0,0,0
7253,0,0,0,0,0
3506,0,0,0,0,0
1679,0,0,0,0,0
4249,0,0,0,0,0
3147,0,0,0,0,0
8130,0,0,0,0,0
7004,0,0,0,0,0
580,0,0,0,0,0
4070,0,0,0,0,0
3343,0,0,0,0,0
7404,0,0,0,0,0
3672,0,0,0,0,0
559,0,0,0,0,0
5237,0,0,0,0,0
7805,0,0,0,0,0
512,0,0,0,0,0
1081,0,0,0,0,0
1664,0,0,0,0,0
9204,0,0,0,0,0
1931,0,0,0,0,0
9666,0,0,0,0,0
1150,0,0,0,0,0
2838,0,0,0,0,0
5949,0,0,0,0,0
8308,0,0,0,0,0
8932,0,0,0,0,0
9788,0,0,0,0,0
5177,0,0,0,0,0
830,0,0,0,0,0
8311,0,0,0,0,0
4752,0,0,0,0,0
9850,0,0,0,0,0
635,0,0,0,0,0
4465,0,0,0,0,0
6799,0,0,0,0,0
7987,0,0,0,0,0
7079,0,0,0,0,0
6966,0,0,0,0,0
4142,0,0,0,0,0
7027,0,0,0,0,0
9183,0,0,0,0,0
876,0,0,0,0,0
4869,0,0,0,0,0
5315,0,0,0,0,0
5222,0,0,0,0,0
4,0,0,0,0,0
3051,0,0,0,0,0
5691,0,0,0,0,0
3124,0,0,0,0,0
2491,0,0,0,0,0
3854,0,0,0,0,0
4777,0,0,0,0,0
7509,0,0,0,0,0
6457,0,0,0,0,0
6293,0,0,0,0,0
1148,0,0,0,0,0
574,0,0,0,0,0
3769,0,0,0,0,0
4146,0,0,0,0,0
853,0,0,0,0,0
5919,0,0,0,0,0
9358,0,0,0,0,0
6614,0,0,0,0,0
6002,0,0,0,0,0
9163,0,0,0,0,0
4495,0,0,0,0,0
8173,0,0,0,0,0
6655,0,0,0,0,0
2368,0,0,0,0,0
4780,0,0,0,0,0
7992,0,0,0,0,0
2950,0,0,0,0,0
5625,0,0,0,0,0
6971,0,0,0,0,0
8716,0,0,0,0,0
1841,0,0,0,0,0
5986,0,0,0,0,0
537,0,0,0,0,0
2806,0,0,0,0,0
5801,0,0,0,0,0
5596,0,0,0,0,0
7206,0,0,0,0,0
7343,0,0,0,0,0
7560,0,0,0,0,0
8096,0,0,0,0,0
784,0,0,0,0,0
1409,0,0,0,0,0
154,0,0,0,0,0
7806,0,0,0,0,0
3009,0,0,0,0,0
1686,0,0,0,0,0
4014,0,0,0,0,0
7455,0,0,0,0,0
3863,0,0,0,0,0
2733,0,0,0,0,0
1895,0,0,0,0,0
5442,0,0,0,0,0
569,0,0,0,0,0
6709,0,0,0,0,0
5854,0,0,0,0,0
1816,0,0,0,0,0
8319,0,0,0,0,0
3394,0,0,0,0,0
3327,0,0,0,0,0
9982,0,0,0,0,0
6102,0,0,0,0,0
2975,0,0,0,0,0
980,0,0,0,0,0
190,0,0,0,0,0
9331,0,0,0,0,0
5088,0,0,0,0,0
699,0,0,0,0,0
9759,0,0,0,0,0
606,0,0,0,0,0
301,0,0,0,0,0
3420,0,0,0,0,0
9804,0,0,0,0,0
1060,0,0,0,0,0
3444,0,0,0,0,0
1069,0,0,0,0,0
2205,0,0,0,0,0
9435,0,0,0,0,0
7339,0,0,0,0,0
8208,0,0,0,0,0
7679,0,0,0,0,0
4642,0,0,0,0,0
7683,0,0,0,0,0
9007,0,0,0,0,0
7996,0,0,0,0,0
5600,0,0,0,0,0
9151,0,0,0,0,0
7022,0,0,0,0,0
4893,0,0,0,0,0
225,0,0,0,0,0
3354,0,0,0,0,0
5895,0,0,0,0,0
8754,0,0,0,0,0
3436,0,0,0,0,0
1693,0,0,0,0,0
6893,0,0,0,0,0
1045,0,0,0,0,0
3446,0,0,0,0,0
8050,0,0,0,0,0
9146,0,0,0,0,0
9981,0,0,0,0,0
4735,0,0,0,0,0
4496,0,0,0,0,0
1218,0,0,0,0,0
6015,0,0,0,0,0
9719,0,0,0,0,0
3987,0,0,0,0,0
4911,0,0,0,0,0
9492,0,0,0,0,0
4493,0,0,0,0,0
6944,0,0,0,0,0
5699,0,0,0,0,0
8352,0,0,0,0,0
956,0,0,0,0,0
2869,0,0,0,0,0
4433,0,0,0,0,0
4973,0,0,0,0,0
2961,0,0,0,0,0
2200,0,0,0,0,0
98,0,0,0,0,0
9849,0,0,0,0,0
2557,0,0,0,0,0
8445,0,0,0,0,0
4199,0,0,0,0,0
9637,0,0,0,0,0
5539,0,0,0,0,0
1648,0,0,0,0,0
6197,0,0,0,0,0
6295,0,0,0,0,0
4499,0,0,0,0,0
1154,0,0,0,0,0
2255,0,0,0,0,0
3170,0,0,0,0,0
7400,0,0,0,0,0
7158,0,0,0,0,0
3108,0,0,0,0,0
4548,0,0,0,0,0
5423,0,0,0,0,0
2049,0,0,0,0,0
9208,0,0,0,0,0
8815,0,0,0,0,0
9797,0,0,0,0,0
262,0,0,0,0,0
4061,0,0,0,0,0
5534,0,0,0,0,0
6616,0,0,0,0,0
8120,0,0,0,0,0
8155,0,0,0,0,0
1802,0,0,0,0,0
4736,0,0,0,0,0
2385,0,0,0,0,0
6694,0,0,0,0,0
5759,0,0,0,0,0
1959,0,0,0,0,0
2976,0,0,0,0,0
8680,0,0,0,0,0
1843,0,0,0,0,0
1734,0,0,0,0,0
2911,0,0,0,0,0
8338,0,0,0,0,0
1986,0,0,0,0,0
9561,0,0,0,0,0
6546,0,0,0,0,0
7098,0,0,0,0,0
2811,0,0,0,0,0
659,0,0,0,0,0
2511,0,0,0,0,0
4282,0,0,0,0,0
9339,0,0,0,0,0
8800,0,0,0,0,0
6287,0,0,0,0,0
1930,0,0,0,0,0
7125,0,0,0,0,0
197,0,0,0,0,0
7777,0,0,0,0,0
2931,0,0,0,0,0
8004,0,0,0,0,0
2327,0,0,0,0,0
4389,0,0,0,0,0
8958,0,0,0,0,0
4218,0,0,0,0,0
202,0,0,0,0,0
3510,0,0,0,0,0
4931,0,0,0,0,0
5535,0,0,0,0,0
5791,0,0,0,0,0
1707,0,0,0,0,0
5172,0,0,0,0,0
5249,0,0,0,0,0
6528,0,0,0,0,0
9848,0,0,0,0,0
5855,0,0,0,0,0
8164,0,0,0,0,0
854,0,0,0,0,0
4737,0,0,0,0,0
698,0,0,0,0,0
3696,0,0,0,0,0
1636,0,0,0,0,0
7280,0,0,0,0,0
7554,0,0,0,0,0
3581,0,0,0,0,0
1291,0,0,0,0,0
6585,0,0,0,0,0
1853,0,0,0,0,0
5232,0,0,0,0,0
3763,0,0,0,0,0
3304,0,0,0,0,0
1495,0,0,0,0,0
7994,0,0,0,0,0
1998,0,0,0,0,0
663,0,0,0,0,0
3748,0,0,0,0,0
4413,0,0,0,0,0
5530,0,0,0,0,0
5575,0,0,0,0,0
8901,0,0,0,0,0
7526,0,0,0,0,0
9474,0,0,0,0,0
5864,0,0,0,0,0
6776,0,0,0,0,0
1306,0,0,0,0,0
7392,0,0,0,0,0
5592,0,0,0,0,0
9721,0,0,0,0,0
1663,0,0,0,0,0
5450,0,0,0,0,0
9954,0,0,0,0,0
3627,0,0,0,0,0
2693,0,0,0,0,0
9789,0,0,0,0,0
5915,0,0,0,0,0
3157,0,0,0,0,0
6668,0,0,0,0,0
1059,0,0,0,0,0
4636,0,0,0,0,0
3242,0,0,0,0,0
1678,0,0,0,0,0
6892,0,0,0,0,0
6374,0,0,0,0,0
7574,0,0,0,0,0
1757,0,0,0,0,0
6019,0,0,0,0,0
5116,0,0,0,0,0
8755,0,0,0,0,0
7408,0,0,0,0,0
2790,0,0,0,0,0
863,0,0,0,0,0
7858,0,0,0,0,0
1484,0,0,0,0,0
7035,0,0,0,0,0
7721,0,0,0,0,0
5977,0,0,0,0,0
5134,0,0,0,0,0
206,0,0,0,0,0
4488,0,0,0,0,0
6938,0,0,0,0,0
9062,0,0,0,0,0
6910,0,0,0,0,0
502,0,0,0,0,0
7385,0,0,0,0,0
1028,0,0,0,0,0
3840,0,0,0,0,0
8110,0,0,0,0,0
5056,0,0,0,0,0
9762,0,0,0,0,0
8154,0,0,0,0,0
2731,0,0,0,0,0
8996,0,0,0,0,0
2454,0,0,0,0,0
7215,0,0,0,0,0
3104,0,0,0,0,0
8392,0,0,0,0,0
6278,0,0,0,0,0
3099,0,0,0,0,0
6184,0,0,0,0,0
3561,0,0,0,0,0
5892,0,0,0,0,0
391,0,0,0,0,0
6736,0,0,0,0,0
5618,0,0,0,0,0
5258,0,0,0,0,0
9687,0,0,0,0,0
2695,0,0,0,0,0
2027,0,0,0,0,0
5463,0,0,0,0,0
2568,0,0,0,0,0
8006,0,0,0,0,0
64,0,0,0,0,0
2062,0,0,0,0,0
5276,0,0,0,0,0
7208,0,0,0,0,0
8684,0,0,0,0,0
8571,0,0,0,0,0
6331,0,0,0,0,0
4859,0,0,0,0,0
4887,0,0,0,0,0
9268,0,0,0,0,0
878,0,0,0,0,0
8529,0,0,0,0,0
7916,0,0,0,0,0
6863,0,0,0,0,0
7892,0,0,0,0,0
6439,0,0,0,0,0
7869,0,0,0,0,0
1016,0,0,0,0,0
9467,0,0,0,0,0
7629,0,0,0,0,0
995,0,0,0,0,0
4297,0,0,0,0,0
161,0,0,0,0,0
5675,0,0,0,0,0
6873,0,0,0,0,0
9692,0,0,0,0,0
7989,0,0,0,0,0
3843,0,0,0,0,0
1021,0,0,0,0,0
3073,0,0,0,0,0
7555,0,0,0,0,0
3943,0,0,0,0,0
1585,0,0,0,0,0
3152,0,0,0,0,0
8226,0,0,0,0,0
775,0,0,0,0,0
9670,0,0,0,0,0
7099,0,0,0,0,0
5486,0,0,0,0,0
6235,0,0,0,0,0
9555,0,0,0,0,0
7041,0,0,0,0,0
2612,0,0,0,0,0
7513,0,0,0,0,0
8433,0,0,0,0,0
8792,0,0,0,0,0
5393,0,0,0,0,0
8838,0,0,0,0,0
3890,0,0,0,0,0
3556,0,0,0,0,0
1528,0,0,0,0,0
1267,0,0,0,0,0
7734,0,0,0,0,0
1899,0,0,0,0,0
4658,0,0,0,0,0
3005,0,0,0,0,0
2734,0,0,0,0,0
189,0,0,0,0,0
9167,0,0,0,0,0
2747,0,0,0,0,0
2047,0,0,0,0,0
7849,0,0,0,0,0
2558,0,0,0,0,0
9274,0,0,0,0,0
8666,0,0,0,0,0
6396,0,0,0,0,0
3385,0,0,0,0,0
4555,0,0,0,0,0
1184,0,0,0,0,0
6420,0,0,0,0,0
5051,0,0,0,0,0
5311,0,0,0,0,0
2433,0,0,0,0,0
6949,0,0,0,0,0
769,0,0,0,0,0
1685,0,0,0,0,0
8322,0,0,0,0,0
5578,0,0,0,0,0
4426,0,0,0,0,0
466,0,0,0,0,0
6265,0,0,0,0,0
5734,0,0,0,0,0
5191,0,0,0,0,0
5390,0,0,0,0,0
860,0,0,0,0,0
7270,0,0,0,0,0
