id,output
12048,0-8-3
12049,1-5-0
12050,1-3-1
12051,1-9-0
12052,0-3-3
12053,1-8-4
12054,0-5-1
12055,0-8-3
12056,0-8-3
12057,0-8-2
12058,1-8-3
12059,1-8-0
12060,1-8-3
12061,1-3-3
12062,0-0-3
12063,1-3-4
12064,1-1-0
12065,1-4-2
12066,1-7-0
12067,0-0-3
12068,0-3-0
12069,1-5-0
12070,0-5-0
12071,0-4-3
12072,1-8-4
12073,1-3-4
12074,1-7-4
12075,0-8-0
12076,0-8-1
12077,0-8-1
12078,0-9-2
12079,1-5-2
12080,0-3-1
12081,1-1-3
12082,1-1-1
12083,1-5-1
12084,0-1-4
12085,1-5-1
12086,1-5-4
12087,0-7-1
12088,1-8-0
12089,0-8-0
12090,0-5-0
12091,1-5-2
12092,0-3-4
12093,0-4-4
12094,0-3-2
12095,1-3-0
12096,1-9-2
12097,1-8-1
12098,1-1-1
12099,0-5-2
12100,0-5-1
12101,1-8-0
12102,0-5-2
12103,0-9-2
12104,0-2-1
12105,0-6-2
12106,1-6-3
12107,1-6-3
12108,1-9-4
12109,1-9-0
12110,1-9-2
12111,0-4-2
12112,0-1-0
12113,1-1-3
12114,1-1-3
12115,1-7-3
12116,0-4-0
12117,0-8-3
12118,0-7-0
12119,1-7-2
12120,1-5-0
12121,1-8-1
12122,0-7-3
12123,1-7-3
12124,1-8-1
12125,0-8-1
12126,0-8-4
12127,0-3-1
12128,1-7-1
12129,0-7-4
12130,0-8-3
12131,0-8-1
12132,0-8-1
12133,0-8-3
12134,0-8-2
12135,0-8-4
12136,1-8-4
12137,0-5-3
12138,1-4-1
12139,1-7-4
12140,0-8-2
12141,0-3-2
12142,1-3-0
12143,0-4-2
12144,0-7-0
12145,1-8-3
12146,1-8-0
12147,0-8-0
12148,1-8-3
12149,1-8-3
12150,1-5-1
12151,0-9-1
12152,1-3-4
12153,0-8-0
12154,0-7-0
12155,0-3-0
12156,1-3-0
12157,0-7-4
12158,1-5-4
12159,1-8-3
12160,1-7-0
12161,0-3-3
12162,0-3-3
12163,1-5-1
12164,1-7-1
12165,0-5-4
12166,0-5-0
12167,0-5-1
12168,0-6-4
12169,1-9-1
12170,1-3-0
12171,1-9-0
12172,1-5-1
12173,1-4-4
12174,1-3-2
12175,1-4-4
12176,1-5-2
12177,0-7-4
12178,0-3-4
12179,0-5-3
12180,1-3-2
12181,1-3-2
12182,1-3-2
12183,1-7-2
12184,1-4-2
12185,1-8-0
12186,0-5-2
12187,1-3-2
12188,1-7-1
12189,0-7-4
12190,0-8-2
12191,1-8-2
12192,1-4-2
12193,1-4-4
12194,1-8-3
12195,1-7-0
12196,0-8-3
12197,0-3-3
12198,1-5-0
12199,0-7-3
12200,0-3-0
12201,0-7-3
12202,0-8-1
12203,0-8-2
12204,1-8-4
12205,1-9-3
12206,0-8-1
12207,0-8-4
12208,1-8-2
12209,1-8-2
12210,1-8-4
12211,0-8-4
12212,0-8-1
12213,1-8-2
12214,1-8-2
12215,0-8-4
12216,0-8-0
12217,1-8-0
12218,1-8-3
12219,1-8-1
12220,1-8-1
12221,1-8-1
12222,0-8-1
12223,1-8-1
12224,1-8-4
12225,0-8-2
12226,0-8-2
12227,1-8-2
12228,1-8-2
12229,0-8-3
12230,0-8-3
12231,1-8-0
12232,1-8-3
12233,1-8-3
12234,1-8-1
12235,1-8-4
12236,1-9-4
12237,0-8-4
12238,0-8-0
12239,0-8-4
12240,0-8-4
12241,0-8-0
12242,0-8-2
12243,0-8-0
12244,1-8-1
12245,0-8-3
12246,1-8-1
12247,0-9-4
12248,1-9-2
12249,0-9-0
12250,1-8-2
12251,0-8-2
12252,0-8-3
12253,1-8-1
12254,1-8-1
12255,1-8-1
12256,1-8-1
12257,1-8-1
12258,1-8-1
12259,1-8-4
12260,0-8-1
12261,1-8-4
12262,1-8-3
12263,0-8-3
12264,0-8-0
12265,1-8-1
12266,1-8-1
12267,1-8-2
12268,1-8-4
12269,0-8-2
12270,1-8-4
12271,1-8-2
12272,1-3-3
12273,1-6-1
12274,1-4-1
12275,0-8-2
12276,0-3-2
12277,0-3-4
12278,0-8-2
12279,0-8-3
12280,1-8-1
12281,0-8-2
12282,0-8-2
12283,1-3-1
12284,0-4-3
12285,1-3-4
12286,1-5-3
12287,0-3-3
12288,0-1-4
12289,1-3-4
12290,1-7-2
12291,0-5-0
12292,0-7-4
12293,1-4-2
12294,1-8-3
12295,0-8-3
12296,0-3-3
12297,1-6-3
12298,0-7-0
12299,0-8-4
12300,0-1-4
12301,1-5-1
12302,0-3-1
12303,1-5-2
12304,1-8-3
12305,0-5-3
12306,0-5-0
12307,0-6-3
12308,1-9-0
12309,0-1-3
12310,1-6-0
12311,0-6-1
12312,1-6-3
12313,0-7-1
12314,0-6-1
12315,0-9-0
12316,1-9-3
12317,1-4-0
12318,0-7-1
12319,1-5-3
12320,0-4-1
12321,0-4-3
12322,0-7-0
12323,1-5-0
12324,0-1-4
12325,1-8-3
12326,0-8-3
12327,0-4-1
12328,1-5-3
12329,0-4-1
12330,1-8-4
12331,0-8-2
12332,0-8-2
12333,1-7-1
12334,0-7-4
12335,0-7-4
12336,1-8-0
12337,1-8-3
12338,0-8-0
12339,1-8-3
12340,0-3-0
12341,1-3-2
12342,0-3-2
12343,1-3-4
12344,0-8-0
12345,1-8-3
12346,1-7-0
12347,0-3-3
12348,1-5-3
12349,1-5-1
12350,1-5-3
12351,0-4-3
12352,1-8-4
12353,0-5-1
12354,1-3-0
12355,0-5-1
12356,0-5-3
12357,1-5-4
12358,1-7-4
12359,1-6-4
12360,1-5-1
12361,1-9-3
12362,0-6-4
12363,1-6-2
12364,0-9-4
12365,0-8-2
12366,1-3-2
12367,0-8-2
12368,1-8-2
12369,1-4-2
12370,0-4-4
12371,0-5-2
12372,1-8-4
12373,0-8-4
12374,1-5-4
12375,1-7-4
12376,1-4-4
12377,1-4-2
12378,1-8-3
12379,1-8-0
12380,1-8-3
12381,1-7-2
12382,1-5-0
12383,0-3-3
12384,1-7-0
12385,0-7-3
12386,0-3-3
12387,0-7-0
12388,0-3-0
12389,0-9-1
12390,1-8-4
12391,1-8-2
12392,0-8-0
12393,0-8-0
12394,1-8-4
12395,0-8-0
12396,1-8-2
12397,0-8-4
12398,0-8-3
12399,1-8-0
12400,1-8-3
12401,0-8-4
12402,0-8-3
12403,0-8-3
12404,0-8-1
12405,1-8-1
12406,0-8-1
12407,0-8-4
12408,0-8-2
12409,0-8-3
12410,0-8-3
12411,1-8-1
12412,1-8-4
12413,0-8-0
12414,0-8-2
12415,0-8-0
12416,0-8-0
12417,0-8-1
12418,0-8-2
12419,1-8-2
12420,1-8-2
12421,1-8-2
12422,0-9-4
12423,0-8-4
12424,0-8-4
12425,0-8-4
12426,1-8-1
12427,0-8-4
12428,1-8-0
12429,1-8-0
12430,1-8-0
12431,1-8-3
12432,0-8-3
12433,0-8-4
12434,1-8-4
12435,1-8-4
12436,0-8-2
12437,0-8-4
12438,1-8-0
12439,0-8-3
12440,1-8-0
12441,0-8-0
12442,1-8-0
12443,0-8-3
12444,1-3-2
12445,1-7-0
12446,1-5-3
12447,0-6-0
12448,0-5-0
12449,1-7-2
12450,1-3-3
12451,1-8-1
12452,1-7-3
12453,1-5-3
12454,0-3-3
12455,1-5-3
12456,0-9-3
12457,1-5-3
12458,0-5-3
12459,0-9-2
12460,1-5-2
12461,1-5-0
12462,1-5-3
12463,0-7-1
12464,1-7-3
12465,1-8-2
12466,1-3-2
12467,1-6-3
12468,1-6-0
12469,1-8-4
12470,1-7-1
12471,1-6-1
12472,0-6-4
12473,0-6-1
12474,0-9-3
12475,0-9-2
12476,0-9-1
12477,1-9-1
12478,0-9-3
12479,1-9-1
12480,1-9-3
12481,1-5-1
12482,0-3-4
12483,1-4-3
12484,0-4-4
12485,1-4-1
12486,0-8-1
12487,1-7-1
12488,0-5-1
12489,0-5-1
12490,0-4-4
12491,0-8-0
12492,0-8-0
12493,0-8-2
12494,0-7-4
12495,0-7-2
12496,0-5-1
12497,0-5-3
12498,0-5-1
12499,1-7-1
12500,0-3-4
12501,0-3-1
12502,0-1-0
12503,0-2-0
12504,1-5-3
12505,0-8-4
12506,1-7-1
12507,0-8-0
12508,1-8-0
12509,0-9-3
12510,1-6-1
12511,0-8-2
12512,1-9-4
12513,1-1-4
12514,1-5-3
12515,1-4-1
12516,0-7-2
12517,0-2-2
12518,1-5-4
12519,0-7-2
12520,1-4-4
12521,0-1-0
12522,1-7-4
12523,0-7-1
12524,1-7-4
12525,1-7-1
12526,0-5-4
12527,0-5-4
12528,1-7-4
12529,0-4-2
12530,0-4-2
12531,0-8-3
12532,0-7-0
12533,1-7-2
12534,0-7-0
12535,0-7-0
12536,1-8-3
12537,1-7-3
12538,1-7-0
12539,1-3-0
12540,1-7-3
12541,1-5-2
12542,1-5-4
12543,0-5-0
12544,0-5-3
12545,0-9-2
12546,1-5-2
12547,0-5-3
12548,0-7-1
12549,0-7-1
12550,1-8-0
12551,0-8-0
12552,0-5-0
12553,0-5-0
12554,0-5-0
12555,0-5-3
12556,1-5-1
12557,1-6-2
12558,1-6-2
12559,1-6-0
12560,0-6-3
12561,0-9-2
12562,1-9-0
12563,1-9-0
12564,1-9-0
12565,1-5-2
12566,1-5-0
12567,1-5-2
12568,0-5-3
12569,0-7-2
12570,0-7-1
12571,1-7-0
12572,1-7-2
12573,0-5-2
12574,1-8-3
12575,0-7-3
12576,1-8-1
12577,0-8-4
12578,0-8-1
12579,1-8-4
12580,1-8-1
12581,1-8-4
12582,1-5-4
12583,0-5-1
12584,0-4-0
12585,0-7-3
12586,1-8-1
12587,0-5-3
12588,1-3-1
12589,1-3-3
12590,1-7-1
12591,1-7-1
12592,1-5-0
12593,1-3-3
12594,1-8-1
12595,0-3-1
12596,1-9-4
12597,1-9-4
12598,0-9-0
12599,0-9-0
12600,0-4-2
12601,1-7-4
12602,0-5-4
12603,1-8-3
12604,1-4-3
12605,1-4-0
12606,0-8-1
12607,1-8-1
12608,1-3-3
12609,1-7-1
12610,0-7-2
12611,0-7-0
12612,0-7-2
12613,1-5-0
12614,1-5-0
12615,0-8-3
12616,0-7-0
12617,1-4-3
12618,1-4-0
12619,1-7-3
12620,1-8-1
12621,1-7-1
12622,1-8-1
12623,0-8-1
12624,0-3-4
12625,0-5-3
12626,1-8-1
12627,0-5-3
12628,1-6-1
12629,1-4-1
12630,1-8-2
12631,0-6-3
12632,0-6-3
12633,1-8-4
12634,0-6-1
12635,1-9-3
12636,0-1-1
12637,1-8-4
12638,1-1-4
12639,0-8-4
12640,0-7-1
12641,1-8-4
12642,1-4-1
12643,0-5-3
12644,0-4-1
12645,0-7-4
12646,1-7-2
12647,1-7-3
12648,0-7-1
12649,0-7-1
12650,0-5-3
12651,1-8-2
12652,1-7-2
12653,0-7-4
12654,0-8-0
12655,1-5-2
12656,0-2-0
12657,1-5-2
12658,0-7-0
12659,1-6-0
12660,0-9-2
12661,0-7-2
12662,1-8-1
12663,0-5-1
12664,0-5-1
12665,0-6-2
12666,0-6-2
12667,0-8-3
12668,0-7-0
12669,1-8-3
12670,1-7-3
12671,1-9-1
12672,1-9-2
12673,0-9-2
12674,0-9-0
12675,0-5-4
12676,1-5-3
12677,0-5-2
12678,0-8-3
12679,1-5-3
12680,0-7-3
12681,1-8-1
12682,1-5-3
12683,1-7-4
12684,0-8-0
12685,0-7-2
12686,0-5-4
12687,0-5-2
12688,1-8-4
12689,0-8-1
12690,1-8-4
12691,0-7-3
12692,1-7-1
12693,1-7-3
12694,0-8-4
12695,0-5-4
12696,0-7-4
12697,1-6-3
12698,1-6-1
12699,0-6-4
12700,1-6-1
12701,0-9-3
12702,1-1-1
12703,0-2-4
12704,1-4-1
12705,1-8-4
12706,0-4-4
12707,1-5-3
12708,1-5-4
12709,0-3-4
12710,1-8-1
12711,1-7-3
12712,1-8-1
12713,0-5-1
12714,0-5-3
12715,0-7-1
12716,0-5-1
12717,1-8-4
12718,1-8-2
12719,0-8-2
12720,0-8-0
12721,0-8-0
12722,0-8-2
12723,0-7-2
12724,1-7-4
12725,1-8-0
12726,0-5-2
12727,0-5-2
12728,1-7-2
12729,1-9-2
12730,1-9-0
12731,0-9-0
12732,1-8-1
12733,0-6-3
12734,1-6-1
12735,1-6-3
12736,1-7-2
12737,0-6-0
12738,0-8-1
12739,0-6-3
12740,1-7-1
12741,0-6-3
12742,1-8-4
12743,1-6-1
12744,0-7-0
12745,1-8-2
12746,1-8-2
12747,1-7-4
12748,0-8-4
12749,0-6-2
12750,1-7-4
12751,1-6-4
12752,0-7-4
12753,0-9-3
12754,0-9-3
12755,1-9-0
12756,0-9-0
12757,0-9-0
12758,0-9-0
12759,1-9-0
12760,0-9-3
12761,1-9-1
12762,0-9-4
12763,0-9-1
12764,0-8-1
12765,1-8-1
12766,0-5-3
12767,1-4-3
12768,0-5-0
12769,0-7-1
12770,1-8-3
12771,0-7-3
12772,0-5-2
12773,0-8-3
12774,1-8-1
12775,1-8-2
12776,1-8-4
12777,1-8-2
12778,1-8-2
12779,1-7-4
12780,0-8-2
12781,0-8-4
12782,1-5-4
12783,0-1-2
12784,0-7-2
12785,1-8-4
12786,1-4-4
12787,1-7-4
12788,1-7-2
12789,0-8-3
12790,0-7-0
12791,0-7-3
12792,0-7-0
12793,1-5-3
12794,1-5-0
12795,1-8-4
12796,1-7-1
12797,0-8-2
12798,1-7-4
12799,0-4-2
12800,0-7-2
12801,1-7-0
12802,1-8-1
12803,0-8-1
12804,0-5-3
12805,1-5-1
12806,1-7-1
12807,1-7-4
12808,0-8-2
12809,1-8-2
12810,1-8-0
12811,1-7-4
12812,1-7-2
12813,0-8-0
12814,1-5-2
12815,0-7-0
12816,0-7-0
12817,0-7-2
12818,0-8-3
12819,1-7-0
12820,0-7-3
12821,1-8-1
12822,1-8-1
12823,0-8-4
12824,0-8-1
12825,0-7-1
12826,0-7-1
12827,1-7-4
12828,0-7-0
12829,1-5-3
12830,0-8-1
12831,1-8-1
12832,1-7-1
12833,0-8-4
12834,0-8-4
12835,1-5-1
12836,0-5-1
12837,0-5-4
12838,1-5-3
12839,0-5-1
12840,1-8-2
12841,0-8-2
12842,0-8-2
12843,0-8-4
12844,0-8-2
12845,0-4-2
12846,0-7-2
12847,0-8-2
12848,1-8-0
12849,0-8-3
12850,0-8-3
12851,1-8-0
12852,1-8-0
12853,0-8-0
12854,0-8-0
12855,0-8-0
12856,1-8-2
12857,0-8-0
12858,1-7-2
12859,0-7-0
12860,0-7-0
12861,0-7-2
12862,1-8-3
12863,1-8-3
12864,0-5-2
12865,1-3-0
12866,0-8-0
12867,0-4-1
12868,1-5-1
12869,1-8-3
12870,1-3-2
12871,0-3-4
12872,1-6-3
12873,0-9-2
12874,0-5-1
12875,1-8-1
12876,0-7-2
12877,1-5-0
12878,0-5-0
12879,0-9-1
12880,0-8-0
12881,1-5-2
12882,1-7-0
12883,1-2-2
12884,0-3-2
12885,1-8-3
12886,0-8-4
12887,0-8-0
12888,1-7-2
12889,1-4-1
12890,0-8-1
12891,1-6-2
12892,0-8-0
12893,1-8-0
12894,0-3-1
12895,0-4-4
12896,1-7-2
12897,0-9-0
12898,0-7-3
12899,1-7-0
12900,1-8-3
12901,1-8-4
12902,0-5-2
12903,1-7-0
12904,0-7-4
12905,1-8-3
12906,1-8-1
12907,1-5-0
12908,1-8-2
12909,1-7-1
12910,1-5-1
12911,1-7-0
12912,1-9-1
12913,1-6-3
12914,1-7-2
12915,0-5-1
12916,0-4-0
12917,1-8-4
12918,0-8-3
12919,0-9-2
12920,0-4-0
12921,0-9-0
12922,1-6-2
12923,1-8-0
12924,1-8-1
12925,1-8-4
12926,1-5-2
12927,0-8-4
12928,0-9-1
12929,0-8-4
12930,1-7-1
12931,1-9-0
12932,0-8-3
12933,1-9-3
12934,0-7-3
12935,0-5-3
12936,1-5-2
12937,1-5-3
12938,1-9-1
12939,1-8-4
12940,0-7-2
12941,1-5-1
12942,0-3-0
12943,0-5-3
12944,0-8-1
12945,1-7-3
12946,0-8-0
12947,0-8-1
12948,0-8-4
12949,1-8-3
12950,1-9-0
12951,0-9-2
12952,0-6-0
12953,0-8-1
12954,0-7-4
12955,1-7-0
12956,1-6-0
12957,0-9-1
12958,1-8-1
12959,0-7-4
12960,1-7-0
12961,0-5-3
12962,0-8-2
12963,1-7-1
12964,0-5-1
12965,0-7-4
12966,1-8-2
12967,0-3-0
12968,0-9-2
12969,0-6-3
12970,1-9-0
12971,0-8-3
12972,1-7-3
12973,1-8-4
12974,1-6-4
12975,1-7-4
12976,0-9-1
12977,1-8-4
12978,1-5-3
12979,1-9-3
12980,1-7-2
12981,0-1-1
12982,1-7-2
12983,0-9-3
12984,0-8-4
12985,0-8-2
12986,0-8-0
12987,0-8-0
12988,0-7-3
12989,1-6-3
12990,1-6-4
12991,0-8-3
12992,1-8-1
12993,0-7-1
12994,0-8-3
12995,0-8-4
12996,1-8-3
12997,0-7-3
12998,1-5-2
12999,1-9-3
13000,1-9-0
13001,1-9-3
13002,0-8-3
13003,0-8-0
13004,1-9-2
13005,1-8-1
13006,0-7-1
13007,0-5-3
13008,0-8-4
13009,0-9-3
13010,0-9-2
13011,1-5-3
13012,0-8-4
13013,1-8-3
13014,0-6-4
13015,0-7-4
13016,1-5-3
13017,0-3-1
13018,0-8-0
13019,1-7-1
13020,0-7-4
13021,1-8-0
13022,0-8-1
13023,1-5-3
13024,0-5-1
13025,0-9-0
13026,1-5-2
13027,0-6-0
13028,1-8-4
13029,0-8-3
13030,1-7-1
13031,0-5-4
13032,1-8-0
13033,1-9-4
13034,1-8-3
13035,0-8-4
13036,0-8-1
13037,1-8-1
13038,1-8-4
13039,1-8-3
13040,0-7-1
13041,1-8-1
13042,0-7-4
13043,0-7-0
13044,0-8-0
13045,0-8-4
13046,1-9-3
13047,1-8-3
13048,0-8-3
13049,0-8-3
13050,1-8-0
13051,0-7-3
13052,0-6-4
13053,1-8-0
13054,0-6-1
13055,0-3-3
13056,0-4-1
13057,0-7-4
13058,1-7-0
13059,1-4-0
13060,0-8-4
13061,0-8-1
13062,0-8-2
13063,0-7-1
13064,1-8-4
13065,1-9-4
13066,0-8-3
13067,0-8-2
13068,1-7-1
13069,0-9-0
13070,1-8-1
13071,1-9-1
13072,0-9-1
13073,1-8-3
13074,0-8-0
13075,1-8-3
13076,0-9-0
13077,0-8-1
13078,1-7-1
13079,0-3-0
13080,0-8-2
13081,1-4-0
13082,0-6-4
13083,1-8-0
13084,0-6-2
13085,1-6-0
13086,1-7-1
13087,0-8-2
13088,0-9-3
13089,0-8-2
13090,0-3-2
13091,0-6-3
13092,1-9-2
13093,0-7-4
13094,1-8-2
13095,1-9-2
13096,1-7-2
13097,1-5-1
13098,0-8-2
13099,0-8-0
13100,0-8-2
13101,1-8-0
13102,0-8-0
13103,0-3-0
13104,1-7-2
13105,0-6-0
13106,0-6-0
13107,0-8-4
13108,0-9-0
13109,0-8-1
13110,1-8-4
13111,0-3-0
13112,0-8-4
13113,0-8-3
13114,0-9-0
13115,0-8-2
13116,0-6-0
13117,0-8-1
13118,1-9-4
13119,0-8-1
13120,1-8-3
13121,0-8-2
13122,0-6-2
13123,1-8-3
13124,0-1-4
13125,0-8-3
13126,0-3-0
13127,1-8-4
13128,0-5-2
13129,0-8-2
13130,1-8-3
13131,1-8-1
13132,0-5-4
13133,0-9-3
13134,0-8-4
13135,0-6-4
13136,0-9-3
13137,0-8-4
13138,1-8-2
13139,0-9-0
13140,1-6-3
13141,0-7-3
13142,1-6-3
13143,1-9-1
13144,0-7-2
13145,0-8-1
13146,1-8-3
13147,1-7-4
13148,1-9-4
13149,0-8-2
13150,0-3-1
13151,0-4-4
13152,1-9-2
13153,1-9-2
13154,0-5-1
13155,1-8-1
13156,0-6-4
13157,1-8-2
13158,1-8-2
13159,1-8-2
13160,0-8-3
13161,1-9-4
13162,0-9-4
13163,0-8-2
13164,1-9-0
13165,0-5-4
13166,1-8-2
13167,1-8-4
13168,1-9-3
13169,1-7-1
13170,0-9-3
13171,0-6-0
13172,0-5-3
13173,0-8-3
13174,1-7-0
13175,0-5-4
13176,1-9-2
13177,0-8-2
13178,1-7-3
13179,0-7-3
13180,0-7-3
13181,1-8-4
13182,1-8-0
13183,1-6-1
13184,1-4-2
13185,1-8-4
13186,1-4-2
13187,0-5-4
13188,1-5-1
13189,1-8-4
13190,0-7-0
13191,1-8-4
13192,0-8-2
13193,1-5-3
13194,1-5-0
13195,0-8-4
13196,1-7-0
13197,0-7-3
13198,0-8-4
13199,0-8-1
13200,1-8-3
13201,1-5-2
13202,0-7-4
13203,0-8-0
13204,1-3-4
13205,0-8-4
13206,1-9-4
13207,0-5-2
13208,0-8-0
13209,0-7-2
13210,1-7-2
13211,1-9-0
13212,1-9-4
13213,0-8-3
13214,0-7-2
13215,1-7-1
13216,1-8-4
13217,1-4-1
13218,1-8-2
13219,1-5-4
13220,0-8-2
13221,1-5-4
13222,0-8-0
13223,0-5-0
13224,0-8-1
13225,1-8-2
13226,0-3-4
13227,1-8-2
13228,0-7-2
13229,1-8-4
13230,0-5-4
13231,1-8-0
13232,1-8-3
13233,1-8-4
13234,1-5-3
13235,0-9-1
13236,0-8-2
13237,1-8-2
13238,1-3-4
13239,0-5-0
13240,1-8-3
13241,1-5-0
13242,0-8-0
13243,1-7-2
13244,0-9-3
13245,1-8-0
13246,0-8-2
13247,1-8-4
13248,1-7-0
13249,1-3-0
13250,0-8-0
13251,1-8-2
13252,0-6-2
13253,0-6-3
13254,1-8-1
13255,0-7-0
13256,1-8-2
13257,1-8-1
13258,0-5-4
13259,1-9-1
13260,0-6-2
13261,0-8-4
13262,0-4-1
13263,0-8-4
13264,1-8-3
13265,1-7-1
13266,0-7-4
13267,1-9-2
13268,0-8-0
13269,0-9-0
13270,0-7-4
13271,1-7-3
13272,1-5-1
13273,1-5-2
13274,0-7-4
13275,0-8-1
13276,1-9-2
13277,0-8-2
13278,0-5-2
13279,0-7-3
13280,0-9-3
13281,0-5-4
13282,1-8-3
13283,0-8-4
13284,1-9-4
13285,1-8-3
13286,1-7-1
13287,0-7-0
13288,1-3-4
13289,1-6-4
13290,0-7-2
13291,0-9-4
13292,1-7-2
13293,0-8-3
13294,0-7-3
13295,1-8-4
13296,0-8-0
13297,0-6-4
13298,1-9-4
13299,0-9-1
13300,1-4-2
13301,0-8-1
13302,0-9-3
13303,1-5-2
13304,0-5-3
13305,1-7-2
13306,0-5-3
13307,1-7-0
13308,1-8-3
13309,0-8-1
13310,0-7-4
13311,0-8-3
13312,0-8-1
13313,0-7-0
13314,0-8-2
13315,1-7-0
13316,1-6-4
13317,0-3-2
13318,0-9-1
13319,1-5-2
13320,0-8-2
13321,1-4-2
13322,1-7-3
13323,0-3-4
13324,0-5-3
13325,0-7-0
13326,1-3-1
13327,1-7-2
13328,0-8-3
13329,1-3-3
13330,1-7-2
13331,1-3-1
13332,1-7-0
13333,1-9-3
13334,0-9-4
13335,0-6-1
13336,0-5-0
13337,0-8-2
13338,1-6-0
13339,0-8-3
13340,1-3-1
13341,1-5-4
13342,1-7-3
13343,1-8-3
13344,0-7-2
13345,0-8-4
13346,1-5-2
13347,0-8-0
13348,0-3-2
13349,0-9-0
13350,0-7-3
13351,0-8-2
13352,0-7-1
13353,1-5-2
13354,0-8-2
13355,1-8-3
13356,1-5-3
13357,1-9-0
13358,0-8-3
13359,0-8-1
13360,0-5-3
13361,1-7-3
13362,0-8-4
13363,1-5-3
13364,0-8-2
13365,1-8-3
13366,0-1-0
13367,1-8-1
13368,1-8-2
13369,0-6-1
13370,0-8-2
13371,0-8-4
13372,1-7-0
13373,1-7-0
13374,0-8-4
13375,0-5-2
13376,1-8-1
13377,1-9-0
13378,0-8-0
13379,1-8-4
13380,1-7-1
13381,1-8-2
13382,1-8-1
13383,1-5-3
13384,1-8-1
13385,0-8-2
13386,0-6-2
13387,0-7-0
13388,1-7-3
13389,0-7-2
13390,0-6-4
13391,0-8-0
13392,0-3-2
13393,0-7-2
13394,0-7-0
13395,1-3-2
13396,0-3-0
13397,0-8-3
13398,0-8-4
13399,0-8-2
13400,0-7-2
13401,1-7-2
13402,1-7-0
13403,0-8-3
13404,0-5-0
13405,1-7-2
13406,1-6-3
13407,0-9-0
13408,1-9-3
13409,1-8-1
13410,1-7-3
13411,1-8-4
13412,0-6-2
13413,0-7-2
13414,1-8-2
13415,0-8-0
13416,0-8-4
13417,1-8-3
13418,0-5-1
13419,1-5-3
13420,1-8-0
13421,0-8-4
13422,1-8-0
13423,1-7-0
13424,0-7-3
13425,0-8-4
13426,1-3-0
13427,1-9-2
13428,1-7-3
13429,0-8-3
13430,1-4-1
13431,0-7-2
13432,1-9-0
13433,0-8-4
13434,0-7-4
13435,1-8-4
13436,1-7-0
13437,0-8-0
13438,0-9-4
13439,1-7-2
13440,1-6-1
13441,1-5-2
13442,1-3-4
13443,1-9-2
13444,0-7-2
13445,1-9-3
13446,0-9-2
13447,1-8-0
13448,0-9-4
13449,0-8-2
13450,0-7-0
13451,0-3-4
13452,1-7-3
13453,1-7-3
13454,1-8-2
13455,1-7-0
13456,0-9-0
13457,1-8-3
13458,1-8-3
13459,0-5-3
13460,1-8-2
13461,1-8-1
13462,1-6-3
13463,0-8-1
13464,1-7-1
13465,1-8-2
13466,1-9-1
13467,1-8-2
13468,1-4-0
13469,1-8-3
13470,1-7-4
13471,1-7-1
13472,1-7-0
13473,1-8-4
13474,0-9-1
13475,1-9-1
13476,0-5-3
13477,1-8-2
13478,1-8-2
13479,0-3-1
13480,1-7-3
13481,1-8-3
13482,0-5-3
13483,0-8-3
13484,0-3-0
13485,0-8-0
13486,1-6-0
13487,1-8-1
13488,1-8-4
13489,0-7-4
13490,0-7-4
13491,1-5-1
13492,1-8-0
13493,1-5-4
13494,1-5-4
13495,1-8-2
13496,0-7-4
13497,0-8-1
13498,0-8-0
13499,0-4-4
13500,1-4-2
13501,0-7-1
13502,1-8-4
13503,0-8-2
13504,0-8-3
13505,1-9-3
13506,0-5-2
13507,1-7-2
13508,1-8-4
13509,0-8-0
13510,1-8-2
13511,1-8-4
13512,0-5-2
13513,0-8-1
13514,1-8-3
13515,0-8-1
13516,0-7-3
13517,0-8-1
13518,0-9-0
13519,1-7-4
13520,1-8-3
13521,0-4-1
13522,0-7-3
13523,1-7-1
13524,0-6-0
13525,1-8-4
13526,0-7-4
13527,1-9-3
13528,1-8-4
13529,0-8-2
13530,1-5-4
13531,1-8-3
13532,0-9-2
13533,1-8-3
13534,1-8-0
13535,1-7-1
13536,1-4-2
13537,0-5-1
13538,1-6-3
13539,0-7-1
13540,1-9-3
13541,1-6-0
13542,1-5-3
13543,0-9-2
13544,1-3-0
13545,1-8-2
13546,0-7-4
13547,0-5-0
13548,1-8-1
13549,0-5-0
13550,1-8-1
13551,0-8-0
13552,0-5-1
13553,1-6-3
13554,0-8-3
13555,1-7-3
13556,0-8-1
13557,1-8-0
13558,1-9-4
13559,1-5-4
13560,1-5-2
13561,1-9-1
13562,1-3-0
13563,1-5-2
13564,1-7-3
13565,0-4-3
13566,1-8-4
13567,0-8-4
13568,0-8-0
13569,0-8-0
13570,0-5-4
13571,1-8-3
13572,0-8-4
13573,1-8-2
13574,1-9-2
13575,1-8-2
13576,0-8-2
13577,0-8-0
13578,1-7-3
13579,1-5-1
13580,1-4-2
13581,1-7-1
13582,0-6-4
13583,1-8-3
13584,0-9-2
13585,0-5-4
13586,1-7-2
13587,0-9-0
13588,0-5-4
13589,1-8-0
13590,0-9-2
13591,0-4-4
13592,0-7-2
13593,0-9-2
13594,0-8-1
13595,1-8-4
13596,1-5-3
13597,1-7-1
13598,1-8-1
13599,0-6-0
13600,0-8-3
13601,0-5-1
13602,1-8-0
13603,1-9-0
13604,1-5-2
13605,0-5-3
13606,0-7-1
13607,0-5-3
13608,1-8-3
13609,0-8-2
13610,0-7-0
13611,0-9-2
13612,0-7-1
13613,1-8-2
13614,1-8-1
13615,1-4-1
13616,0-8-1
13617,0-7-1
13618,0-9-0
13619,0-7-2
13620,1-5-0
13621,1-5-0
13622,1-5-4
13623,1-7-3
13624,1-1-0
13625,0-4-1
13626,1-8-2
13627,1-6-0
13628,0-9-2
13629,0-4-0
13630,1-5-3
13631,1-8-1
13632,0-8-1
13633,1-9-4
13634,1-8-3
13635,1-5-1
13636,0-5-2
13637,0-4-4
13638,1-5-2
13639,0-8-3
13640,0-8-2
13641,1-7-2
13642,1-7-3
13643,1-8-4
13644,0-2-3
13645,0-8-2
13646,1-7-3
13647,0-5-0
13648,0-3-3
13649,1-5-3
13650,1-9-4
13651,0-8-1
13652,1-5-4
13653,1-8-3
13654,0-7-0
13655,0-8-4
13656,0-7-3
13657,1-8-0
13658,0-7-2
13659,1-8-3
13660,0-8-3
13661,0-5-1
13662,1-4-2
13663,1-5-2
13664,0-3-2
13665,0-9-2
13666,1-9-3
13667,1-8-4
13668,1-8-4
13669,0-7-2
13670,0-8-1
13671,1-7-4
13672,1-5-1
13673,1-7-0
13674,1-7-4
13675,0-9-1
13676,1-5-0
13677,0-7-4
13678,0-8-1
13679,1-6-3
13680,0-7-4
13681,1-3-2
13682,0-8-3
13683,1-8-3
13684,1-3-4
13685,0-9-1
13686,0-8-1
13687,1-7-4
13688,1-9-3
13689,1-9-2
13690,0-9-1
13691,0-7-2
13692,1-3-1
13693,0-7-0
13694,1-5-2
13695,1-7-3
13696,1-6-1
13697,1-8-0
13698,0-8-0
13699,0-5-0
13700,0-8-4
13701,0-8-0
13702,1-5-2
13703,1-5-4
13704,1-9-0
13705,0-9-2
13706,0-7-2
13707,1-8-0
13708,0-3-1
13709,1-5-3
13710,1-8-3
13711,1-8-3
13712,1-8-0
13713,1-8-2
13714,1-3-0
13715,0-4-2
13716,0-7-0
13717,0-6-3
13718,1-8-1
13719,1-8-2
13720,0-6-1
13721,1-4-3
13722,0-9-3
13723,0-8-0
13724,0-3-1
13725,0-8-1
13726,1-8-2
13727,1-7-2
13728,0-8-2
13729,0-8-2
13730,0-8-1
13731,1-3-3
13732,0-8-1
13733,0-8-2
13734,1-7-2
13735,1-8-4
13736,1-8-2
13737,1-7-1
13738,1-7-1
13739,1-8-3
13740,1-8-4
13741,0-7-1
13742,1-5-0
13743,0-8-0
13744,0-4-4
13745,1-3-3
13746,1-7-3
13747,1-8-4
13748,1-8-3
13749,0-7-1
13750,1-7-0
13751,0-3-2
13752,1-9-3
13753,1-8-4
13754,0-5-1
13755,1-8-1
13756,0-5-2
13757,1-9-0
13758,1-8-0
13759,0-8-3
13760,0-9-3
13761,0-8-3
13762,1-8-3
13763,1-8-1
13764,1-7-2
13765,1-8-0
13766,1-8-1
13767,0-9-0
13768,0-7-0
13769,1-5-2
13770,0-5-0
13771,1-3-0
13772,0-8-3
13773,1-5-3
13774,0-8-4
13775,0-7-4
13776,0-5-1
13777,0-3-1
13778,0-5-0
13779,0-9-3
13780,0-8-2
13781,0-3-0
13782,0-7-1
13783,1-6-3
13784,0-8-1
13785,1-5-0
13786,0-9-2
13787,1-6-1
13788,0-7-0
13789,0-4-2
13790,0-5-3
13791,0-8-2
13792,1-8-4
13793,0-7-2
13794,0-6-2
13795,1-7-1
13796,1-7-1
13797,1-9-3
13798,0-5-1
13799,0-7-0
13800,1-8-0
13801,1-5-2
13802,1-7-2
13803,0-5-2
13804,1-7-1
13805,1-8-1
13806,0-5-2
13807,0-7-0
13808,0-8-4
13809,1-8-4
13810,0-8-2
13811,0-9-1
13812,1-8-1
13813,0-7-1
13814,1-9-2
13815,1-5-0
13816,1-8-3
13817,0-9-4
13818,1-5-0
13819,1-0-1
13820,0-8-2
13821,1-8-4
13822,0-5-1
13823,1-3-4
13824,1-8-4
13825,0-7-0
13826,0-8-3
13827,1-8-1
13828,0-7-4
13829,1-5-3
13830,1-8-1
13831,0-8-2
13832,1-8-1
13833,0-7-3
13834,0-9-1
13835,0-8-2
13836,1-7-4
13837,0-7-4
13838,1-3-1
13839,1-1-1
13840,1-7-4
13841,0-5-2
13842,1-8-3
13843,1-4-3
13844,1-4-3
13845,0-8-3
13846,1-5-4
13847,1-8-1
13848,0-9-2
13849,1-7-4
13850,1-9-1
13851,0-4-1
13852,1-7-1
13853,0-7-1
13854,0-5-0
13855,0-5-3
13856,1-5-4
13857,0-8-0
13858,1-5-1
13859,1-5-2
13860,1-7-0
13861,1-7-1
13862,0-9-1
13863,1-9-0
13864,0-8-0
13865,1-8-4
13866,0-8-3
13867,1-7-1
13868,1-7-3
13869,1-5-2
13870,0-9-1
13871,0-3-2
13872,0-8-2
13873,0-7-3
13874,1-8-1
13875,1-3-4
13876,0-3-1
13877,0-5-1
13878,0-9-0
13879,1-7-0
13880,0-7-1
13881,0-9-2
13882,1-9-1
13883,0-8-3
13884,0-8-4
13885,0-8-4
13886,1-8-1
13887,1-8-1
13888,0-8-4
13889,1-6-2
13890,1-9-2
13891,0-3-2
13892,1-8-0
13893,0-7-1
13894,1-8-1
13895,1-9-4
13896,1-7-4
13897,1-5-1
13898,0-6-3
13899,1-9-4
13900,1-3-0
13901,0-8-2
13902,1-8-0
13903,1-5-0
13904,1-8-0
13905,0-8-4
13906,1-8-3
13907,1-8-3
13908,1-7-1
13909,0-6-0
13910,1-5-1
13911,1-8-3
13912,0-7-0
13913,1-8-1
13914,1-5-2
13915,0-7-3
13916,0-9-3
13917,1-5-1
13918,0-7-1
13919,1-8-3
13920,1-3-0
13921,0-8-4
13922,0-6-1
13923,0-3-3
13924,0-7-2
13925,0-5-1
13926,0-7-2
13927,0-7-0
13928,0-8-2
13929,1-8-0
13930,1-8-1
13931,0-8-3
13932,1-8-1
13933,1-8-1
13934,1-6-4
13935,1-9-2
13936,0-9-2
13937,1-8-2
13938,1-8-2
13939,0-5-3
13940,0-8-3
13941,0-5-1
13942,0-8-3
13943,0-5-3
13944,1-8-1
13945,1-5-1
13946,0-8-0
13947,1-8-2
13948,0-8-2
13949,0-7-1
13950,1-8-3
13951,1-8-0
13952,0-2-3
13953,0-8-4
13954,1-7-2
13955,1-4-1
13956,1-8-4
13957,0-9-1
13958,1-8-1
13959,1-8-2
13960,0-7-0
13961,1-8-4
13962,0-8-1
13963,1-8-1
13964,0-8-1
13965,0-9-1
13966,0-7-2
13967,0-7-3
13968,1-8-1
13969,0-4-0
13970,1-8-0
13971,1-8-3
13972,1-7-1
13973,1-8-2
13974,0-6-1
13975,1-7-4
13976,1-9-2
13977,1-7-1
13978,1-7-3
13979,1-8-3
13980,0-9-1
13981,1-5-1
13982,0-8-4
13983,0-8-3
13984,0-9-1
13985,0-7-1
13986,0-7-4
13987,0-8-4
13988,0-2-3
13989,0-8-2
13990,1-7-2
13991,0-7-0
13992,1-6-1
13993,1-8-0
13994,0-9-0
13995,1-7-2
13996,1-7-2
13997,0-9-0
13998,0-4-2
13999,1-9-0
14000,1-5-3
14001,0-8-4
14002,1-7-2
14003,0-5-2
14004,1-9-0
14005,1-5-4
14006,1-8-0
14007,0-7-2
14008,1-9-3
14009,0-4-1
14010,0-7-4
14011,0-5-4
14012,1-9-0
14013,1-8-1
14014,0-5-4
14015,0-5-3
14016,0-5-1
14017,1-8-3
14018,1-7-0
14019,0-3-4
14020,0-8-4
14021,1-8-4
14022,0-2-0
14023,0-8-2
14024,0-4-3
14025,0-6-4
14026,0-7-3
14027,0-8-2
14028,0-8-2
14029,0-9-0
14030,0-8-2
14031,1-7-4
14032,0-7-3
14033,0-7-2
14034,0-8-1
14035,1-8-0
14036,1-8-1
14037,1-5-3
14038,0-8-1
14039,1-5-0
14040,0-8-0
14041,1-2-3
14042,1-8-1
14043,1-7-1
14044,1-5-0
14045,0-8-2
14046,1-8-1
14047,1-6-0
14048,0-6-3
14049,1-9-2
14050,1-8-2
14051,0-3-1
14052,0-9-3
14053,0-7-2
14054,0-7-1
14055,1-7-1
14056,0-7-1
14057,1-9-3
14058,1-8-1
14059,0-6-3
14060,1-8-0
14061,1-8-0
14062,1-9-4
14063,1-9-3
14064,0-4-2
14065,1-5-4
14066,1-8-0
14067,1-3-1
14068,1-8-3
14069,0-7-0
14070,0-9-1
14071,1-9-2
14072,0-8-3
14073,1-4-3
14074,0-8-1
14075,0-6-1
14076,0-6-4
14077,0-5-1
14078,0-7-1
14079,1-8-4
14080,1-8-0
14081,0-6-1
14082,0-9-3
14083,1-9-2
14084,0-8-3
14085,1-5-2
14086,1-9-4
14087,1-6-1
14088,0-7-0
14089,0-7-1
14090,0-9-4
14091,1-7-0
14092,1-8-1
14093,0-7-4
14094,1-7-4
14095,1-7-0
14096,1-8-2
14097,0-7-0
14098,1-7-3
14099,1-6-0
14100,0-8-3
14101,0-8-4
14102,0-8-2
14103,1-8-2
14104,0-8-3
14105,0-8-0
14106,1-8-1
14107,1-3-3
14108,0-8-2
14109,1-9-2
14110,1-6-1
14111,0-7-2
14112,1-8-2
14113,0-8-2
14114,1-3-4
14115,0-8-0
14116,0-8-1
14117,1-8-0
14118,0-8-4
14119,1-8-0
14120,0-7-0
14121,0-8-4
14122,1-8-4
14123,0-7-2
14124,1-9-2
14125,1-5-1
14126,0-9-0
14127,0-6-0
14128,0-5-0
14129,1-8-1
14130,1-5-0
14131,0-7-4
14132,1-8-1
14133,1-8-3
14134,1-5-2
14135,0-7-2
14136,0-5-3
14137,1-8-1
14138,1-9-0
14139,1-8-0
14140,0-8-1
14141,0-8-3
14142,0-8-0
14143,0-4-0
14144,0-8-0
14145,0-8-4
14146,0-5-4
14147,1-8-0
14148,0-6-2
14149,1-9-1
14150,0-7-2
14151,0-6-3
14152,0-8-0
14153,0-8-3
14154,1-7-1
14155,1-8-2
14156,1-5-3
14157,1-4-1
14158,0-3-0
14159,1-6-1
14160,0-7-3
14161,0-8-3
14162,0-7-0
14163,1-8-4
14164,0-8-3
14165,0-9-2
14166,1-8-1
14167,1-7-3
14168,1-5-3
14169,0-8-0
14170,1-7-4
14171,0-8-2
14172,0-7-0
14173,0-8-4
14174,1-5-1
14175,1-4-2
14176,0-3-1
14177,1-9-2
14178,1-9-3
14179,0-5-3
14180,0-9-0
14181,0-7-4
14182,0-7-3
14183,1-3-1
14184,0-7-1
14185,1-9-0
14186,0-8-4
14187,1-7-3
14188,0-4-1
14189,0-7-3
14190,1-8-1
14191,0-8-4
14192,0-9-3
14193,0-8-2
14194,0-7-3
14195,0-8-3
14196,1-9-2
14197,1-3-0
14198,0-5-2
14199,0-8-4
14200,0-8-1
14201,0-5-1
14202,1-8-3
14203,1-8-2
14204,0-7-1
14205,0-7-2
14206,1-8-2
14207,0-3-4
14208,1-8-1
14209,1-7-0
14210,0-4-2
14211,1-8-3
14212,1-7-0
14213,0-8-4
14214,0-8-2
14215,0-9-3
14216,1-5-3
14217,0-7-0
14218,1-8-3
14219,0-8-2
14220,1-6-4
14221,1-8-4
14222,1-7-3
14223,0-8-1
14224,1-4-1
14225,0-9-0
14226,1-7-4
14227,0-9-4
14228,0-5-2
14229,0-9-1
14230,1-8-0
14231,0-8-4
14232,1-7-4
14233,0-5-1
14234,1-5-2
14235,0-8-2
14236,0-9-1
14237,0-7-3
14238,1-8-4
14239,0-9-1
14240,0-9-1
14241,0-9-2
14242,0-6-1
14243,1-7-1
14244,1-9-1
14245,1-8-2
14246,1-6-0
14247,0-7-3
14248,0-6-4
14249,0-7-4
14250,1-7-0
14251,1-9-1
14252,1-5-4
14253,1-6-2
14254,1-7-0
14255,1-5-3
14256,1-8-4
14257,0-9-3
14258,1-9-1
14259,1-4-3
14260,0-8-0
14261,1-5-4
14262,0-7-2
14263,1-8-3
14264,0-6-0
14265,1-8-4
14266,0-5-1
14267,0-9-0
14268,0-7-3
14269,1-8-2
14270,0-9-4
14271,0-8-2
14272,1-7-0
14273,0-8-4
14274,1-8-0
14275,1-8-1
14276,0-8-0
14277,0-7-1
14278,1-3-0
14279,0-8-4
14280,0-3-4
14281,0-5-0
14282,1-8-0
14283,0-5-2
14284,1-8-3
14285,1-5-3
14286,0-8-1
14287,0-7-0
14288,1-2-2
14289,0-7-0
14290,0-4-3
14291,1-8-4
14292,1-5-1
14293,0-7-2
14294,0-9-2
14295,0-8-0
14296,1-8-0
14297,0-5-2
14298,0-5-4
14299,0-9-2
14300,1-9-4
14301,1-5-0
14302,1-9-3
14303,1-6-2
14304,1-6-4
14305,1-8-2
14306,0-8-0
14307,0-8-2
14308,0-9-0
14309,1-8-0
14310,0-3-3
14311,0-8-1
14312,0-7-3
14313,1-8-2
14314,1-8-2
14315,0-8-3
14316,1-4-0
14317,1-8-2
14318,0-8-1
14319,0-8-0
14320,0-7-3
14321,1-7-0
14322,0-9-1
14323,0-7-4
14324,0-7-3
14325,1-4-2
14326,0-9-1
14327,1-6-0
14328,0-7-2
14329,1-5-3
14330,1-8-1
14331,1-9-2
14332,1-8-1
14333,1-5-0
14334,0-7-3
14335,0-8-3
14336,0-9-4
14337,1-5-3
14338,1-5-2
14339,1-8-0
14340,0-7-4
14341,0-8-2
14342,1-6-4
14343,1-7-1
14344,1-8-0
14345,0-7-0
14346,1-9-2
14347,1-7-2
14348,0-8-2
14349,1-3-2
14350,0-8-0
14351,0-7-3
14352,0-8-2
14353,0-8-3
14354,0-6-0
14355,0-8-3
14356,1-5-2
14357,1-6-1
14358,0-7-1
14359,1-5-2
14360,1-9-4
14361,1-8-4
14362,0-9-0
14363,1-9-0
14364,1-8-4
14365,0-9-1
14366,1-7-3
14367,1-4-3
14368,1-8-2
14369,0-8-1
14370,1-9-1
14371,1-8-3
14372,1-6-1
14373,1-9-3
14374,1-8-3
14375,0-4-4
14376,0-9-4
14377,0-3-4
14378,0-8-2
14379,0-9-0
14380,1-8-1
14381,1-8-2
14382,1-8-1
14383,1-9-1
14384,0-7-1
14385,1-3-4
14386,1-9-2
14387,0-7-1
14388,1-9-1
14389,1-5-2
14390,1-8-4
14391,1-8-0
14392,1-9-1
14393,1-8-4
14394,1-7-2
14395,0-8-0
14396,0-8-2
14397,1-9-1
14398,1-7-2
14399,1-6-3
14400,1-8-2
14401,0-8-1
14402,0-5-4
14403,1-8-4
14404,0-5-4
14405,0-9-3
14406,0-8-1
14407,1-8-1
14408,1-9-3
14409,0-9-4
14410,1-5-3
14411,0-6-2
14412,1-8-0
14413,1-8-2
14414,0-8-0
14415,1-9-3
14416,0-8-2
14417,0-9-1
14418,0-7-2
14419,0-8-1
14420,1-8-2
14421,0-8-3
14422,1-8-3
14423,1-3-1
14424,1-8-2
14425,1-8-3
14426,1-8-2
14427,1-5-1
14428,0-5-3
14429,0-7-0
14430,1-8-0
14431,0-4-1
14432,1-8-2
14433,1-7-1
14434,1-8-0
14435,1-8-3
14436,0-9-3
14437,0-7-3
14438,0-8-0
14439,0-4-3
14440,1-5-3
14441,1-9-3
14442,0-8-2
14443,0-8-0
14444,1-7-0
14445,1-5-1
14446,1-9-0
14447,0-8-4
14448,1-8-3
14449,0-8-4
14450,0-8-4
14451,0-8-1
14452,0-8-4
14453,1-3-2
14454,1-8-4
14455,1-8-1
14456,1-8-1
14457,1-7-4
14458,1-2-1
14459,1-7-3
14460,0-3-0
14461,0-5-0
14462,0-7-2
14463,0-8-2
14464,0-5-3
14465,1-4-2
14466,1-6-4
14467,0-8-4
14468,1-7-3
14469,1-7-2
14470,0-6-3
14471,1-8-4
14472,0-8-1
14473,1-5-0
14474,0-8-0
14475,0-5-1
14476,1-9-0
14477,1-9-1
14478,0-8-0
14479,0-7-1
14480,0-9-4
14481,1-7-0
14482,1-5-2
14483,0-8-4
14484,0-9-2
14485,1-7-3
14486,1-5-4
14487,0-8-1
14488,1-4-4
14489,1-7-0
14490,1-7-0
14491,1-8-2
14492,1-8-4
14493,1-8-4
14494,1-8-2
14495,1-5-2
14496,1-6-0
14497,0-8-0
14498,1-7-4
14499,1-8-0
14500,1-7-4
14501,1-8-3
14502,1-8-3
14503,1-9-1
14504,1-8-0
14505,0-8-1
14506,0-7-1
14507,0-8-2
14508,0-7-0
14509,1-8-3
14510,1-9-3
14511,1-8-0
14512,0-6-3
14513,1-8-2
14514,1-7-0
14515,1-8-1
14516,0-8-3
14517,1-8-0
14518,1-8-1
14519,1-8-3
14520,0-5-4
14521,1-8-2
14522,1-7-1
14523,1-8-2
14524,1-9-3
14525,0-5-3
14526,1-8-4
14527,0-7-0
14528,1-8-4
14529,0-8-0
14530,0-8-0
14531,0-8-3
14532,0-8-1
14533,0-9-1
14534,0-8-0
14535,0-9-2
14536,0-8-2
14537,0-8-3
14538,0-8-0
14539,1-8-1
14540,0-8-1
14541,1-9-1
14542,1-9-1
14543,1-9-4
14544,1-7-3
14545,0-8-4
14546,0-6-1
14547,0-8-2
14548,1-8-3
14549,0-5-3
14550,1-5-1
14551,0-8-3
14552,0-7-3
14553,0-8-1
14554,1-9-4
14555,1-9-1
14556,1-8-0
14557,1-9-0
14558,0-5-0
14559,0-5-4
14560,0-8-2
14561,0-8-3
14562,1-8-0
14563,0-7-2
14564,0-8-0
14565,1-3-4
14566,0-8-4
14567,1-6-2
14568,0-7-2
14569,0-9-2
14570,0-7-3
14571,0-5-3
14572,0-7-3
14573,0-9-1
14574,1-8-4
14575,1-9-0
14576,1-3-1
14577,1-8-3
14578,1-8-1
14579,1-8-2
14580,0-8-0
14581,0-5-3
14582,1-6-1
14583,0-7-1
14584,1-8-3
14585,0-8-0
14586,1-8-0
14587,0-8-1
14588,1-7-1
14589,1-5-3
14590,1-8-1
14591,0-8-2
14592,1-9-1
14593,0-9-1
14594,1-9-0
14595,1-9-1
14596,0-7-2
14597,0-8-0
14598,0-9-0
14599,1-8-3
14600,0-8-4
14601,1-5-3
14602,1-8-1
14603,0-7-1
14604,0-8-3
14605,1-8-1
14606,0-7-2
14607,1-8-1
14608,1-8-0
14609,1-8-1
14610,1-8-1
14611,1-8-1
14612,1-9-0
14613,1-8-3
14614,1-7-1
14615,0-8-3
14616,0-8-3
14617,1-8-0
14618,0-5-0
14619,0-7-4
14620,0-8-1
14621,1-9-0
14622,0-7-0
14623,0-6-2
14624,1-4-1
14625,0-8-0
14626,1-8-2
14627,1-4-1
14628,1-8-0
14629,0-5-2
14630,1-8-3
14631,0-8-0
14632,1-8-3
14633,1-7-2
14634,0-9-2
14635,0-8-3
14636,1-8-1
14637,1-5-0
14638,1-8-0
14639,1-6-1
14640,1-8-2
14641,0-5-3
14642,1-4-4
14643,0-6-0
14644,0-9-3
14645,1-8-3
14646,1-7-1
14647,0-6-3
14648,1-8-0
14649,0-7-3
14650,0-5-1
14651,0-8-3
14652,0-8-1
14653,1-8-3
14654,1-7-1
14655,0-8-2
14656,0-5-4
14657,0-8-3
14658,1-4-0
14659,0-8-1
14660,1-8-4
14661,0-7-2
14662,0-9-1
14663,0-8-4
14664,1-9-4
14665,0-8-2
14666,1-5-4
14667,1-7-3
14668,0-8-1
14669,1-8-2
14670,0-7-3
14671,0-7-1
14672,1-3-4
14673,1-3-3
14674,0-8-4
14675,0-8-1
14676,0-8-1
14677,0-8-4
14678,0-8-0
14679,0-8-4
14680,1-6-2
14681,0-9-1
14682,0-8-3
14683,1-8-2
14684,0-4-3
14685,0-9-1
14686,1-5-3
14687,1-8-0
14688,0-8-1
14689,1-5-3
14690,1-8-4
14691,0-5-2
14692,0-8-2
14693,1-9-3
14694,1-7-3
14695,1-6-4
14696,0-5-1
14697,0-7-1
14698,1-7-4
14699,0-8-3
14700,0-8-1
14701,1-9-4
14702,1-9-2
14703,0-7-2
14704,1-8-1
14705,0-5-3
14706,1-5-2
14707,0-8-2
14708,0-8-3
14709,1-8-3
14710,1-5-3
14711,0-8-3
14712,1-5-0
14713,1-8-4
14714,1-7-0
14715,0-7-2
14716,0-8-2
14717,0-9-2
14718,0-8-4
14719,0-8-1
14720,0-8-0
14721,0-8-0
14722,1-8-2
14723,1-8-1
14724,0-8-3
14725,1-8-0
14726,1-8-1
14727,0-7-3
14728,0-8-1
14729,0-8-2
14730,0-8-0
14731,0-8-4
14732,1-8-1
14733,1-8-4
14734,1-7-3
14735,0-8-4
14736,1-8-4
14737,0-8-2
14738,0-8-1
14739,0-8-0
14740,1-8-4
14741,1-8-1
14742,1-8-2
14743,0-8-1
14744,0-9-1
14745,0-7-2
14746,1-8-3
14747,1-8-3
14748,0-5-0
14749,1-5-2
14750,0-7-3
14751,1-8-2
14752,1-8-0
14753,1-8-4
14754,1-9-0
14755,1-5-1
14756,1-7-0
14757,0-8-2
14758,0-8-4
14759,0-5-3
14760,0-6-4
14761,0-9-4
14762,0-5-1
14763,1-8-0
14764,0-8-3
14765,1-8-4
14766,1-7-2
14767,0-9-3
14768,0-7-1
14769,1-9-3
14770,1-8-3
14771,0-8-3
14772,1-7-3
14773,1-8-1
14774,1-8-0
14775,1-7-2
14776,0-5-4
14777,0-7-1
14778,0-9-1
14779,1-8-4
14780,0-8-2
14781,0-8-3
14782,0-7-2
14783,0-9-0
14784,1-9-4
14785,0-8-1
14786,1-9-0
14787,1-5-4
14788,0-8-2
14789,0-3-3
14790,1-8-3
14791,0-8-1
14792,1-7-4
14793,1-9-3
14794,0-7-0
14795,0-8-1
14796,0-5-0
14797,1-8-3
14798,1-8-3
14799,0-5-4
14800,0-8-0
14801,1-6-2
14802,0-8-1
14803,1-9-2
14804,1-8-2
14805,0-7-3
14806,0-7-4
14807,1-8-0
14808,1-8-4
14809,0-8-1
14810,0-9-4
14811,1-8-3
14812,0-8-4
14813,1-7-3
14814,1-9-4
14815,0-5-2
14816,0-8-0
14817,0-8-0
14818,0-9-0
14819,0-8-2
14820,1-8-3
14821,0-8-1
14822,0-8-1
14823,0-8-0
14824,1-8-2
14825,1-7-3
14826,1-5-2
14827,0-9-0
14828,0-8-0
14829,1-9-4
14830,0-9-3
14831,1-7-1
14832,1-8-3
14833,0-9-1
14834,0-8-4
14835,0-8-3
14836,1-8-4
14837,1-6-4
14838,0-9-4
14839,1-9-0
14840,0-9-4
14841,1-7-1
14842,0-3-2
14843,1-5-3
14844,0-8-4
14845,0-9-2
14846,1-5-1
14847,0-7-3
14848,1-8-2
14849,1-8-3
14850,1-8-0
14851,0-8-0
14852,0-8-3
14853,1-8-0
14854,0-8-1
14855,1-8-0
14856,0-7-2
14857,1-3-0
14858,0-8-3
14859,1-8-1
14860,0-3-2
14861,0-8-3
14862,0-8-2
14863,1-5-3
14864,1-9-1
14865,0-9-1
14866,1-9-3
14867,1-8-2
14868,1-9-4
14869,1-8-2
14870,0-9-3
14871,0-9-0
14872,0-8-2
14873,1-3-3
14874,0-8-2
14875,1-8-1
14876,1-4-3
14877,0-5-3
14878,0-3-1
14879,1-5-3
14880,0-8-4
14881,1-8-4
14882,1-7-2
14883,0-8-1
14884,1-4-2
14885,0-4-1
14886,0-7-1
14887,0-4-1
14888,0-8-2
14889,1-7-4
14890,1-8-1
14891,0-8-0
14892,0-9-4
14893,1-7-0
14894,0-8-1
14895,1-8-1
14896,1-4-0
14897,0-8-4
14898,1-9-1
14899,0-8-0
14900,1-8-2
14901,1-8-4
14902,0-8-0
14903,1-7-0
14904,0-7-2
14905,1-3-2
14906,1-8-4
14907,0-8-4
14908,1-8-4
14909,1-5-2
14910,1-9-4
14911,1-7-0
14912,0-8-1
14913,0-8-0
14914,1-7-0
14915,0-7-1
14916,0-7-3
14917,1-7-3
14918,0-8-3
14919,1-7-3
14920,0-9-4
14921,0-7-1
14922,0-8-4
14923,0-9-0
14924,1-7-2
14925,0-8-0
14926,1-9-0
14927,1-8-2
14928,1-5-3
14929,0-8-0
14930,1-7-0
14931,0-8-2
14932,0-8-4
14933,1-9-2
14934,0-9-4
14935,0-2-0
14936,0-7-2
14937,1-7-2
14938,0-8-3
14939,0-5-4
14940,1-8-2
14941,1-7-0
14942,1-8-4
14943,1-9-2
14944,1-8-0
14945,0-9-3
14946,0-9-0
14947,0-8-4
14948,1-9-4
14949,0-8-2
14950,0-8-2
14951,0-8-0
14952,1-5-3
14953,0-3-3
14954,1-8-0
14955,1-5-0
14956,1-8-1
14957,0-8-3
14958,0-9-2
14959,0-9-1
14960,1-7-0
14961,1-6-1
14962,1-6-2
14963,0-6-4
14964,0-8-1
14965,1-8-2
14966,0-7-4
14967,1-8-2
14968,0-4-3
14969,1-8-4
14970,0-8-0
14971,0-7-1
14972,0-7-1
14973,0-8-1
14974,1-8-2
14975,0-8-0
14976,0-5-2
14977,1-8-2
14978,0-6-3
14979,1-9-1
14980,0-7-4
14981,0-8-3
14982,0-7-0
14983,0-7-2
14984,0-7-3
14985,0-5-2
14986,1-8-2
14987,0-7-4
14988,1-8-0
14989,1-3-1
14990,1-8-3
14991,1-8-4
14992,1-8-2
14993,1-8-1
14994,1-8-2
14995,1-8-1
14996,1-8-1
14997,1-8-4
14998,1-7-1
14999,0-8-4
15000,1-8-0
15001,1-8-1
15002,1-8-2
15003,0-7-3
15004,0-7-2
15005,0-8-2
15006,1-8-4
15007,1-9-1
15008,1-4-4
15009,1-8-4
15010,1-8-3
15011,1-8-2
15012,1-5-3
15013,0-9-1
15014,0-9-0
15015,1-6-3
15016,0-5-0
15017,0-3-2
15018,1-7-4
15019,1-3-3
15020,0-8-1
15021,0-8-3
15022,0-7-3
15023,0-9-2
15024,1-9-3
15025,1-5-2
15026,1-8-3
15027,0-5-0
15028,1-4-0
15029,1-5-4
15030,0-8-3
15031,1-5-2
15032,1-5-3
15033,1-8-1
15034,1-8-1
15035,0-8-0
15036,1-7-0
15037,1-8-0
15038,0-9-4
15039,0-9-0
15040,1-8-0
15041,1-8-0
15042,1-7-4
15043,1-9-2
15044,0-7-0
15045,0-7-2
15046,0-8-2
15047,1-3-0
15048,1-8-2
15049,1-6-3
15050,0-4-2
15051,0-8-2
15052,0-8-2
15053,0-7-3
15054,1-7-2
15055,1-7-1
15056,0-9-2
15057,1-5-1
15058,0-9-3
15059,1-7-3
