incident_id,actor,action,location,time_period,severity,contributing_factor
3,VA000,VA010,VL005,VT005,VS002,VC001
6,VA000,VA010,VL005,VT005,VS002,VC001
8,VA000,VA010,VL005,VT005,VS002,VC001
9,VA000,VA010,VL005,VT005,VS002,VC001
10,VA000,VA010,VL005,VT005,VS002,VC001
12,VA000,VA010,VL005,VT005,VS002,VC001
17,VA000,VA010,VL005,VT005,VS002,VC001
20,VA000,VA010,VL005,VT005,VS002,VC001
30,VA000,VA010,VL005,VT005,VS002,VC001
40,VA000,VA010,VL005,VT005,VS002,VC001
45,VA000,VA010,VL005,VT005,VS002,VC001
47,VA000,VA010,VL005,VT005,VS002,VC001
50,VA000,VA010,VL005,VT005,VS002,VC001
53,VA000,VA010,VL005,VT005,VS002,VC001
54,VA000,VA010,VL005,VT005,VS002,VC001
60,VA000,VA010,VL005,VT005,VS002,VC001
73,VA000,VA010,VL005,VT005,VS002,VC001
74,VA000,VA010,VL005,VT005,VS002,VC001
75,VA000,VA010,VL005,VT005,VS002,VC001
77,VA000,VA010,VL005,VT005,VS002,VC001
78,VA000,VA010,VL005,VT005,VS002,VC001
79,VA000,VA010,VL005,VT005,VS002,VC001
80,VA000,VA010,VL005,VT005,VS002,VC001
82,VA000,VA010,VL005,VT005,VS002,VC001
92,VA000,VA010,VL005,VT005,VS002,VC001
98,VA000,VA010,VL005,VT005,VS002,VC001
106,VA000,VA010,VL005,VT005,VS002,VC001
108,VA000,VA010,VL005,VT005,VS002,VC001
111,VA000,VA010,VL005,VT005,VS002,VC001
113,VA000,VA010,VL005,VT005,VS002,VC001
132,VA000,VA010,VL005,VT005,VS002,VC001
146,VA000,VA010,VL005,VT005,VS002,VC001
150,VA000,VA010,VL005,VT005,VS002,VC001
153,VA000,VA010,VL005,VT005,VS002,VC001
157,VA000,VA010,VL005,VT005,VS002,VC001
164,VA000,VA010,VL005,VT005,VS002,VC001
167,VA000,VA010,VL005,VT005,VS002,VC001
173,VA000,VA010,VL005,VT005,VS002,VC001
179,VA000,VA010,VL005,VT005,VS002,VC001
185,VA000,VA010,VL005,VT005,VS002,VC001
192,VA000,VA010,VL005,VT005,VS002,VC001
202,VA000,VA010,VL005,VT005,VS002,VC001
203,VA000,VA010,VL005,VT005,VS002,VC001
205,VA000,VA010,VL005,VT005,VS002,VC001
206,VA000,VA010,VL005,VT005,VS002,VC001
208,VA000,VA010,VL005,VT005,VS002,VC001
212,VA000,VA010,VL005,VT005,VS002,VC001
215,VA000,VA010,VL005,VT005,VS002,VC001
222,VA000,VA010,VL005,VT005,VS002,VC001
225,VA000,VA010,VL005,VT005,VS002,VC001
236,VA000,VA010,VL005,VT005,VS002,VC001
238,VA000,VA010,VL005,VT005,VS002,VC001
242,VA000,VA010,VL005,VT005,VS002,VC001
247,VA000,VA010,VL005,VT005,VS002,VC001
251,VA000,VA010,VL005,VT005,VS002,VC001
255,VA000,VA010,VL005,VT005,VS002,VC001
256,VA000,VA010,VL005,VT005,VS002,VC001
257,VA000,VA010,VL005,VT005,VS002,VC001
259,VA000,VA010,VL005,VT005,VS002,VC001
261,VA000,VA010,VL005,VT005,VS002,VC001
262,VA000,VA010,VL005,VT005,VS002,VC001
264,VA000,VA010,VL005,VT005,VS002,VC001
272,VA000,VA010,VL005,VT005,VS002,VC001
275,VA000,VA010,VL005,VT005,VS002,VC001
276,VA000,VA010,VL005,VT005,VS002,VC001
277,VA000,VA010,VL005,VT005,VS002,VC001
293,VA000,VA010,VL005,VT005,VS002,VC001
296,VA000,VA010,VL005,VT005,VS002,VC001
297,VA000,VA010,VL005,VT005,VS002,VC001
309,VA000,VA010,VL005,VT005,VS002,VC001
321,VA000,VA010,VL005,VT005,VS002,VC001
333,VA000,VA010,VL005,VT005,VS002,VC001
334,VA000,VA010,VL005,VT005,VS002,VC001
337,VA000,VA010,VL005,VT005,VS002,VC001
342,VA000,VA010,VL005,VT005,VS002,VC001
343,VA000,VA010,VL005,VT005,VS002,VC001
348,VA000,VA010,VL005,VT005,VS002,VC001
350,VA000,VA010,VL005,VT005,VS002,VC001
353,VA000,VA010,VL005,VT005,VS002,VC001
356,VA000,VA010,VL005,VT005,VS002,VC001
358,VA000,VA010,VL005,VT005,VS002,VC001
360,VA000,VA010,VL005,VT005,VS002,VC001
375,VA000,VA010,VL005,VT005,VS002,VC001
401,VA000,VA010,VL005,VT005,VS002,VC001
404,VA000,VA010,VL005,VT005,VS002,VC001
413,VA000,VA010,VL005,VT005,VS002,VC001
415,VA000,VA010,VL005,VT005,VS002,VC001
419,VA000,VA010,VL005,VT005,VS002,VC001
431,VA000,VA010,VL005,VT005,VS002,VC001
434,VA000,VA010,VL005,VT005,VS002,VC001
435,VA000,VA010,VL005,VT005,VS002,VC001
436,VA000,VA010,VL005,VT005,VS002,VC001
462,VA000,VA010,VL005,VT005,VS002,VC001
465,VA000,VA010,VL005,VT005,VS002,VC001
469,VA000,VA010,VL005,VT005,VS002,VC001
473,VA000,VA010,VL005,VT005,VS002,VC001
489,VA000,VA010,VL005,VT005,VS002,VC001
490,VA000,VA010,VL005,VT005,VS002,VC001
493,VA000,VA010,VL005,VT005,VS002,VC001
494,VA000,VA010,VL005,VT005,VS002,VC001
502,VA000,VA010,VL005,VT005,VS002,VC001
514,VA000,VA010,VL005,VT005,VS002,VC001
525,VA000,VA010,VL005,VT005,VS002,VC001
526,VA000,VA010,VL005,VT005,VS002,VC001
540,VA000,VA010,VL005,VT005,VS002,VC001
544,VA000,VA010,VL005,VT005,VS002,VC001
551,VA000,VA010,VL005,VT005,VS002,VC001
555,VA000,VA010,VL005,VT005,VS002,VC001
556,VA000,VA010,VL005,VT005,VS002,VC001
562,VA000,VA010,VL005,VT005,VS002,VC001
564,VA000,VA010,VL005,VT005,VS002,VC001
566,VA000,VA010,VL005,VT005,VS002,VC001
569,VA000,VA010,VL005,VT005,VS002,VC001
570,VA000,VA010,VL005,VT005,VS002,VC001
571,VA000,VA010,VL005,VT005,VS002,VC001
572,VA000,VA010,VL005,VT005,VS002,VC001
577,VA000,VA010,VL005,VT005,VS002,VC001
583,VA000,VA010,VL005,VT005,VS002,VC001
589,VA000,VA010,VL005,VT005,VS002,VC001
590,VA000,VA010,VL005,VT005,VS002,VC001
597,VA000,VA010,VL005,VT005,VS002,VC001
603,VA000,VA010,VL005,VT005,VS002,VC001
605,VA000,VA010,VL005,VT005,VS002,VC001
606,VA000,VA010,VL005,VT005,VS002,VC001
607,VA000,VA010,VL005,VT005,VS002,VC001
609,VA000,VA010,VL005,VT005,VS002,VC001
612,VA000,VA010,VL005,VT005,VS002,VC001
613,VA000,VA010,VL005,VT005,VS002,VC001
626,VA000,VA010,VL005,VT005,VS002,VC001
627,VA000,VA010,VL005,VT005,VS002,VC001
634,VA000,VA010,VL005,VT005,VS002,VC001
642,VA000,VA010,VL005,VT005,VS002,VC001
644,VA000,VA010,VL005,VT005,VS002,VC001
651,VA000,VA010,VL005,VT005,VS002,VC001
652,VA000,VA010,VL005,VT005,VS002,VC001
653,VA000,VA010,VL005,VT005,VS002,VC001
656,VA000,VA010,VL005,VT005,VS002,VC001
660,VA000,VA010,VL005,VT005,VS002,VC001
666,VA000,VA010,VL005,VT005,VS002,VC001
667,VA000,VA010,VL005,VT005,VS002,VC001
670,VA000,VA010,VL005,VT005,VS002,VC001
674,VA000,VA010,VL005,VT005,VS002,VC001
688,VA000,VA010,VL005,VT005,VS002,VC001
692,VA000,VA010,VL005,VT005,VS002,VC001
694,VA000,VA010,VL005,VT005,VS002,VC001
696,VA000,VA010,VL005,VT005,VS002,VC001
704,VA000,VA010,VL005,VT005,VS002,VC001
717,VA000,VA010,VL005,VT005,VS002,VC001
718,VA000,VA010,VL005,VT005,VS002,VC001
726,VA000,VA010,VL005,VT005,VS002,VC001
728,VA000,VA010,VL005,VT005,VS002,VC001
733,VA000,VA010,VL005,VT005,VS002,VC001
741,VA000,VA010,VL005,VT005,VS002,VC001
744,VA000,VA010,VL005,VT005,VS002,VC001
750,VA000,VA010,VL005,VT005,VS002,VC001
751,VA000,VA010,VL005,VT005,VS002,VC001
756,VA000,VA010,VL005,VT005,VS002,VC001
757,VA000,VA010,VL005,VT005,VS002,VC001
758,VA000,VA010,VL005,VT005,VS002,VC001
761,VA000,VA010,VL005,VT005,VS002,VC001
773,VA000,VA010,VL005,VT005,VS002,VC001
774,VA000,VA010,VL005,VT005,VS002,VC001
781,VA000,VA010,VL005,VT005,VS002,VC001
785,VA000,VA010,VL005,VT005,VS002,VC001
787,VA000,VA010,VL005,VT005,VS002,VC001
790,VA000,VA010,VL005,VT005,VS002,VC001
791,VA000,VA010,VL005,VT005,VS002,VC001
796,VA000,VA010,VL005,VT005,VS002,VC001
797,VA000,VA010,VL005,VT005,VS002,VC001
801,VA000,VA010,VL005,VT005,VS002,VC001
807,VA000,VA010,VL005,VT005,VS002,VC001
808,VA000,VA010,VL005,VT005,VS002,VC001
809,VA000,VA010,VL005,VT005,VS002,VC001
812,VA000,VA010,VL005,VT005,VS002,VC001
819,VA000,VA010,VL005,VT005,VS002,VC001
829,VA000,VA010,VL005,VT005,VS002,VC001
831,VA000,VA010,VL005,VT005,VS002,VC001
832,VA000,VA010,VL005,VT005,VS002,VC001
843,VA000,VA010,VL005,VT005,VS002,VC001
846,VA000,VA010,VL005,VT005,VS002,VC001
848,VA000,VA010,VL005,VT005,VS002,VC001
849,VA000,VA010,VL005,VT005,VS002,VC001
857,VA000,VA010,VL005,VT005,VS002,VC001
874,VA000,VA010,VL005,VT005,VS002,VC001
875,VA000,VA010,VL005,VT005,VS002,VC001
878,VA000,VA010,VL005,VT005,VS002,VC001
885,VA000,VA010,VL005,VT005,VS002,VC001
896,VA000,VA010,VL005,VT005,VS002,VC001
899,VA000,VA010,VL005,VT005,VS002,VC001
906,VA000,VA010,VL005,VT005,VS002,VC001
931,VA000,VA010,VL005,VT005,VS002,VC001
947,VA000,VA010,VL005,VT005,VS002,VC001
952,VA000,VA010,VL005,VT005,VS002,VC001
959,VA000,VA010,VL005,VT005,VS002,VC001
960,VA000,VA010,VL005,VT005,VS002,VC001
963,VA000,VA010,VL005,VT005,VS002,VC001
964,VA000,VA010,VL005,VT005,VS002,VC001
969,VA000,VA010,VL005,VT005,VS002,VC001
970,VA000,VA010,VL005,VT005,VS002,VC001
972,VA000,VA010,VL005,VT005,VS002,VC001
975,VA000,VA010,VL005,VT005,VS002,VC001
984,VA000,VA010,VL005,VT005,VS002,VC001
987,VA000,VA010,VL005,VT005,VS002,VC001
991,VA000,VA010,VL005,VT005,VS002,VC001
1011,VA000,VA010,VL005,VT005,VS002,VC001
1013,VA000,VA010,VL005,VT005,VS002,VC001
1014,VA000,VA010,VL005,VT005,VS002,VC001
1017,VA000,VA010,VL005,VT005,VS002,VC001
1018,VA000,VA010,VL005,VT005,VS002,VC001
1025,VA000,VA010,VL005,VT005,VS002,VC001
1035,VA000,VA010,VL005,VT005,VS002,VC001
1037,VA000,VA010,VL005,VT005,VS002,VC001
1038,VA000,VA010,VL005,VT005,VS002,VC001
1039,VA000,VA010,VL005,VT005,VS002,VC001
1040,VA000,VA010,VL005,VT005,VS002,VC001
1045,VA000,VA010,VL005,VT005,VS002,VC001
1058,VA000,VA010,VL005,VT005,VS002,VC001
1060,VA000,VA010,VL005,VT005,VS002,VC001
1061,VA000,VA010,VL005,VT005,VS002,VC001
1076,VA000,VA010,VL005,VT005,VS002,VC001
1079,VA000,VA010,VL005,VT005,VS002,VC001
1081,VA000,VA010,VL005,VT005,VS002,VC001
1087,VA000,VA010,VL005,VT005,VS002,VC001
1096,VA000,VA010,VL005,VT005,VS002,VC001
1103,VA000,VA010,VL005,VT005,VS002,VC001
1104,VA000,VA010,VL005,VT005,VS002,VC001
1109,VA000,VA010,VL005,VT005,VS002,VC001
1115,VA000,VA010,VL005,VT005,VS002,VC001
1116,VA000,VA010,VL005,VT005,VS002,VC001
1121,VA000,VA010,VL005,VT005,VS002,VC001
1126,VA000,VA010,VL005,VT005,VS002,VC001
1129,VA000,VA010,VL005,VT005,VS002,VC001
1131,VA000,VA010,VL005,VT005,VS002,VC001
1133,VA000,VA010,VL005,VT005,VS002,VC001
1136,VA000,VA010,VL005,VT005,VS002,VC001
1149,VA000,VA010,VL005,VT005,VS002,VC001
1166,VA000,VA010,VL005,VT005,VS002,VC001
1170,VA000,VA010,VL005,VT005,VS002,VC001
1182,VA000,VA010,VL005,VT005,VS002,VC001
1183,VA000,VA010,VL005,VT005,VS002,VC001
1196,VA000,VA010,VL005,VT005,VS002,VC001
1197,VA000,VA010,VL005,VT005,VS002,VC001
1202,VA000,VA010,VL005,VT005,VS002,VC001
1204,VA000,VA010,VL005,VT005,VS002,VC001
1205,VA000,VA010,VL005,VT005,VS002,VC001
1206,VA000,VA010,VL005,VT005,VS002,VC001
1212,VA000,VA010,VL005,VT005,VS002,VC001
1217,VA000,VA010,VL005,VT005,VS002,VC001
1223,VA000,VA010,VL005,VT005,VS002,VC001
1226,VA000,VA010,VL005,VT005,VS002,VC001
1229,VA000,VA010,VL005,VT005,VS002,VC001
1233,VA000,VA010,VL005,VT005,VS002,VC001
1235,VA000,VA010,VL005,VT005,VS002,VC001
1236,VA000,VA010,VL005,VT005,VS002,VC001
1245,VA000,VA010,VL005,VT005,VS002,VC001
1247,VA000,VA010,VL005,VT005,VS002,VC001
1251,VA000,VA010,VL005,VT005,VS002,VC001
1257,VA000,VA010,VL005,VT005,VS002,VC001
1258,VA000,VA010,VL005,VT005,VS002,VC001
1261,VA000,VA010,VL005,VT005,VS002,VC001
1264,VA000,VA010,VL005,VT005,VS002,VC001
1266,VA000,VA010,VL005,VT005,VS002,VC001
1275,VA000,VA010,VL005,VT005,VS002,VC001
1277,VA000,VA010,VL005,VT005,VS002,VC001
1278,VA000,VA010,VL005,VT005,VS002,VC001
1282,VA000,VA010,VL005,VT005,VS002,VC001
1285,VA000,VA010,VL005,VT005,VS002,VC001
1294,VA000,VA010,VL005,VT005,VS002,VC001
1305,VA000,VA010,VL005,VT005,VS002,VC001
1314,VA000,VA010,VL005,VT005,VS002,VC001
1315,VA000,VA010,VL005,VT005,VS002,VC001
1316,VA000,VA010,VL005,VT005,VS002,VC001
1324,VA000,VA010,VL005,VT005,VS002,VC001
1328,VA000,VA010,VL005,VT005,VS002,VC001
1335,VA000,VA010,VL005,VT005,VS002,VC001
1340,VA000,VA010,VL005,VT005,VS002,VC001
1356,VA000,VA010,VL005,VT005,VS002,VC001
1363,VA000,VA010,VL005,VT005,VS002,VC001
1367,VA000,VA010,VL005,VT005,VS002,VC001
1369,VA000,VA010,VL005,VT005,VS002,VC001
1370,VA000,VA010,VL005,VT005,VS002,VC001
1385,VA000,VA010,VL005,VT005,VS002,VC001
1392,VA000,VA010,VL005,VT005,VS002,VC001
1396,VA000,VA010,VL005,VT005,VS002,VC001
1405,VA000,VA010,VL005,VT005,VS002,VC001
1418,VA000,VA010,VL005,VT005,VS002,VC001
1419,VA000,VA010,VL005,VT005,VS002,VC001
1424,VA000,VA010,VL005,VT005,VS002,VC001
1429,VA000,VA010,VL005,VT005,VS002,VC001
1431,VA000,VA010,VL005,VT005,VS002,VC001
1433,VA000,VA010,VL005,VT005,VS002,VC001
1441,VA000,VA010,VL005,VT005,VS002,VC001
1446,VA000,VA010,VL005,VT005,VS002,VC001
1456,VA000,VA010,VL005,VT005,VS002,VC001
1458,VA000,VA010,VL005,VT005,VS002,VC001
1475,VA000,VA010,VL005,VT005,VS002,VC001
1482,VA000,VA010,VL005,VT005,VS002,VC001
1483,VA000,VA010,VL005,VT005,VS002,VC001
1487,VA000,VA010,VL005,VT005,VS002,VC001
1493,VA000,VA010,VL005,VT005,VS002,VC001
1494,VA000,VA010,VL005,VT005,VS002,VC001
1495,VA000,VA010,VL005,VT005,VS002,VC001
1496,VA000,VA010,VL005,VT005,VS002,VC001
1500,VA000,VA010,VL005,VT005,VS002,VC001
1509,VA000,VA010,VL005,VT005,VS002,VC001
1515,VA000,VA010,VL005,VT005,VS002,VC001
1529,VA000,VA010,VL005,VT005,VS002,VC001
1531,VA000,VA010,VL005,VT005,VS002,VC001
1533,VA000,VA010,VL005,VT005,VS002,VC001
1540,VA000,VA010,VL005,VT005,VS002,VC001
1541,VA000,VA010,VL005,VT005,VS002,VC001
1543,VA000,VA010,VL005,VT005,VS002,VC001
1547,VA000,VA010,VL005,VT005,VS002,VC001
1549,VA000,VA010,VL005,VT005,VS002,VC001
1551,VA000,VA010,VL005,VT005,VS002,VC001
1557,VA000,VA010,VL005,VT005,VS002,VC001
1563,VA000,VA010,VL005,VT005,VS002,VC001
1567,VA000,VA010,VL005,VT005,VS002,VC001
1569,VA000,VA010,VL005,VT005,VS002,VC001
1570,VA000,VA010,VL005,VT005,VS002,VC001
1571,VA000,VA010,VL005,VT005,VS002,VC001
1574,VA000,VA010,VL005,VT005,VS002,VC001
1579,VA000,VA010,VL005,VT005,VS002,VC001
1580,VA000,VA010,VL005,VT005,VS002,VC001
1588,VA000,VA010,VL005,VT005,VS002,VC001
1608,VA000,VA010,VL005,VT005,VS002,VC001
1610,VA000,VA010,VL005,VT005,VS002,VC001
1611,VA000,VA010,VL005,VT005,VS002,VC001
1622,VA000,VA010,VL005,VT005,VS002,VC001
1630,VA000,VA010,VL005,VT005,VS002,VC001
1635,VA000,VA010,VL005,VT005,VS002,VC001
1641,VA000,VA010,VL005,VT005,VS002,VC001
1645,VA000,VA010,VL005,VT005,VS002,VC001
1649,VA000,VA010,VL005,VT005,VS002,VC001
1651,VA000,VA010,VL005,VT005,VS002,VC001
1657,VA000,VA010,VL005,VT005,VS002,VC001
1665,VA000,VA010,VL005,VT005,VS002,VC001
1692,VA000,VA010,VL005,VT005,VS002,VC001
1699,VA000,VA010,VL005,VT005,VS002,VC001
1701,VA000,VA010,VL005,VT005,VS002,VC001
1710,VA000,VA010,VL005,VT005,VS002,VC001
1715,VA000,VA010,VL005,VT005,VS002,VC001
1726,VA000,VA010,VL005,VT005,VS002,VC001
1731,VA000,VA010,VL005,VT005,VS002,VC001
1737,VA000,VA010,VL005,VT005,VS002,VC001
1747,VA000,VA010,VL005,VT005,VS002,VC001
1749,VA000,VA010,VL005,VT005,VS002,VC001
1758,VA000,VA010,VL005,VT005,VS002,VC001
1760,VA000,VA010,VL005,VT005,VS002,VC001
1763,VA000,VA010,VL005,VT005,VS002,VC001
1775,VA000,VA010,VL005,VT005,VS002,VC001
1779,VA000,VA010,VL005,VT005,VS002,VC001
1780,VA000,VA010,VL005,VT005,VS002,VC001
1784,VA000,VA010,VL005,VT005,VS002,VC001
1790,VA000,VA010,VL005,VT005,VS002,VC001
1791,VA000,VA010,VL005,VT005,VS002,VC001
1793,VA000,VA010,VL005,VT005,VS002,VC001
1808,VA000,VA010,VL005,VT005,VS002,VC001
1816,VA000,VA010,VL005,VT005,VS002,VC001
1817,VA000,VA010,VL005,VT005,VS002,VC001
1820,VA000,VA010,VL005,VT005,VS002,VC001
1828,VA000,VA010,VL005,VT005,VS002,VC001
1832,VA000,VA010,VL005,VT005,VS002,VC001
1833,VA000,VA010,VL005,VT005,VS002,VC001
1835,VA000,VA010,VL005,VT005,VS002,VC001
1837,VA000,VA010,VL005,VT005,VS002,VC001
1843,VA000,VA010,VL005,VT005,VS002,VC001
1848,VA000,VA010,VL005,VT005,VS002,VC001
1850,VA000,VA010,VL005,VT005,VS002,VC001
1851,VA000,VA010,VL005,VT005,VS002,VC001
1869,VA000,VA010,VL005,VT005,VS002,VC001
1872,VA000,VA010,VL005,VT005,VS002,VC001
1874,VA000,VA010,VL005,VT005,VS002,VC001
1875,VA000,VA010,VL005,VT005,VS002,VC001
1879,VA000,VA010,VL005,VT005,VS002,VC001
1888,VA000,VA010,VL005,VT005,VS002,VC001
1890,VA000,VA010,VL005,VT005,VS002,VC001
1895,VA000,VA010,VL005,VT005,VS002,VC001
1896,VA000,VA010,VL005,VT005,VS002,VC001
1902,VA000,VA010,VL005,VT005,VS002,VC001
1910,VA000,VA010,VL005,VT005,VS002,VC001
1911,VA000,VA010,VL005,VT005,VS002,VC001
1914,VA000,VA010,VL005,VT005,VS002,VC001
1918,VA000,VA010,VL005,VT005,VS002,VC001
1919,VA000,VA010,VL005,VT005,VS002,VC001
1920,VA000,VA010,VL005,VT005,VS002,VC001
1921,VA000,VA010,VL005,VT005,VS002,VC001
1935,VA000,VA010,VL005,VT005,VS002,VC001
1948,VA000,VA010,VL005,VT005,VS002,VC001
1960,VA000,VA010,VL005,VT005,VS002,VC001
1973,VA000,VA010,VL005,VT005,VS002,VC001
1977,VA000,VA010,VL005,VT005,VS002,VC001
1978,VA000,VA010,VL005,VT005,VS002,VC001
1981,VA000,VA010,VL005,VT005,VS002,VC001
1982,VA000,VA010,VL005,VT005,VS002,VC001
1984,VA000,VA010,VL005,VT005,VS002,VC001
1985,VA000,VA010,VL005,VT005,VS002,VC001
1994,VA000,VA010,VL005,VT005,VS002,VC001
1998,VA000,VA010,VL005,VT005,VS002,VC001
2003,VA000,VA010,VL005,VT005,VS002,VC001
2004,VA000,VA010,VL005,VT005,VS002,VC001
2011,VA000,VA010,VL005,VT005,VS002,VC001
2012,VA000,VA010,VL005,VT005,VS002,VC001
2015,VA000,VA010,VL005,VT005,VS002,VC001
2019,VA000,VA010,VL005,VT005,VS002,VC001
2021,VA000,VA010,VL005,VT005,VS002,VC001
2024,VA000,VA010,VL005,VT005,VS002,VC001
2026,VA000,VA010,VL005,VT005,VS002,VC001
2027,VA000,VA010,VL005,VT005,VS002,VC001
2032,VA000,VA010,VL005,VT005,VS002,VC001
2033,VA000,VA010,VL005,VT005,VS002,VC001
2038,VA000,VA010,VL005,VT005,VS002,VC001
2040,VA000,VA010,VL005,VT005,VS002,VC001
2047,VA000,VA010,VL005,VT005,VS002,VC001
2049,VA000,VA010,VL005,VT005,VS002,VC001
2050,VA000,VA010,VL005,VT005,VS002,VC001
2056,VA000,VA010,VL005,VT005,VS002,VC001
2057,VA000,VA010,VL005,VT005,VS002,VC001
2058,VA000,VA010,VL005,VT005,VS002,VC001
2062,VA000,VA010,VL005,VT005,VS002,VC001
2063,VA000,VA010,VL005,VT005,VS002,VC001
2064,VA000,VA010,VL005,VT005,VS002,VC001
2066,VA000,VA010,VL005,VT005,VS002,VC001
2073,VA000,VA010,VL005,VT005,VS002,VC001
2078,VA000,VA010,VL005,VT005,VS002,VC001
2087,VA000,VA010,VL005,VT005,VS002,VC001
2095,VA000,VA010,VL005,VT005,VS002,VC001
2097,VA000,VA010,VL005,VT005,VS002,VC001
2098,VA000,VA010,VL005,VT005,VS002,VC001
2108,VA000,VA010,VL005,VT005,VS002,VC001
2111,VA000,VA010,VL005,VT005,VS002,VC001
2113,VA000,VA010,VL005,VT005,VS002,VC001
2122,VA000,VA010,VL005,VT005,VS002,VC001
2127,VA000,VA010,VL005,VT005,VS002,VC001
2134,VA000,VA010,VL005,VT005,VS002,VC001
2151,VA000,VA010,VL005,VT005,VS002,VC001
2160,VA000,VA010,VL005,VT005,VS002,VC001
2162,VA000,VA010,VL005,VT005,VS002,VC001
2194,VA000,VA010,VL005,VT005,VS002,VC001
2209,VA000,VA010,VL005,VT005,VS002,VC001
2212,VA000,VA010,VL005,VT005,VS002,VC001
2214,VA000,VA010,VL005,VT005,VS002,VC001
2217,VA000,VA010,VL005,VT005,VS002,VC001
2228,VA000,VA010,VL005,VT005,VS002,VC001
2231,VA000,VA010,VL005,VT005,VS002,VC001
2235,VA000,VA010,VL005,VT005,VS002,VC001
2236,VA000,VA010,VL005,VT005,VS002,VC001
2238,VA000,VA010,VL005,VT005,VS002,VC001
2250,VA000,VA010,VL005,VT005,VS002,VC001
2254,VA000,VA010,VL005,VT005,VS002,VC001
2262,VA000,VA010,VL005,VT005,VS002,VC001
2269,VA000,VA010,VL005,VT005,VS002,VC001
2272,VA000,VA010,VL005,VT005,VS002,VC001
2290,VA000,VA010,VL005,VT005,VS002,VC001
2291,VA000,VA010,VL005,VT005,VS002,VC001
2292,VA000,VA010,VL005,VT005,VS002,VC001
2296,VA000,VA010,VL005,VT005,VS002,VC001
2302,VA000,VA010,VL005,VT005,VS002,VC001
2316,VA000,VA010,VL005,VT005,VS002,VC001
2323,VA000,VA010,VL005,VT005,VS002,VC001
2330,VA000,VA010,VL005,VT005,VS002,VC001
2336,VA000,VA010,VL005,VT005,VS002,VC001
2341,VA000,VA010,VL005,VT005,VS002,VC001
2349,VA000,VA010,VL005,VT005,VS002,VC001
2352,VA000,VA010,VL005,VT005,VS002,VC001
2355,VA000,VA010,VL005,VT005,VS002,VC001
2360,VA000,VA010,VL005,VT005,VS002,VC001
2372,VA000,VA010,VL005,VT005,VS002,VC001
2374,VA000,VA010,VL005,VT005,VS002,VC001
2377,VA000,VA010,VL005,VT005,VS002,VC001
2388,VA000,VA010,VL005,VT005,VS002,VC001
2397,VA000,VA010,VL005,VT005,VS002,VC001
2400,VA000,VA010,VL005,VT005,VS002,VC001
2401,VA000,VA010,VL005,VT005,VS002,VC001
2402,VA000,VA010,VL005,VT005,VS002,VC001
2405,VA000,VA010,VL005,VT005,VS002,VC001
2406,VA000,VA010,VL005,VT005,VS002,VC001
2411,VA000,VA010,VL005,VT005,VS002,VC001
2413,VA000,VA010,VL005,VT005,VS002,VC001
2419,VA000,VA010,VL005,VT005,VS002,VC001
2420,VA000,VA010,VL005,VT005,VS002,VC001
2429,VA000,VA010,VL005,VT005,VS002,VC001
2431,VA000,VA010,VL005,VT005,VS002,VC001
2432,VA000,VA010,VL005,VT005,VS002,VC001
2436,VA000,VA010,VL005,VT005,VS002,VC001
2437,VA000,VA010,VL005,VT005,VS002,VC001
2439,VA000,VA010,VL005,VT005,VS002,VC001
2443,VA000,VA010,VL005,VT005,VS002,VC001
2445,VA000,VA010,VL005,VT005,VS002,VC001
2447,VA000,VA010,VL005,VT005,VS002,VC001
2451,VA000,VA010,VL005,VT005,VS002,VC001
2458,VA000,VA010,VL005,VT005,VS002,VC001
2459,VA000,VA010,VL005,VT005,VS002,VC001
2467,VA000,VA010,VL005,VT005,VS002,VC001
2473,VA000,VA010,VL005,VT005,VS002,VC001
2487,VA000,VA010,VL005,VT005,VS002,VC001
2493,VA000,VA010,VL005,VT005,VS002,VC001
2497,VA000,VA010,VL005,VT005,VS002,VC001
2508,VA000,VA010,VL005,VT005,VS002,VC001
2511,VA000,VA010,VL005,VT005,VS002,VC001
2512,VA000,VA010,VL005,VT005,VS002,VC001
2517,VA000,VA010,VL005,VT005,VS002,VC001
2518,VA000,VA010,VL005,VT005,VS002,VC001
2519,VA000,VA010,VL005,VT005,VS002,VC001
2538,VA000,VA010,VL005,VT005,VS002,VC001
2543,VA000,VA010,VL005,VT005,VS002,VC001
2544,VA000,VA010,VL005,VT005,VS002,VC001
2549,VA000,VA010,VL005,VT005,VS002,VC001
2551,VA000,VA010,VL005,VT005,VS002,VC001
2553,VA000,VA010,VL005,VT005,VS002,VC001
2555,VA000,VA010,VL005,VT005,VS002,VC001
2557,VA000,VA010,VL005,VT005,VS002,VC001
2559,VA000,VA010,VL005,VT005,VS002,VC001
2560,VA000,VA010,VL005,VT005,VS002,VC001
2561,VA000,VA010,VL005,VT005,VS002,VC001
2564,VA000,VA010,VL005,VT005,VS002,VC001
2567,VA000,VA010,VL005,VT005,VS002,VC001
2569,VA000,VA010,VL005,VT005,VS002,VC001
2570,VA000,VA010,VL005,VT005,VS002,VC001
2577,VA000,VA010,VL005,VT005,VS002,VC001
2580,VA000,VA010,VL005,VT005,VS002,VC001
2582,VA000,VA010,VL005,VT005,VS002,VC001
2596,VA000,VA010,VL005,VT005,VS002,VC001
2600,VA000,VA010,VL005,VT005,VS002,VC001
2605,VA000,VA010,VL005,VT005,VS002,VC001
2608,VA000,VA010,VL005,VT005,VS002,VC001
2620,VA000,VA010,VL005,VT005,VS002,VC001
2625,VA000,VA010,VL005,VT005,VS002,VC001
2626,VA000,VA010,VL005,VT005,VS002,VC001
2634,VA000,VA010,VL005,VT005,VS002,VC001
2641,VA000,VA010,VL005,VT005,VS002,VC001
2668,VA000,VA010,VL005,VT005,VS002,VC001
2678,VA000,VA010,VL005,VT005,VS002,VC001
2681,VA000,VA010,VL005,VT005,VS002,VC001
2685,VA000,VA010,VL005,VT005,VS002,VC001
2697,VA000,VA010,VL005,VT005,VS002,VC001
2698,VA000,VA010,VL005,VT005,VS002,VC001
2700,VA000,VA010,VL005,VT005,VS002,VC001
2705,VA000,VA010,VL005,VT005,VS002,VC001
2707,VA000,VA010,VL005,VT005,VS002,VC001
2719,VA000,VA010,VL005,VT005,VS002,VC001
2724,VA000,VA010,VL005,VT005,VS002,VC001
2735,VA000,VA010,VL005,VT005,VS002,VC001
2738,VA000,VA010,VL005,VT005,VS002,VC001
2741,VA000,VA010,VL005,VT005,VS002,VC001
2746,VA000,VA010,VL005,VT005,VS002,VC001
2748,VA000,VA010,VL005,VT005,VS002,VC001
2750,VA000,VA010,VL005,VT005,VS002,VC001
2776,VA000,VA010,VL005,VT005,VS002,VC001
2777,VA000,VA010,VL005,VT005,VS002,VC001
2780,VA000,VA010,VL005,VT005,VS002,VC001
2784,VA000,VA010,VL005,VT005,VS002,VC001
2785,VA000,VA010,VL005,VT005,VS002,VC001
2788,VA000,VA010,VL005,VT005,VS002,VC001
2791,VA000,VA010,VL005,VT005,VS002,VC001
2797,VA000,VA010,VL005,VT005,VS002,VC001
2804,VA000,VA010,VL005,VT005,VS002,VC001
2807,VA000,VA010,VL005,VT005,VS002,VC001
2811,VA000,VA010,VL005,VT005,VS002,VC001
2813,VA000,VA010,VL005,VT005,VS002,VC001
2820,VA000,VA010,VL005,VT005,VS002,VC001
2826,VA000,VA010,VL005,VT005,VS002,VC001
2834,VA000,VA010,VL005,VT005,VS002,VC001
2837,VA000,VA010,VL005,VT005,VS002,VC001
2841,VA000,VA010,VL005,VT005,VS002,VC001
2845,VA000,VA010,VL005,VT005,VS002,VC001
2846,VA000,VA010,VL005,VT005,VS002,VC001
2848,VA000,VA010,VL005,VT005,VS002,VC001
2852,VA000,VA010,VL005,VT005,VS002,VC001
2857,VA000,VA010,VL005,VT005,VS002,VC001
2863,VA000,VA010,VL005,VT005,VS002,VC001
2866,VA000,VA010,VL005,VT005,VS002,VC001
2882,VA000,VA010,VL005,VT005,VS002,VC001
2887,VA000,VA010,VL005,VT005,VS002,VC001
2897,VA000,VA010,VL005,VT005,VS002,VC001
2910,VA000,VA010,VL005,VT005,VS002,VC001
2912,VA000,VA010,VL005,VT005,VS002,VC001
2914,VA000,VA010,VL005,VT005,VS002,VC001
2920,VA000,VA010,VL005,VT005,VS002,VC001
2924,VA000,VA010,VL005,VT005,VS002,VC001
2929,VA000,VA010,VL005,VT005,VS002,VC001
2943,VA000,VA010,VL005,VT005,VS002,VC001
2944,VA000,VA010,VL005,VT005,VS002,VC001
2949,VA000,VA010,VL005,VT005,VS002,VC001
2956,VA000,VA010,VL005,VT005,VS002,VC001
2959,VA000,VA010,VL005,VT005,VS002,VC001
2960,VA000,VA010,VL005,VT005,VS002,VC001
2965,VA000,VA010,VL005,VT005,VS002,VC001
2982,VA000,VA010,VL005,VT005,VS002,VC001
2990,VA000,VA010,VL005,VT005,VS002,VC001
2999,VA000,VA010,VL005,VT005,VS002,VC001
3001,VA000,VA010,VL005,VT005,VS002,VC001
3006,VA000,VA010,VL005,VT005,VS002,VC001
3010,VA000,VA010,VL005,VT005,VS002,VC001
3011,VA000,VA010,VL005,VT005,VS002,VC001
3016,VA000,VA010,VL005,VT005,VS002,VC001
3020,VA000,VA010,VL005,VT005,VS002,VC001
3031,VA000,VA010,VL005,VT005,VS002,VC001
3032,VA000,VA010,VL005,VT005,VS002,VC001
3043,VA000,VA010,VL005,VT005,VS002,VC001
3044,VA000,VA010,VL005,VT005,VS002,VC001
3048,VA000,VA010,VL005,VT005,VS002,VC001
3054,VA000,VA010,VL005,VT005,VS002,VC001
3056,VA000,VA010,VL005,VT005,VS002,VC001
3066,VA000,VA010,VL005,VT005,VS002,VC001
3067,VA000,VA010,VL005,VT005,VS002,VC001
3068,VA000,VA010,VL005,VT005,VS002,VC001
3070,VA000,VA010,VL005,VT005,VS002,VC001
3077,VA000,VA010,VL005,VT005,VS002,VC001
3078,VA000,VA010,VL005,VT005,VS002,VC001
3081,VA000,VA010,VL005,VT005,VS002,VC001
3089,VA000,VA010,VL005,VT005,VS002,VC001
3092,VA000,VA010,VL005,VT005,VS002,VC001
3093,VA000,VA010,VL005,VT005,VS002,VC001
3095,VA000,VA010,VL005,VT005,VS002,VC001
3096,VA000,VA010,VL005,VT005,VS002,VC001
3097,VA000,VA010,VL005,VT005,VS002,VC001
3098,VA000,VA010,VL005,VT005,VS002,VC001
3104,VA000,VA010,VL005,VT005,VS002,VC001
3105,VA000,VA010,VL005,VT005,VS002,VC001
3107,VA000,VA010,VL005,VT005,VS002,VC001
3110,VA000,VA010,VL005,VT005,VS002,VC001
3116,VA000,VA010,VL005,VT005,VS002,VC001
3121,VA000,VA010,VL005,VT005,VS002,VC001
3125,VA000,VA010,VL005,VT005,VS002,VC001
3126,VA000,VA010,VL005,VT005,VS002,VC001
3129,VA000,VA010,VL005,VT005,VS002,VC001
3133,VA000,VA010,VL005,VT005,VS002,VC001
3145,VA000,VA010,VL005,VT005,VS002,VC001
3153,VA000,VA010,VL005,VT005,VS002,VC001
3155,VA000,VA010,VL005,VT005,VS002,VC001
3159,VA000,VA010,VL005,VT005,VS002,VC001
3164,VA000,VA010,VL005,VT005,VS002,VC001
3184,VA000,VA010,VL005,VT005,VS002,VC001
3187,VA000,VA010,VL005,VT005,VS002,VC001
3190,VA000,VA010,VL005,VT005,VS002,VC001
3193,VA000,VA010,VL005,VT005,VS002,VC001
3214,VA000,VA010,VL005,VT005,VS002,VC001
3217,VA000,VA010,VL005,VT005,VS002,VC001
3219,VA000,VA010,VL005,VT005,VS002,VC001
3236,VA000,VA010,VL005,VT005,VS002,VC001
3237,VA000,VA010,VL005,VT005,VS002,VC001
3241,VA000,VA010,VL005,VT005,VS002,VC001
3248,VA000,VA010,VL005,VT005,VS002,VC001
3258,VA000,VA010,VL005,VT005,VS002,VC001
3263,VA000,VA010,VL005,VT005,VS002,VC001
3270,VA000,VA010,VL005,VT005,VS002,VC001
3271,VA000,VA010,VL005,VT005,VS002,VC001
3273,VA000,VA010,VL005,VT005,VS002,VC001
3274,VA000,VA010,VL005,VT005,VS002,VC001
3276,VA000,VA010,VL005,VT005,VS002,VC001
3280,VA000,VA010,VL005,VT005,VS002,VC001
3282,VA000,VA010,VL005,VT005,VS002,VC001
3289,VA000,VA010,VL005,VT005,VS002,VC001
3296,VA000,VA010,VL005,VT005,VS002,VC001
3298,VA000,VA010,VL005,VT005,VS002,VC001
3299,VA000,VA010,VL005,VT005,VS002,VC001
3304,VA000,VA010,VL005,VT005,VS002,VC001
3307,VA000,VA010,VL005,VT005,VS002,VC001
3317,VA000,VA010,VL005,VT005,VS002,VC001
3321,VA000,VA010,VL005,VT005,VS002,VC001
3323,VA000,VA010,VL005,VT005,VS002,VC001
3343,VA000,VA010,VL005,VT005,VS002,VC001
3348,VA000,VA010,VL005,VT005,VS002,VC001
3349,VA000,VA010,VL005,VT005,VS002,VC001
3359,VA000,VA010,VL005,VT005,VS002,VC001
3361,VA000,VA010,VL005,VT005,VS002,VC001
3365,VA000,VA010,VL005,VT005,VS002,VC001
3368,VA000,VA010,VL005,VT005,VS002,VC001
3370,VA000,VA010,VL005,VT005,VS002,VC001
3373,VA000,VA010,VL005,VT005,VS002,VC001
3379,VA000,VA010,VL005,VT005,VS002,VC001
3381,VA000,VA010,VL005,VT005,VS002,VC001
3407,VA000,VA010,VL005,VT005,VS002,VC001
3408,VA000,VA010,VL005,VT005,VS002,VC001
3409,VA000,VA010,VL005,VT005,VS002,VC001
3422,VA000,VA010,VL005,VT005,VS002,VC001
3432,VA000,VA010,VL005,VT005,VS002,VC001
3437,VA000,VA010,VL005,VT005,VS002,VC001
3440,VA000,VA010,VL005,VT005,VS002,VC001
3443,VA000,VA010,VL005,VT005,VS002,VC001
3448,VA000,VA010,VL005,VT005,VS002,VC001
3460,VA000,VA010,VL005,VT005,VS002,VC001
3462,VA000,VA010,VL005,VT005,VS002,VC001
3464,VA000,VA010,VL005,VT005,VS002,VC001
3465,VA000,VA010,VL005,VT005,VS002,VC001
3467,VA000,VA010,VL005,VT005,VS002,VC001
3469,VA000,VA010,VL005,VT005,VS002,VC001
3472,VA000,VA010,VL005,VT005,VS002,VC001
3474,VA000,VA010,VL005,VT005,VS002,VC001
3480,VA000,VA010,VL005,VT005,VS002,VC001
3482,VA000,VA010,VL005,VT005,VS002,VC001
3494,VA000,VA010,VL005,VT005,VS002,VC001
3499,VA000,VA010,VL005,VT005,VS002,VC001
3501,VA000,VA010,VL005,VT005,VS002,VC001
3517,VA000,VA010,VL005,VT005,VS002,VC001
3520,VA000,VA010,VL005,VT005,VS002,VC001
3521,VA000,VA010,VL005,VT005,VS002,VC001
3522,VA000,VA010,VL005,VT005,VS002,VC001
3525,VA000,VA010,VL005,VT005,VS002,VC001
3526,VA000,VA010,VL005,VT005,VS002,VC001
3534,VA000,VA010,VL005,VT005,VS002,VC001
3535,VA000,VA010,VL005,VT005,VS002,VC001
3537,VA000,VA010,VL005,VT005,VS002,VC001
3540,VA000,VA010,VL005,VT005,VS002,VC001
3541,VA000,VA010,VL005,VT005,VS002,VC001
3543,VA000,VA010,VL005,VT005,VS002,VC001
3545,VA000,VA010,VL005,VT005,VS002,VC001
3552,VA000,VA010,VL005,VT005,VS002,VC001
3562,VA000,VA010,VL005,VT005,VS002,VC001
3563,VA000,VA010,VL005,VT005,VS002,VC001
3569,VA000,VA010,VL005,VT005,VS002,VC001
3571,VA000,VA010,VL005,VT005,VS002,VC001
3584,VA000,VA010,VL005,VT005,VS002,VC001
3602,VA000,VA010,VL005,VT005,VS002,VC001
3606,VA000,VA010,VL005,VT005,VS002,VC001
3609,VA000,VA010,VL005,VT005,VS002,VC001
3610,VA000,VA010,VL005,VT005,VS002,VC001
3623,VA000,VA010,VL005,VT005,VS002,VC001
3626,VA000,VA010,VL005,VT005,VS002,VC001
3627,VA000,VA010,VL005,VT005,VS002,VC001
3629,VA000,VA010,VL005,VT005,VS002,VC001
3631,VA000,VA010,VL005,VT005,VS002,VC001
3632,VA000,VA010,VL005,VT005,VS002,VC001
3643,VA000,VA010,VL005,VT005,VS002,VC001
3656,VA000,VA010,VL005,VT005,VS002,VC001
3661,VA000,VA010,VL005,VT005,VS002,VC001
3664,VA000,VA010,VL005,VT005,VS002,VC001
3669,VA000,VA010,VL005,VT005,VS002,VC001
3671,VA000,VA010,VL005,VT005,VS002,VC001
3675,VA000,VA010,VL005,VT005,VS002,VC001
3677,VA000,VA010,VL005,VT005,VS002,VC001
3678,VA000,VA010,VL005,VT005,VS002,VC001
3683,VA000,VA010,VL005,VT005,VS002,VC001
3698,VA000,VA010,VL005,VT005,VS002,VC001
3704,VA000,VA010,VL005,VT005,VS002,VC001
3706,VA000,VA010,VL005,VT005,VS002,VC001
3712,VA000,VA010,VL005,VT005,VS002,VC001
3713,VA000,VA010,VL005,VT005,VS002,VC001
3714,VA000,VA010,VL005,VT005,VS002,VC001
3716,VA000,VA010,VL005,VT005,VS002,VC001
3724,VA000,VA010,VL005,VT005,VS002,VC001
3732,VA000,VA010,VL005,VT005,VS002,VC001
3734,VA000,VA010,VL005,VT005,VS002,VC001
3745,VA000,VA010,VL005,VT005,VS002,VC001
3746,VA000,VA010,VL005,VT005,VS002,VC001
3762,VA000,VA010,VL005,VT005,VS002,VC001
3766,VA000,VA010,VL005,VT005,VS002,VC001
3779,VA000,VA010,VL005,VT005,VS002,VC001
3780,VA000,VA010,VL005,VT005,VS002,VC001
3795,VA000,VA010,VL005,VT005,VS002,VC001
3796,VA000,VA010,VL005,VT005,VS002,VC001
3800,VA000,VA010,VL005,VT005,VS002,VC001
3801,VA000,VA010,VL005,VT005,VS002,VC001
3806,VA000,VA010,VL005,VT005,VS002,VC001
3810,VA000,VA010,VL005,VT005,VS002,VC001
3822,VA000,VA010,VL005,VT005,VS002,VC001
3828,VA000,VA010,VL005,VT005,VS002,VC001
3831,VA000,VA010,VL005,VT005,VS002,VC001
3832,VA000,VA010,VL005,VT005,VS002,VC001
3837,VA000,VA010,VL005,VT005,VS002,VC001
3844,VA000,VA010,VL005,VT005,VS002,VC001
3845,VA000,VA010,VL005,VT005,VS002,VC001
3847,VA000,VA010,VL005,VT005,VS002,VC001
3856,VA000,VA010,VL005,VT005,VS002,VC001
3858,VA000,VA010,VL005,VT005,VS002,VC001
3860,VA000,VA010,VL005,VT005,VS002,VC001
3873,VA000,VA010,VL005,VT005,VS002,VC001
3874,VA000,VA010,VL005,VT005,VS002,VC001
3875,VA000,VA010,VL005,VT005,VS002,VC001
3890,VA000,VA010,VL005,VT005,VS002,VC001
3893,VA000,VA010,VL005,VT005,VS002,VC001
3895,VA000,VA010,VL005,VT005,VS002,VC001
3897,VA000,VA010,VL005,VT005,VS002,VC001
3898,VA000,VA010,VL005,VT005,VS002,VC001
3912,VA000,VA010,VL005,VT005,VS002,VC001
3915,VA000,VA010,VL005,VT005,VS002,VC001
3922,VA000,VA010,VL005,VT005,VS002,VC001
3928,VA000,VA010,VL005,VT005,VS002,VC001
3932,VA000,VA010,VL005,VT005,VS002,VC001
3934,VA000,VA010,VL005,VT005,VS002,VC001
3938,VA000,VA010,VL005,VT005,VS002,VC001
3943,VA000,VA010,VL005,VT005,VS002,VC001
3944,VA000,VA010,VL005,VT005,VS002,VC001
3946,VA000,VA010,VL005,VT005,VS002,VC001
3953,VA000,VA010,VL005,VT005,VS002,VC001
3958,VA000,VA010,VL005,VT005,VS002,VC001
3959,VA000,VA010,VL005,VT005,VS002,VC001
3966,VA000,VA010,VL005,VT005,VS002,VC001
3971,VA000,VA010,VL005,VT005,VS002,VC001
3974,VA000,VA010,VL005,VT005,VS002,VC001
3975,VA000,VA010,VL005,VT005,VS002,VC001
3978,VA000,VA010,VL005,VT005,VS002,VC001
3982,VA000,VA010,VL005,VT005,VS002,VC001
3989,VA000,VA010,VL005,VT005,VS002,VC001
3994,VA000,VA010,VL005,VT005,VS002,VC001
3998,VA000,VA010,VL005,VT005,VS002,VC001
4004,VA000,VA010,VL005,VT005,VS002,VC001
4006,VA000,VA010,VL005,VT005,VS002,VC001
4015,VA000,VA010,VL005,VT005,VS002,VC001
4018,VA000,VA010,VL005,VT005,VS002,VC001
4036,VA000,VA010,VL005,VT005,VS002,VC001
4039,VA000,VA010,VL005,VT005,VS002,VC001
4041,VA000,VA010,VL005,VT005,VS002,VC001
4046,VA000,VA010,VL005,VT005,VS002,VC001
4047,VA000,VA010,VL005,VT005,VS002,VC001
4048,VA000,VA010,VL005,VT005,VS002,VC001
4049,VA000,VA010,VL005,VT005,VS002,VC001
4054,VA000,VA010,VL005,VT005,VS002,VC001
4061,VA000,VA010,VL005,VT005,VS002,VC001
4064,VA000,VA010,VL005,VT005,VS002,VC001
4077,VA000,VA010,VL005,VT005,VS002,VC001
4082,VA000,VA010,VL005,VT005,VS002,VC001
4083,VA000,VA010,VL005,VT005,VS002,VC001
4093,VA000,VA010,VL005,VT005,VS002,VC001
4114,VA000,VA010,VL005,VT005,VS002,VC001
4120,VA000,VA010,VL005,VT005,VS002,VC001
4122,VA000,VA010,VL005,VT005,VS002,VC001
4132,VA000,VA010,VL005,VT005,VS002,VC001
4134,VA000,VA010,VL005,VT005,VS002,VC001
4135,VA000,VA010,VL005,VT005,VS002,VC001
4147,VA000,VA010,VL005,VT005,VS002,VC001
4149,VA000,VA010,VL005,VT005,VS002,VC001
4150,VA000,VA010,VL005,VT005,VS002,VC001
4151,VA000,VA010,VL005,VT005,VS002,VC001
4154,VA000,VA010,VL005,VT005,VS002,VC001
4156,VA000,VA010,VL005,VT005,VS002,VC001
4176,VA000,VA010,VL005,VT005,VS002,VC001
4177,VA000,VA010,VL005,VT005,VS002,VC001
4182,VA000,VA010,VL005,VT005,VS002,VC001
4184,VA000,VA010,VL005,VT005,VS002,VC001
4191,VA000,VA010,VL005,VT005,VS002,VC001
4208,VA000,VA010,VL005,VT005,VS002,VC001
4212,VA000,VA010,VL005,VT005,VS002,VC001
4224,VA000,VA010,VL005,VT005,VS002,VC001
4225,VA000,VA010,VL005,VT005,VS002,VC001
4227,VA000,VA010,VL005,VT005,VS002,VC001
4229,VA000,VA010,VL005,VT005,VS002,VC001
4231,VA000,VA010,VL005,VT005,VS002,VC001
4234,VA000,VA010,VL005,VT005,VS002,VC001
4245,VA000,VA010,VL005,VT005,VS002,VC001
4246,VA000,VA010,VL005,VT005,VS002,VC001
4255,VA000,VA010,VL005,VT005,VS002,VC001
4258,VA000,VA010,VL005,VT005,VS002,VC001
4267,VA000,VA010,VL005,VT005,VS002,VC001
4276,VA000,VA010,VL005,VT005,VS002,VC001
4278,VA000,VA010,VL005,VT005,VS002,VC001
4280,VA000,VA010,VL005,VT005,VS002,VC001
4283,VA000,VA010,VL005,VT005,VS002,VC001
4287,VA000,VA010,VL005,VT005,VS002,VC001
4291,VA000,VA010,VL005,VT005,VS002,VC001
4292,VA000,VA010,VL005,VT005,VS002,VC001
4295,VA000,VA010,VL005,VT005,VS002,VC001
4304,VA000,VA010,VL005,VT005,VS002,VC001
4316,VA000,VA010,VL005,VT005,VS002,VC001
4321,VA000,VA010,VL005,VT005,VS002,VC001
4322,VA000,VA010,VL005,VT005,VS002,VC001
4323,VA000,VA010,VL005,VT005,VS002,VC001
4330,VA000,VA010,VL005,VT005,VS002,VC001
4332,VA000,VA010,VL005,VT005,VS002,VC001
4334,VA000,VA010,VL005,VT005,VS002,VC001
4335,VA000,VA010,VL005,VT005,VS002,VC001
4339,VA000,VA010,VL005,VT005,VS002,VC001
4346,VA000,VA010,VL005,VT005,VS002,VC001
4347,VA000,VA010,VL005,VT005,VS002,VC001
4353,VA000,VA010,VL005,VT005,VS002,VC001
4356,VA000,VA010,VL005,VT005,VS002,VC001
4362,VA000,VA010,VL005,VT005,VS002,VC001
4366,VA000,VA010,VL005,VT005,VS002,VC001
4375,VA000,VA010,VL005,VT005,VS002,VC001
4376,VA000,VA010,VL005,VT005,VS002,VC001
4377,VA000,VA010,VL005,VT005,VS002,VC001
4379,VA000,VA010,VL005,VT005,VS002,VC001
4387,VA000,VA010,VL005,VT005,VS002,VC001
4389,VA000,VA010,VL005,VT005,VS002,VC001
4397,VA000,VA010,VL005,VT005,VS002,VC001
4402,VA000,VA010,VL005,VT005,VS002,VC001
4405,VA000,VA010,VL005,VT005,VS002,VC001
4410,VA000,VA010,VL005,VT005,VS002,VC001
4413,VA000,VA010,VL005,VT005,VS002,VC001
4414,VA000,VA010,VL005,VT005,VS002,VC001
4422,VA000,VA010,VL005,VT005,VS002,VC001
4423,VA000,VA010,VL005,VT005,VS002,VC001
4432,VA000,VA010,VL005,VT005,VS002,VC001
4434,VA000,VA010,VL005,VT005,VS002,VC001
4438,VA000,VA010,VL005,VT005,VS002,VC001
4441,VA000,VA010,VL005,VT005,VS002,VC001
4447,VA000,VA010,VL005,VT005,VS002,VC001
4460,VA000,VA010,VL005,VT005,VS002,VC001
4461,VA000,VA010,VL005,VT005,VS002,VC001
4464,VA000,VA010,VL005,VT005,VS002,VC001
4465,VA000,VA010,VL005,VT005,VS002,VC001
4467,VA000,VA010,VL005,VT005,VS002,VC001
4472,VA000,VA010,VL005,VT005,VS002,VC001
4475,VA000,VA010,VL005,VT005,VS002,VC001
4477,VA000,VA010,VL005,VT005,VS002,VC001
4478,VA000,VA010,VL005,VT005,VS002,VC001
4479,VA000,VA010,VL005,VT005,VS002,VC001
4494,VA000,VA010,VL005,VT005,VS002,VC001
4495,VA000,VA010,VL005,VT005,VS002,VC001
4511,VA000,VA010,VL005,VT005,VS002,VC001
4538,VA000,VA010,VL005,VT005,VS002,VC001
4539,VA000,VA010,VL005,VT005,VS002,VC001
4542,VA000,VA010,VL005,VT005,VS002,VC001
4543,VA000,VA010,VL005,VT005,VS002,VC001
4546,VA000,VA010,VL005,VT005,VS002,VC001
4561,VA000,VA010,VL005,VT005,VS002,VC001
4562,VA000,VA010,VL005,VT005,VS002,VC001
4563,VA000,VA010,VL005,VT005,VS002,VC001
4572,VA000,VA010,VL005,VT005,VS002,VC001
4574,VA000,VA010,VL005,VT005,VS002,VC001
4577,VA000,VA010,VL005,VT005,VS002,VC001
4580,VA000,VA010,VL005,VT005,VS002,VC001
4581,VA000,VA010,VL005,VT005,VS002,VC001
4582,VA000,VA010,VL005,VT005,VS002,VC001
4587,VA000,VA010,VL005,VT005,VS002,VC001
4588,VA000,VA010,VL005,VT005,VS002,VC001
4597,VA000,VA010,VL005,VT005,VS002,VC001
4604,VA000,VA010,VL005,VT005,VS002,VC001
4608,VA000,VA010,VL005,VT005,VS002,VC001
4611,VA000,VA010,VL005,VT005,VS002,VC001
4614,VA000,VA010,VL005,VT005,VS002,VC001
4620,VA000,VA010,VL005,VT005,VS002,VC001
4636,VA000,VA010,VL005,VT005,VS002,VC001
4637,VA000,VA010,VL005,VT005,VS002,VC001
4638,VA000,VA010,VL005,VT005,VS002,VC001
4646,VA000,VA010,VL005,VT005,VS002,VC001
4651,VA000,VA010,VL005,VT005,VS002,VC001
4653,VA000,VA010,VL005,VT005,VS002,VC001
4654,VA000,VA010,VL005,VT005,VS002,VC001
4657,VA000,VA010,VL005,VT005,VS002,VC001
4660,VA000,VA010,VL005,VT005,VS002,VC001
4665,VA000,VA010,VL005,VT005,VS002,VC001
4670,VA000,VA010,VL005,VT005,VS002,VC001
4677,VA000,VA010,VL005,VT005,VS002,VC001
4678,VA000,VA010,VL005,VT005,VS002,VC001
4680,VA000,VA010,VL005,VT005,VS002,VC001
4681,VA000,VA010,VL005,VT005,VS002,VC001
4685,VA000,VA010,VL005,VT005,VS002,VC001
4687,VA000,VA010,VL005,VT005,VS002,VC001
4695,VA000,VA010,VL005,VT005,VS002,VC001
4700,VA000,VA010,VL005,VT005,VS002,VC001
4702,VA000,VA010,VL005,VT005,VS002,VC001
4720,VA000,VA010,VL005,VT005,VS002,VC001
4722,VA000,VA010,VL005,VT005,VS002,VC001
4723,VA000,VA010,VL005,VT005,VS002,VC001
4731,VA000,VA010,VL005,VT005,VS002,VC001
4741,VA000,VA010,VL005,VT005,VS002,VC001
4750,VA000,VA010,VL005,VT005,VS002,VC001
4756,VA000,VA010,VL005,VT005,VS002,VC001
4760,VA000,VA010,VL005,VT005,VS002,VC001
4763,VA000,VA010,VL005,VT005,VS002,VC001
4773,VA000,VA010,VL005,VT005,VS002,VC001
4779,VA000,VA010,VL005,VT005,VS002,VC001
4794,VA000,VA010,VL005,VT005,VS002,VC001
4798,VA000,VA010,VL005,VT005,VS002,VC001
4814,VA000,VA010,VL005,VT005,VS002,VC001
4817,VA000,VA010,VL005,VT005,VS002,VC001
4825,VA000,VA010,VL005,VT005,VS002,VC001
4828,VA000,VA010,VL005,VT005,VS002,VC001
4844,VA000,VA010,VL005,VT005,VS002,VC001
4845,VA000,VA010,VL005,VT005,VS002,VC001
4846,VA000,VA010,VL005,VT005,VS002,VC001
4847,VA000,VA010,VL005,VT005,VS002,VC001
4848,VA000,VA010,VL005,VT005,VS002,VC001
4852,VA000,VA010,VL005,VT005,VS002,VC001
4857,VA000,VA010,VL005,VT005,VS002,VC001
4881,VA000,VA010,VL005,VT005,VS002,VC001
4886,VA000,VA010,VL005,VT005,VS002,VC001
4891,VA000,VA010,VL005,VT005,VS002,VC001
4900,VA000,VA010,VL005,VT005,VS002,VC001
4901,VA000,VA010,VL005,VT005,VS002,VC001
4904,VA000,VA010,VL005,VT005,VS002,VC001
4906,VA000,VA010,VL005,VT005,VS002,VC001
4913,VA000,VA010,VL005,VT005,VS002,VC001
4915,VA000,VA010,VL005,VT005,VS002,VC001
4922,VA000,VA010,VL005,VT005,VS002,VC001
4925,VA000,VA010,VL005,VT005,VS002,VC001
4932,VA000,VA010,VL005,VT005,VS002,VC001
4935,VA000,VA010,VL005,VT005,VS002,VC001
4936,VA000,VA010,VL005,VT005,VS002,VC001
4960,VA000,VA010,VL005,VT005,VS002,VC001
4962,VA000,VA010,VL005,VT005,VS002,VC001
4964,VA000,VA010,VL005,VT005,VS002,VC001
4971,VA000,VA010,VL005,VT005,VS002,VC001
4976,VA000,VA010,VL005,VT005,VS002,VC001
4982,VA000,VA010,VL005,VT005,VS002,VC001
4983,VA000,VA010,VL005,VT005,VS002,VC001
4984,VA000,VA010,VL005,VT005,VS002,VC001
4995,VA000,VA010,VL005,VT005,VS002,VC001
5005,VA000,VA010,VL005,VT005,VS002,VC001
5008,VA000,VA010,VL005,VT005,VS002,VC001
5014,VA000,VA010,VL005,VT005,VS002,VC001
5015,VA000,VA010,VL005,VT005,VS002,VC001
5019,VA000,VA010,VL005,VT005,VS002,VC001
5028,VA000,VA010,VL005,VT005,VS002,VC001
5031,VA000,VA010,VL005,VT005,VS002,VC001
5036,VA000,VA010,VL005,VT005,VS002,VC001
5037,VA000,VA010,VL005,VT005,VS002,VC001
5041,VA000,VA010,VL005,VT005,VS002,VC001
5050,VA000,VA010,VL005,VT005,VS002,VC001
5054,VA000,VA010,VL005,VT005,VS002,VC001
5060,VA000,VA010,VL005,VT005,VS002,VC001
5062,VA000,VA010,VL005,VT005,VS002,VC001
5067,VA000,VA010,VL005,VT005,VS002,VC001
5069,VA000,VA010,VL005,VT005,VS002,VC001
5071,VA000,VA010,VL005,VT005,VS002,VC001
5073,VA000,VA010,VL005,VT005,VS002,VC001
5078,VA000,VA010,VL005,VT005,VS002,VC001
5079,VA000,VA010,VL005,VT005,VS002,VC001
5082,VA000,VA010,VL005,VT005,VS002,VC001
5083,VA000,VA010,VL005,VT005,VS002,VC001
5096,VA000,VA010,VL005,VT005,VS002,VC001
5107,VA000,VA010,VL005,VT005,VS002,VC001
5111,VA000,VA010,VL005,VT005,VS002,VC001
5114,VA000,VA010,VL005,VT005,VS002,VC001
5119,VA000,VA010,VL005,VT005,VS002,VC001
5120,VA000,VA010,VL005,VT005,VS002,VC001
5122,VA000,VA010,VL005,VT005,VS002,VC001
5126,VA000,VA010,VL005,VT005,VS002,VC001
5135,VA000,VA010,VL005,VT005,VS002,VC001
5141,VA000,VA010,VL005,VT005,VS002,VC001
5146,VA000,VA010,VL005,VT005,VS002,VC001
5147,VA000,VA010,VL005,VT005,VS002,VC001
5148,VA000,VA010,VL005,VT005,VS002,VC001
5149,VA000,VA010,VL005,VT005,VS002,VC001
5153,VA000,VA010,VL005,VT005,VS002,VC001
5168,VA000,VA010,VL005,VT005,VS002,VC001
5185,VA000,VA010,VL005,VT005,VS002,VC001
5190,VA000,VA010,VL005,VT005,VS002,VC001
5193,VA000,VA010,VL005,VT005,VS002,VC001
5194,VA000,VA010,VL005,VT005,VS002,VC001
5199,VA000,VA010,VL005,VT005,VS002,VC001
5204,VA000,VA010,VL005,VT005,VS002,VC001
5206,VA000,VA010,VL005,VT005,VS002,VC001
5213,VA000,VA010,VL005,VT005,VS002,VC001
5214,VA000,VA010,VL005,VT005,VS002,VC001
5220,VA000,VA010,VL005,VT005,VS002,VC001
5223,VA000,VA010,VL005,VT005,VS002,VC001
5231,VA000,VA010,VL005,VT005,VS002,VC001
5246,VA000,VA010,VL005,VT005,VS002,VC001
5249,VA000,VA010,VL005,VT005,VS002,VC001
5256,VA000,VA010,VL005,VT005,VS002,VC001
5258,VA000,VA010,VL005,VT005,VS002,VC001
5259,VA000,VA010,VL005,VT005,VS002,VC001
5272,VA000,VA010,VL005,VT005,VS002,VC001
5273,VA000,VA010,VL005,VT005,VS002,VC001
5274,VA000,VA010,VL005,VT005,VS002,VC001
5277,VA000,VA010,VL005,VT005,VS002,VC001
5278,VA000,VA010,VL005,VT005,VS002,VC001
5279,VA000,VA010,VL005,VT005,VS002,VC001
5283,VA000,VA010,VL005,VT005,VS002,VC001
5288,VA000,VA010,VL005,VT005,VS002,VC001
5289,VA000,VA010,VL005,VT005,VS002,VC001
5294,VA000,VA010,VL005,VT005,VS002,VC001
5295,VA000,VA010,VL005,VT005,VS002,VC001
5297,VA000,VA010,VL005,VT005,VS002,VC001
5301,VA000,VA010,VL005,VT005,VS002,VC001
5303,VA000,VA010,VL005,VT005,VS002,VC001
5305,VA000,VA010,VL005,VT005,VS002,VC001
5310,VA000,VA010,VL005,VT005,VS002,VC001
5314,VA000,VA010,VL005,VT005,VS002,VC001
5327,VA000,VA010,VL005,VT005,VS002,VC001
5328,VA000,VA010,VL005,VT005,VS002,VC001
5334,VA000,VA010,VL005,VT005,VS002,VC001
5336,VA000,VA010,VL005,VT005,VS002,VC001
5337,VA000,VA010,VL005,VT005,VS002,VC001
5340,VA000,VA010,VL005,VT005,VS002,VC001
5342,VA000,VA010,VL005,VT005,VS002,VC001
5345,VA000,VA010,VL005,VT005,VS002,VC001
5349,VA000,VA010,VL005,VT005,VS002,VC001
5350,VA000,VA010,VL005,VT005,VS002,VC001
5357,VA000,VA010,VL005,VT005,VS002,VC001
5358,VA000,VA010,VL005,VT005,VS002,VC001
5361,VA000,VA010,VL005,VT005,VS002,VC001
5367,VA000,VA010,VL005,VT005,VS002,VC001
5382,VA000,VA010,VL005,VT005,VS002,VC001
5383,VA000,VA010,VL005,VT005,VS002,VC001
5390,VA000,VA010,VL005,VT005,VS002,VC001
5391,VA000,VA010,VL005,VT005,VS002,VC001
5399,VA000,VA010,VL005,VT005,VS002,VC001
5400,VA000,VA010,VL005,VT005,VS002,VC001
5418,VA000,VA010,VL005,VT005,VS002,VC001
5419,VA000,VA010,VL005,VT005,VS002,VC001
5423,VA000,VA010,VL005,VT005,VS002,VC001
5430,VA000,VA010,VL005,VT005,VS002,VC001
5431,VA000,VA010,VL005,VT005,VS002,VC001
5432,VA000,VA010,VL005,VT005,VS002,VC001
5436,VA000,VA010,VL005,VT005,VS002,VC001
5454,VA000,VA010,VL005,VT005,VS002,VC001
5474,VA000,VA010,VL005,VT005,VS002,VC001
5478,VA000,VA010,VL005,VT005,VS002,VC001
5481,VA000,VA010,VL005,VT005,VS002,VC001
5483,VA000,VA010,VL005,VT005,VS002,VC001
5484,VA000,VA010,VL005,VT005,VS002,VC001
5489,VA000,VA010,VL005,VT005,VS002,VC001
5494,VA000,VA010,VL005,VT005,VS002,VC001
5501,VA000,VA010,VL005,VT005,VS002,VC001
5510,VA000,VA010,VL005,VT005,VS002,VC001
5512,VA000,VA010,VL005,VT005,VS002,VC001
5513,VA000,VA010,VL005,VT005,VS002,VC001
5514,VA000,VA010,VL005,VT005,VS002,VC001
5522,VA000,VA010,VL005,VT005,VS002,VC001
5526,VA000,VA010,VL005,VT005,VS002,VC001
5535,VA000,VA010,VL005,VT005,VS002,VC001
5540,VA000,VA010,VL005,VT005,VS002,VC001
5545,VA000,VA010,VL005,VT005,VS002,VC001
5549,VA000,VA010,VL005,VT005,VS002,VC001
5550,VA000,VA010,VL005,VT005,VS002,VC001
5551,VA000,VA010,VL005,VT005,VS002,VC001
5556,VA000,VA010,VL005,VT005,VS002,VC001
5557,VA000,VA010,VL005,VT005,VS002,VC001
5560,VA000,VA010,VL005,VT005,VS002,VC001
5562,VA000,VA010,VL005,VT005,VS002,VC001
5565,VA000,VA010,VL005,VT005,VS002,VC001
5570,VA000,VA010,VL005,VT005,VS002,VC001
5590,VA000,VA010,VL005,VT005,VS002,VC001
5592,VA000,VA010,VL005,VT005,VS002,VC001
5594,VA000,VA010,VL005,VT005,VS002,VC001
5600,VA000,VA010,VL005,VT005,VS002,VC001
5614,VA000,VA010,VL005,VT005,VS002,VC001
5619,VA000,VA010,VL005,VT005,VS002,VC001
5621,VA000,VA010,VL005,VT005,VS002,VC001
5624,VA000,VA010,VL005,VT005,VS002,VC001
5630,VA000,VA010,VL005,VT005,VS002,VC001
5638,VA000,VA010,VL005,VT005,VS002,VC001
5642,VA000,VA010,VL005,VT005,VS002,VC001
5649,VA000,VA010,VL005,VT005,VS002,VC001
5651,VA000,VA010,VL005,VT005,VS002,VC001
5654,VA000,VA010,VL005,VT005,VS002,VC001
5659,VA000,VA010,VL005,VT005,VS002,VC001
5663,VA000,VA010,VL005,VT005,VS002,VC001
5666,VA000,VA010,VL005,VT005,VS002,VC001
5667,VA000,VA010,VL005,VT005,VS002,VC001
5668,VA000,VA010,VL005,VT005,VS002,VC001
5669,VA000,VA010,VL005,VT005,VS002,VC001
5671,VA000,VA010,VL005,VT005,VS002,VC001
5676,VA000,VA010,VL005,VT005,VS002,VC001
5678,VA000,VA010,VL005,VT005,VS002,VC001
5680,VA000,VA010,VL005,VT005,VS002,VC001
5689,VA000,VA010,VL005,VT005,VS002,VC001
5704,VA000,VA010,VL005,VT005,VS002,VC001
5716,VA000,VA010,VL005,VT005,VS002,VC001
5728,VA000,VA010,VL005,VT005,VS002,VC001
5744,VA000,VA010,VL005,VT005,VS002,VC001
5745,VA000,VA010,VL005,VT005,VS002,VC001
5746,VA000,VA010,VL005,VT005,VS002,VC001
5750,VA000,VA010,VL005,VT005,VS002,VC001
5753,VA000,VA010,VL005,VT005,VS002,VC001
5763,VA000,VA010,VL005,VT005,VS002,VC001
5768,VA000,VA010,VL005,VT005,VS002,VC001
5784,VA000,VA010,VL005,VT005,VS002,VC001
5786,VA000,VA010,VL005,VT005,VS002,VC001
5791,VA000,VA010,VL005,VT005,VS002,VC001
5793,VA000,VA010,VL005,VT005,VS002,VC001
5794,VA000,VA010,VL005,VT005,VS002,VC001
5825,VA000,VA010,VL005,VT005,VS002,VC001
5827,VA000,VA010,VL005,VT005,VS002,VC001
5832,VA000,VA010,VL005,VT005,VS002,VC001
5835,VA000,VA010,VL005,VT005,VS002,VC001
5840,VA000,VA010,VL005,VT005,VS002,VC001
5843,VA000,VA010,VL005,VT005,VS002,VC001
5846,VA000,VA010,VL005,VT005,VS002,VC001
5854,VA000,VA010,VL005,VT005,VS002,VC001
5861,VA000,VA010,VL005,VT005,VS002,VC001
5862,VA000,VA010,VL005,VT005,VS002,VC001
5863,VA000,VA010,VL005,VT005,VS002,VC001
5864,VA000,VA010,VL005,VT005,VS002,VC001
5865,VA000,VA010,VL005,VT005,VS002,VC001
5866,VA000,VA010,VL005,VT005,VS002,VC001
5871,VA000,VA010,VL005,VT005,VS002,VC001
5878,VA000,VA010,VL005,VT005,VS002,VC001
5879,VA000,VA010,VL005,VT005,VS002,VC001
5880,VA000,VA010,VL005,VT005,VS002,VC001
5888,VA000,VA010,VL005,VT005,VS002,VC001
5891,VA000,VA010,VL005,VT005,VS002,VC001
5893,VA000,VA010,VL005,VT005,VS002,VC001
5895,VA000,VA010,VL005,VT005,VS002,VC001
5896,VA000,VA010,VL005,VT005,VS002,VC001
5898,VA000,VA010,VL005,VT005,VS002,VC001
5902,VA000,VA010,VL005,VT005,VS002,VC001
5924,VA000,VA010,VL005,VT005,VS002,VC001
5927,VA000,VA010,VL005,VT005,VS002,VC001
5928,VA000,VA010,VL005,VT005,VS002,VC001
5936,VA000,VA010,VL005,VT005,VS002,VC001
5938,VA000,VA010,VL005,VT005,VS002,VC001
5940,VA000,VA010,VL005,VT005,VS002,VC001
5944,VA000,VA010,VL005,VT005,VS002,VC001
5945,VA000,VA010,VL005,VT005,VS002,VC001
5946,VA000,VA010,VL005,VT005,VS002,VC001
5958,VA000,VA010,VL005,VT005,VS002,VC001
5959,VA000,VA010,VL005,VT005,VS002,VC001
5962,VA000,VA010,VL005,VT005,VS002,VC001
5963,VA000,VA010,VL005,VT005,VS002,VC001
5965,VA000,VA010,VL005,VT005,VS002,VC001
5967,VA000,VA010,VL005,VT005,VS002,VC001
5970,VA000,VA010,VL005,VT005,VS002,VC001
5974,VA000,VA010,VL005,VT005,VS002,VC001
5977,VA000,VA010,VL005,VT005,VS002,VC001
5978,VA000,VA010,VL005,VT005,VS002,VC001
5980,VA000,VA010,VL005,VT005,VS002,VC001
5991,VA000,VA010,VL005,VT005,VS002,VC001
5992,VA000,VA010,VL005,VT005,VS002,VC001
5994,VA000,VA010,VL005,VT005,VS002,VC001
5996,VA000,VA010,VL005,VT005,VS002,VC001
5999,VA000,VA010,VL005,VT005,VS002,VC001
6000,VA000,VA010,VL005,VT005,VS002,VC001
6002,VA000,VA010,VL005,VT005,VS002,VC001
6007,VA000,VA010,VL005,VT005,VS002,VC001
6010,VA000,VA010,VL005,VT005,VS002,VC001
6016,VA000,VA010,VL005,VT005,VS002,VC001
6036,VA000,VA010,VL005,VT005,VS002,VC001
6040,VA000,VA010,VL005,VT005,VS002,VC001
6043,VA000,VA010,VL005,VT005,VS002,VC001
6050,VA000,VA010,VL005,VT005,VS002,VC001
6051,VA000,VA010,VL005,VT005,VS002,VC001
6058,VA000,VA010,VL005,VT005,VS002,VC001
6065,VA000,VA010,VL005,VT005,VS002,VC001
6075,VA000,VA010,VL005,VT005,VS002,VC001
6080,VA000,VA010,VL005,VT005,VS002,VC001
6085,VA000,VA010,VL005,VT005,VS002,VC001
6086,VA000,VA010,VL005,VT005,VS002,VC001
6088,VA000,VA010,VL005,VT005,VS002,VC001
6092,VA000,VA010,VL005,VT005,VS002,VC001
6100,VA000,VA010,VL005,VT005,VS002,VC001
6106,VA000,VA010,VL005,VT005,VS002,VC001
6107,VA000,VA010,VL005,VT005,VS002,VC001
6110,VA000,VA010,VL005,VT005,VS002,VC001
6124,VA000,VA010,VL005,VT005,VS002,VC001
6139,VA000,VA010,VL005,VT005,VS002,VC001
6162,VA000,VA010,VL005,VT005,VS002,VC001
6163,VA000,VA010,VL005,VT005,VS002,VC001
6171,VA000,VA010,VL005,VT005,VS002,VC001
6172,VA000,VA010,VL005,VT005,VS002,VC001
6173,VA000,VA010,VL005,VT005,VS002,VC001
6174,VA000,VA010,VL005,VT005,VS002,VC001
6180,VA000,VA010,VL005,VT005,VS002,VC001
6181,VA000,VA010,VL005,VT005,VS002,VC001
6187,VA000,VA010,VL005,VT005,VS002,VC001
6200,VA000,VA010,VL005,VT005,VS002,VC001
6208,VA000,VA010,VL005,VT005,VS002,VC001
6209,VA000,VA010,VL005,VT005,VS002,VC001
6214,VA000,VA010,VL005,VT005,VS002,VC001
6215,VA000,VA010,VL005,VT005,VS002,VC001
6216,VA000,VA010,VL005,VT005,VS002,VC001
6220,VA000,VA010,VL005,VT005,VS002,VC001
6221,VA000,VA010,VL005,VT005,VS002,VC001
6226,VA000,VA010,VL005,VT005,VS002,VC001
6227,VA000,VA010,VL005,VT005,VS002,VC001
6229,VA000,VA010,VL005,VT005,VS002,VC001
6235,VA000,VA010,VL005,VT005,VS002,VC001
6251,VA000,VA010,VL005,VT005,VS002,VC001
6252,VA000,VA010,VL005,VT005,VS002,VC001
6255,VA000,VA010,VL005,VT005,VS002,VC001
6260,VA000,VA010,VL005,VT005,VS002,VC001
6265,VA000,VA010,VL005,VT005,VS002,VC001
6266,VA000,VA010,VL005,VT005,VS002,VC001
6269,VA000,VA010,VL005,VT005,VS002,VC001
6275,VA000,VA010,VL005,VT005,VS002,VC001
6282,VA000,VA010,VL005,VT005,VS002,VC001
6288,VA000,VA010,VL005,VT005,VS002,VC001
6293,VA000,VA010,VL005,VT005,VS002,VC001
6295,VA000,VA010,VL005,VT005,VS002,VC001
6302,VA000,VA010,VL005,VT005,VS002,VC001
6307,VA000,VA010,VL005,VT005,VS002,VC001
6322,VA000,VA010,VL005,VT005,VS002,VC001
6325,VA000,VA010,VL005,VT005,VS002,VC001
6328,VA000,VA010,VL005,VT005,VS002,VC001
6333,VA000,VA010,VL005,VT005,VS002,VC001
6338,VA000,VA010,VL005,VT005,VS002,VC001
6350,VA000,VA010,VL005,VT005,VS002,VC001
6361,VA000,VA010,VL005,VT005,VS002,VC001
6365,VA000,VA010,VL005,VT005,VS002,VC001
6370,VA000,VA010,VL005,VT005,VS002,VC001
6376,VA000,VA010,VL005,VT005,VS002,VC001
6377,VA000,VA010,VL005,VT005,VS002,VC001
6395,VA000,VA010,VL005,VT005,VS002,VC001
6397,VA000,VA010,VL005,VT005,VS002,VC001
6398,VA000,VA010,VL005,VT005,VS002,VC001
6400,VA000,VA010,VL005,VT005,VS002,VC001
6402,VA000,VA010,VL005,VT005,VS002,VC001
6409,VA000,VA010,VL005,VT005,VS002,VC001
6415,VA000,VA010,VL005,VT005,VS002,VC001
6433,VA000,VA010,VL005,VT005,VS002,VC001
6435,VA000,VA010,VL005,VT005,VS002,VC001
6441,VA000,VA010,VL005,VT005,VS002,VC001
6445,VA000,VA010,VL005,VT005,VS002,VC001
6448,VA000,VA010,VL005,VT005,VS002,VC001
6451,VA000,VA010,VL005,VT005,VS002,VC001
6459,VA000,VA010,VL005,VT005,VS002,VC001
6467,VA000,VA010,VL005,VT005,VS002,VC001
6477,VA000,VA010,VL005,VT005,VS002,VC001
6484,VA000,VA010,VL005,VT005,VS002,VC001
6485,VA000,VA010,VL005,VT005,VS002,VC001
6486,VA000,VA010,VL005,VT005,VS002,VC001
6496,VA000,VA010,VL005,VT005,VS002,VC001
6501,VA000,VA010,VL005,VT005,VS002,VC001
6506,VA000,VA010,VL005,VT005,VS002,VC001
6513,VA000,VA010,VL005,VT005,VS002,VC001
6523,VA000,VA010,VL005,VT005,VS002,VC001
6524,VA000,VA010,VL005,VT005,VS002,VC001
6525,VA000,VA010,VL005,VT005,VS002,VC001
6527,VA000,VA010,VL005,VT005,VS002,VC001
6528,VA000,VA010,VL005,VT005,VS002,VC001
6532,VA000,VA010,VL005,VT005,VS002,VC001
6538,VA000,VA010,VL005,VT005,VS002,VC001
6543,VA000,VA010,VL005,VT005,VS002,VC001
6545,VA000,VA010,VL005,VT005,VS002,VC001
6548,VA000,VA010,VL005,VT005,VS002,VC001
6552,VA000,VA010,VL005,VT005,VS002,VC001
6553,VA000,VA010,VL005,VT005,VS002,VC001
6560,VA000,VA010,VL005,VT005,VS002,VC001
6563,VA000,VA010,VL005,VT005,VS002,VC001
6564,VA000,VA010,VL005,VT005,VS002,VC001
6565,VA000,VA010,VL005,VT005,VS002,VC001
6566,VA000,VA010,VL005,VT005,VS002,VC001
6569,VA000,VA010,VL005,VT005,VS002,VC001
6570,VA000,VA010,VL005,VT005,VS002,VC001
6571,VA000,VA010,VL005,VT005,VS002,VC001
6572,VA000,VA010,VL005,VT005,VS002,VC001
6577,VA000,VA010,VL005,VT005,VS002,VC001
6586,VA000,VA010,VL005,VT005,VS002,VC001
6592,VA000,VA010,VL005,VT005,VS002,VC001
6611,VA000,VA010,VL005,VT005,VS002,VC001
6613,VA000,VA010,VL005,VT005,VS002,VC001
6617,VA000,VA010,VL005,VT005,VS002,VC001
6622,VA000,VA010,VL005,VT005,VS002,VC001
6632,VA000,VA010,VL005,VT005,VS002,VC001
6633,VA000,VA010,VL005,VT005,VS002,VC001
6641,VA000,VA010,VL005,VT005,VS002,VC001
6645,VA000,VA010,VL005,VT005,VS002,VC001
6646,VA000,VA010,VL005,VT005,VS002,VC001
6669,VA000,VA010,VL005,VT005,VS002,VC001
6670,VA000,VA010,VL005,VT005,VS002,VC001
6674,VA000,VA010,VL005,VT005,VS002,VC001
6693,VA000,VA010,VL005,VT005,VS002,VC001
6704,VA000,VA010,VL005,VT005,VS002,VC001
6709,VA000,VA010,VL005,VT005,VS002,VC001
6714,VA000,VA010,VL005,VT005,VS002,VC001
6715,VA000,VA010,VL005,VT005,VS002,VC001
6718,VA000,VA010,VL005,VT005,VS002,VC001
6721,VA000,VA010,VL005,VT005,VS002,VC001
6728,VA000,VA010,VL005,VT005,VS002,VC001
6736,VA000,VA010,VL005,VT005,VS002,VC001
6737,VA000,VA010,VL005,VT005,VS002,VC001
6743,VA000,VA010,VL005,VT005,VS002,VC001
6753,VA000,VA010,VL005,VT005,VS002,VC001
6755,VA000,VA010,VL005,VT005,VS002,VC001
6759,VA000,VA010,VL005,VT005,VS002,VC001
6768,VA000,VA010,VL005,VT005,VS002,VC001
6772,VA000,VA010,VL005,VT005,VS002,VC001
6779,VA000,VA010,VL005,VT005,VS002,VC001
6784,VA000,VA010,VL005,VT005,VS002,VC001
6786,VA000,VA010,VL005,VT005,VS002,VC001
6790,VA000,VA010,VL005,VT005,VS002,VC001
6791,VA000,VA010,VL005,VT005,VS002,VC001
6792,VA000,VA010,VL005,VT005,VS002,VC001
6804,VA000,VA010,VL005,VT005,VS002,VC001
6807,VA000,VA010,VL005,VT005,VS002,VC001
6814,VA000,VA010,VL005,VT005,VS002,VC001
6816,VA000,VA010,VL005,VT005,VS002,VC001
6817,VA000,VA010,VL005,VT005,VS002,VC001
6818,VA000,VA010,VL005,VT005,VS002,VC001
6821,VA000,VA010,VL005,VT005,VS002,VC001
6822,VA000,VA010,VL005,VT005,VS002,VC001
6824,VA000,VA010,VL005,VT005,VS002,VC001
6825,VA000,VA010,VL005,VT005,VS002,VC001
6832,VA000,VA010,VL005,VT005,VS002,VC001
6856,VA000,VA010,VL005,VT005,VS002,VC001
6863,VA000,VA010,VL005,VT005,VS002,VC001
6866,VA000,VA010,VL005,VT005,VS002,VC001
6869,VA000,VA010,VL005,VT005,VS002,VC001
6870,VA000,VA010,VL005,VT005,VS002,VC001
6872,VA000,VA010,VL005,VT005,VS002,VC001
6873,VA000,VA010,VL005,VT005,VS002,VC001
6874,VA000,VA010,VL005,VT005,VS002,VC001
6879,VA000,VA010,VL005,VT005,VS002,VC001
6891,VA000,VA010,VL005,VT005,VS002,VC001
6896,VA000,VA010,VL005,VT005,VS002,VC001
6898,VA000,VA010,VL005,VT005,VS002,VC001
6906,VA000,VA010,VL005,VT005,VS002,VC001
6912,VA000,VA010,VL005,VT005,VS002,VC001
6919,VA000,VA010,VL005,VT005,VS002,VC001
6920,VA000,VA010,VL005,VT005,VS002,VC001
6926,VA000,VA010,VL005,VT005,VS002,VC001
6931,VA000,VA010,VL005,VT005,VS002,VC001
6935,VA000,VA010,VL005,VT005,VS002,VC001
6946,VA000,VA010,VL005,VT005,VS002,VC001
6950,VA000,VA010,VL005,VT005,VS002,VC001
6955,VA000,VA010,VL005,VT005,VS002,VC001
6961,VA000,VA010,VL005,VT005,VS002,VC001
6968,VA000,VA010,VL005,VT005,VS002,VC001
6977,VA000,VA010,VL005,VT005,VS002,VC001
6984,VA000,VA010,VL005,VT005,VS002,VC001
6988,VA000,VA010,VL005,VT005,VS002,VC001
6990,VA000,VA010,VL005,VT005,VS002,VC001
6992,VA000,VA010,VL005,VT005,VS002,VC001
6994,VA000,VA010,VL005,VT005,VS002,VC001
6995,VA000,VA010,VL005,VT005,VS002,VC001
6996,VA000,VA010,VL005,VT005,VS002,VC001
7004,VA000,VA010,VL005,VT005,VS002,VC001
7006,VA000,VA010,VL005,VT005,VS002,VC001
7012,VA000,VA010,VL005,VT005,VS002,VC001
7013,VA000,VA010,VL005,VT005,VS002,VC001
7016,VA000,VA010,VL005,VT005,VS002,VC001
7017,VA000,VA010,VL005,VT005,VS002,VC001
7027,VA000,VA010,VL005,VT005,VS002,VC001
7036,VA000,VA010,VL005,VT005,VS002,VC001
7041,VA000,VA010,VL005,VT005,VS002,VC001
7044,VA000,VA010,VL005,VT005,VS002,VC001
7048,VA000,VA010,VL005,VT005,VS002,VC001
7059,VA000,VA010,VL005,VT005,VS002,VC001
7067,VA000,VA010,VL005,VT005,VS002,VC001
7069,VA000,VA010,VL005,VT005,VS002,VC001
7070,VA000,VA010,VL005,VT005,VS002,VC001
7074,VA000,VA010,VL005,VT005,VS002,VC001
7079,VA000,VA010,VL005,VT005,VS002,VC001
7087,VA000,VA010,VL005,VT005,VS002,VC001
7103,VA000,VA010,VL005,VT005,VS002,VC001
7110,VA000,VA010,VL005,VT005,VS002,VC001
7111,VA000,VA010,VL005,VT005,VS002,VC001
7112,VA000,VA010,VL005,VT005,VS002,VC001
7115,VA000,VA010,VL005,VT005,VS002,VC001
7120,VA000,VA010,VL005,VT005,VS002,VC001
7131,VA000,VA010,VL005,VT005,VS002,VC001
7132,VA000,VA010,VL005,VT005,VS002,VC001
7146,VA000,VA010,VL005,VT005,VS002,VC001
7149,VA000,VA010,VL005,VT005,VS002,VC001
7160,VA000,VA010,VL005,VT005,VS002,VC001
7165,VA000,VA010,VL005,VT005,VS002,VC001
7166,VA000,VA010,VL005,VT005,VS002,VC001
7167,VA000,VA010,VL005,VT005,VS002,VC001
7169,VA000,VA010,VL005,VT005,VS002,VC001
7181,VA000,VA010,VL005,VT005,VS002,VC001
7184,VA000,VA010,VL005,VT005,VS002,VC001
7190,VA000,VA010,VL005,VT005,VS002,VC001
7193,VA000,VA010,VL005,VT005,VS002,VC001
7195,VA000,VA010,VL005,VT005,VS002,VC001
7198,VA000,VA010,VL005,VT005,VS002,VC001
7200,VA000,VA010,VL005,VT005,VS002,VC001
7203,VA000,VA010,VL005,VT005,VS002,VC001
7206,VA000,VA010,VL005,VT005,VS002,VC001
7211,VA000,VA010,VL005,VT005,VS002,VC001
7215,VA000,VA010,VL005,VT005,VS002,VC001
7219,VA000,VA010,VL005,VT005,VS002,VC001
7226,VA000,VA010,VL005,VT005,VS002,VC001
7228,VA000,VA010,VL005,VT005,VS002,VC001
7232,VA000,VA010,VL005,VT005,VS002,VC001
7237,VA000,VA010,VL005,VT005,VS002,VC001
7244,VA000,VA010,VL005,VT005,VS002,VC001
7245,VA000,VA010,VL005,VT005,VS002,VC001
7264,VA000,VA010,VL005,VT005,VS002,VC001
7266,VA000,VA010,VL005,VT005,VS002,VC001
7268,VA000,VA010,VL005,VT005,VS002,VC001
7274,VA000,VA010,VL005,VT005,VS002,VC001
7276,VA000,VA010,VL005,VT005,VS002,VC001
7277,VA000,VA010,VL005,VT005,VS002,VC001
7279,VA000,VA010,VL005,VT005,VS002,VC001
7281,VA000,VA010,VL005,VT005,VS002,VC001
7305,VA000,VA010,VL005,VT005,VS002,VC001
7310,VA000,VA010,VL005,VT005,VS002,VC001
7313,VA000,VA010,VL005,VT005,VS002,VC001
7316,VA000,VA010,VL005,VT005,VS002,VC001
7318,VA000,VA010,VL005,VT005,VS002,VC001
7326,VA000,VA010,VL005,VT005,VS002,VC001
7330,VA000,VA010,VL005,VT005,VS002,VC001
7338,VA000,VA010,VL005,VT005,VS002,VC001
7349,VA000,VA010,VL005,VT005,VS002,VC001
7350,VA000,VA010,VL005,VT005,VS002,VC001
7351,VA000,VA010,VL005,VT005,VS002,VC001
7356,VA000,VA010,VL005,VT005,VS002,VC001
7363,VA000,VA010,VL005,VT005,VS002,VC001
7368,VA000,VA010,VL005,VT005,VS002,VC001
7369,VA000,VA010,VL005,VT005,VS002,VC001
7371,VA000,VA010,VL005,VT005,VS002,VC001
7372,VA000,VA010,VL005,VT005,VS002,VC001
7382,VA000,VA010,VL005,VT005,VS002,VC001
7386,VA000,VA010,VL005,VT005,VS002,VC001
7390,VA000,VA010,VL005,VT005,VS002,VC001
7392,VA000,VA010,VL005,VT005,VS002,VC001
7397,VA000,VA010,VL005,VT005,VS002,VC001
7399,VA000,VA010,VL005,VT005,VS002,VC001
7407,VA000,VA010,VL005,VT005,VS002,VC001
7408,VA000,VA010,VL005,VT005,VS002,VC001
7409,VA000,VA010,VL005,VT005,VS002,VC001
7417,VA000,VA010,VL005,VT005,VS002,VC001
7418,VA000,VA010,VL005,VT005,VS002,VC001
7420,VA000,VA010,VL005,VT005,VS002,VC001
7427,VA000,VA010,VL005,VT005,VS002,VC001
7431,VA000,VA010,VL005,VT005,VS002,VC001
7434,VA000,VA010,VL005,VT005,VS002,VC001
7436,VA000,VA010,VL005,VT005,VS002,VC001
7438,VA000,VA010,VL005,VT005,VS002,VC001
7453,VA000,VA010,VL005,VT005,VS002,VC001
7458,VA000,VA010,VL005,VT005,VS002,VC001
7469,VA000,VA010,VL005,VT005,VS002,VC001
7470,VA000,VA010,VL005,VT005,VS002,VC001
7475,VA000,VA010,VL005,VT005,VS002,VC001
7482,VA000,VA010,VL005,VT005,VS002,VC001
7483,VA000,VA010,VL005,VT005,VS002,VC001
7491,VA000,VA010,VL005,VT005,VS002,VC001
7496,VA000,VA010,VL005,VT005,VS002,VC001
7511,VA000,VA010,VL005,VT005,VS002,VC001
7517,VA000,VA010,VL005,VT005,VS002,VC001
7520,VA000,VA010,VL005,VT005,VS002,VC001
7522,VA000,VA010,VL005,VT005,VS002,VC001
7525,VA000,VA010,VL005,VT005,VS002,VC001
7528,VA000,VA010,VL005,VT005,VS002,VC001
7531,VA000,VA010,VL005,VT005,VS002,VC001
7534,VA000,VA010,VL005,VT005,VS002,VC001
7536,VA000,VA010,VL005,VT005,VS002,VC001
7540,VA000,VA010,VL005,VT005,VS002,VC001
7545,VA000,VA010,VL005,VT005,VS002,VC001
7548,VA000,VA010,VL005,VT005,VS002,VC001
7562,VA000,VA010,VL005,VT005,VS002,VC001
7564,VA000,VA010,VL005,VT005,VS002,VC001
7574,VA000,VA010,VL005,VT005,VS002,VC001
7581,VA000,VA010,VL005,VT005,VS002,VC001
7583,VA000,VA010,VL005,VT005,VS002,VC001
7589,VA000,VA010,VL005,VT005,VS002,VC001
7593,VA000,VA010,VL005,VT005,VS002,VC001
7595,VA000,VA010,VL005,VT005,VS002,VC001
7601,VA000,VA010,VL005,VT005,VS002,VC001
7605,VA000,VA010,VL005,VT005,VS002,VC001
7607,VA000,VA010,VL005,VT005,VS002,VC001
7609,VA000,VA010,VL005,VT005,VS002,VC001
7616,VA000,VA010,VL005,VT005,VS002,VC001
7619,VA000,VA010,VL005,VT005,VS002,VC001
7628,VA000,VA010,VL005,VT005,VS002,VC001
7637,VA000,VA010,VL005,VT005,VS002,VC001
7648,VA000,VA010,VL005,VT005,VS002,VC001
7649,VA000,VA010,VL005,VT005,VS002,VC001
7662,VA000,VA010,VL005,VT005,VS002,VC001
7663,VA000,VA010,VL005,VT005,VS002,VC001
7666,VA000,VA010,VL005,VT005,VS002,VC001
7668,VA000,VA010,VL005,VT005,VS002,VC001
7669,VA000,VA010,VL005,VT005,VS002,VC001
7676,VA000,VA010,VL005,VT005,VS002,VC001
7682,VA000,VA010,VL005,VT005,VS002,VC001
7687,VA000,VA010,VL005,VT005,VS002,VC001
7689,VA000,VA010,VL005,VT005,VS002,VC001
7691,VA000,VA010,VL005,VT005,VS002,VC001
7693,VA000,VA010,VL005,VT005,VS002,VC001
7699,VA000,VA010,VL005,VT005,VS002,VC001
7705,VA000,VA010,VL005,VT005,VS002,VC001
7709,VA000,VA010,VL005,VT005,VS002,VC001
7711,VA000,VA010,VL005,VT005,VS002,VC001
7720,VA000,VA010,VL005,VT005,VS002,VC001
7727,VA000,VA010,VL005,VT005,VS002,VC001
7729,VA000,VA010,VL005,VT005,VS002,VC001
7730,VA000,VA010,VL005,VT005,VS002,VC001
7740,VA000,VA010,VL005,VT005,VS002,VC001
7751,VA000,VA010,VL005,VT005,VS002,VC001
7756,VA000,VA010,VL005,VT005,VS002,VC001
7760,VA000,VA010,VL005,VT005,VS002,VC001
7771,VA000,VA010,VL005,VT005,VS002,VC001
7773,VA000,VA010,VL005,VT005,VS002,VC001
7779,VA000,VA010,VL005,VT005,VS002,VC001
7799,VA000,VA010,VL005,VT005,VS002,VC001
7801,VA000,VA010,VL005,VT005,VS002,VC001
7803,VA000,VA010,VL005,VT005,VS002,VC001
7806,VA000,VA010,VL005,VT005,VS002,VC001
7826,VA000,VA010,VL005,VT005,VS002,VC001
7838,VA000,VA010,VL005,VT005,VS002,VC001
7841,VA000,VA010,VL005,VT005,VS002,VC001
7842,VA000,VA010,VL005,VT005,VS002,VC001
7844,VA000,VA010,VL005,VT005,VS002,VC001
7846,VA000,VA010,VL005,VT005,VS002,VC001
7848,VA000,VA010,VL005,VT005,VS002,VC001
7853,VA000,VA010,VL005,VT005,VS002,VC001
7856,VA000,VA010,VL005,VT005,VS002,VC001
7866,VA000,VA010,VL005,VT005,VS002,VC001
7871,VA000,VA010,VL005,VT005,VS002,VC001
7873,VA000,VA010,VL005,VT005,VS002,VC001
7876,VA000,VA010,VL005,VT005,VS002,VC001
7877,VA000,VA010,VL005,VT005,VS002,VC001
7883,VA000,VA010,VL005,VT005,VS002,VC001
7888,VA000,VA010,VL005,VT005,VS002,VC001
7897,VA000,VA010,VL005,VT005,VS002,VC001
7903,VA000,VA010,VL005,VT005,VS002,VC001
7908,VA000,VA010,VL005,VT005,VS002,VC001
7914,VA000,VA010,VL005,VT005,VS002,VC001
7916,VA000,VA010,VL005,VT005,VS002,VC001
7917,VA000,VA010,VL005,VT005,VS002,VC001
7921,VA000,VA010,VL005,VT005,VS002,VC001
7927,VA000,VA010,VL005,VT005,VS002,VC001
7928,VA000,VA010,VL005,VT005,VS002,VC001
7940,VA000,VA010,VL005,VT005,VS002,VC001
7948,VA000,VA010,VL005,VT005,VS002,VC001
7951,VA000,VA010,VL005,VT005,VS002,VC001
7952,VA000,VA010,VL005,VT005,VS002,VC001
7957,VA000,VA010,VL005,VT005,VS002,VC001
7965,VA000,VA010,VL005,VT005,VS002,VC001
7966,VA000,VA010,VL005,VT005,VS002,VC001
7970,VA000,VA010,VL005,VT005,VS002,VC001
7972,VA000,VA010,VL005,VT005,VS002,VC001
7987,VA000,VA010,VL005,VT005,VS002,VC001
7991,VA000,VA010,VL005,VT005,VS002,VC001
7994,VA000,VA010,VL005,VT005,VS002,VC001
7995,VA000,VA010,VL005,VT005,VS002,VC001
