source_id,e_04,e_07,e_09,e_03,e_01,e_06,e_00,e_05,e_02,e_10,e_08,source_group
0,0.5811,3.8223,-1.074,0.3414,-0.4986,1.2201,0.2791,-0.497,0.1928,-0.1248,-0.8456,3
1,0.5778,2.5082,1.4701,-0.7306,-0.0994,-0.5637,-1.0931,2.9892,0.265,1.9234,1.3045,1
2,0.5044,1.8672,0.8407,0.2505,-0.7029,0.0855,-0.0635,0.4445,-0.1584,-0.3353,1.5899,0
3,0.858,2.1936,-0.0893,0.2557,0.2369,-0.327,-0.7459,-2.1549,0.7344,-0.1392,0.7692,1
4,0.7874,3.7933,0.398,-0.361,-0.8016,0.3889,0.8703,-0.2269,-0.8065,-0.75,1.0489,3
5,0.4243,2.0013,-0.4698,-0.6549,1.1336,0.1852,-0.8,-0.5343,1.4988,0.8195,1.808,0
6,0.0418,2.8213,-0.8365,-0.2944,0.7961,-0.2111,0.3843,0.381,-0.3334,-0.0452,1.3223,2
7,0.1393,1.6365,0.3536,-0.3413,0.3847,0.2801,-0.8784,0.9425,0.4711,1.657,-0.9219,0
8,0.3119,3.4443,-0.3373,0.7793,-0.4485,0.3077,-0.7216,-1.4274,-1.0537,-0.509,0.4594,3
9,0.3311,2.2242,0.0553,0.2438,0.4063,-0.228,-1.5884,1.3214,-0.2207,0.5508,1.6548,1
10,0.4733,1.3915,0.3743,0.6352,2.1686,1.0714,0.1408,-0.4612,-1.7507,0.1572,0.4279,0
11,0.5096,2.4714,-0.3332,0.0771,-1.73,-0.0838,1.5437,1.844,1.2048,0.1808,-1.2306,1
12,0.736,3.6012,0.4153,0.0835,0.889,-0.0923,-1.2253,0.3698,-0.4638,-0.3416,1.4285,3
13,0.6676,1.6709,0.2621,-0.3538,-1.1276,0.7158,-0.3823,-0.5673,1.1261,0.4109,0.1023,0
14,0.7551,2.288,-0.0454,0.2486,-1.5719,0.0596,0.3491,-0.9531,0.4534,-0.3209,0.2158,1
15,-0.0362,3.6635,0.5551,-0.1932,0.8761,-0.2851,0.3422,0.6125,-0.4933,-0.0495,-0.6721,3
16,0.6456,4.0199,0.0529,0.3725,-0.2983,-1.2051,-0.6861,1.3153,-1.7586,0.2664,1.9344,4
17,0.8583,2.9055,0.2291,-0.4274,0.8005,-1.6957,0.9513,-0.8846,1.0125,0.0367,0.8253,2
18,0.6014,3.9749,0.1892,0.0195,0.8804,-1.2413,0.4317,-0.9917,-2.4113,-0.5152,-1.8473,4
19,0.9791,3.343,0.7842,-0.0787,0.729,-1.7069,-0.1893,0.7947,0.3041,-0.3032,-0.7163,3
20,0.6411,3.4058,0.4487,0.1708,-0.9041,-0.9209,-0.7275,-0.8334,0.0271,-0.0136,-1.1123,3
21,0.6943,3.5426,-0.875,0.4551,-0.2877,0.6064,-0.9721,-0.9948,0.9382,-0.3159,0.2667,3
22,0.9547,4.405,-0.946,1.4797,1.7292,0.0664,-0.368,1.3701,0.0916,-0.9906,0.1671,4
23,0.3402,2.8773,-0.2194,-0.5602,-0.8676,1.082,1.0796,-0.7213,-0.555,0.3468,-0.1855,2
24,0.8752,3.969,-0.2889,0.1322,0.413,0.1584,-0.6713,2.331,-1.6408,-0.321,-0.5581,4
25,0.0922,3.1419,-0.7509,1.5151,-0.5765,-0.0818,-0.4847,0.0006,-2.1526,-1.5741,-0.0046,2
26,0.6882,2.1367,0.2544,0.0034,-0.2345,1.0447,-0.2015,-0.6181,1.3982,-0.3679,-0.524,1
27,0.554,4.0898,-0.0172,-0.3267,0.4205,-0.9421,1.1413,0.2014,-0.1973,0.7129,-0.1011,4
28,0.6241,3.5095,-0.0986,0.4803,1.2714,0.1856,-2.273,0.7427,-0.4805,-1.0111,1.095,3
29,0.8659,4.8756,0.6268,0.4311,-1.364,0.1027,-0.7396,1.6465,-1.1924,-0.4112,0.5286,4
30,0.8347,2.3792,-0.6577,0.4949,0.3388,1.2242,0.7285,-1.6827,-0.1614,1.1758,-0.4106,1
31,0.6619,4.4931,0.1134,0.4758,-0.0042,0.9451,-0.0073,1.0152,-0.8868,-0.2861,0.1758,4
32,0.9141,3.7529,0.0967,0.825,0.1908,1.1766,0.4989,-0.9932,0.8244,0.0519,0.8355,3
33,0.8574,4.4254,0.4413,0.6916,0.2121,0.5365,-0.3105,0.635,-0.1552,-0.7111,-0.3762,4
34,0.8238,4.2556,-0.3687,0.789,-1.5146,1.1141,-1.0726,-1.393,-1.2327,1.8075,-0.5435,4
35,0.3117,3.4144,0.186,0.7348,-1.1426,-0.5475,2.1356,1.7914,0.6622,-1.4601,-0.7214,3
36,0.5287,3.1516,-1.2823,0.8134,-0.8865,0.8936,1.4998,0.9476,0.7662,0.3806,-0.5967,2
37,0.6009,2.8799,0.5627,0.2166,0.3548,-0.7978,-0.2573,-0.0743,0.0401,-1.2878,0.055,2
38,0.8488,4.3086,0.3652,-0.9649,0.1313,1.3568,0.0438,-0.9404,-0.3122,-1.1934,-0.5025,4
39,0.4468,4.439,0.1814,-0.1526,-1.1608,-0.6977,-1.1508,0.521,0.5177,1.1473,2.2876,4
40,0.6179,2.8525,0.2828,-0.311,-1.015,0.1179,0.2933,0.1362,0.3817,-0.9921,-0.4707,2
41,0.9448,1.395,0.2595,0.768,0.7616,-0.6416,-0.3061,-0.0221,-0.9525,-0.6619,-0.4919,0
42,0.3207,2.4513,0.3239,-0.4692,0.5475,-0.7179,-1.4509,-0.553,0.1586,-1.7779,1.2877,1
43,1.098,3.8624,-1.1516,-0.5607,2.0134,-0.3005,0.8538,-1.9802,-0.2382,0.2629,-1.016,3
44,0.4613,2.2498,0.1145,0.2535,-1.9298,0.7852,0.007,-0.0458,0.7429,-1.4074,-0.3066,1
45,0.3696,3.8613,-0.1153,0.1925,-0.3011,-1.3546,-0.3949,-0.4257,0.1641,-0.6357,1.3504,3
46,0.2181,3.91,0.0956,-0.7348,-0.858,-0.0721,-1.9231,-1.215,0.4158,-1.1019,0.8212,4
47,0.1917,4.4937,0.0595,0.4273,-0.1742,-0.746,-0.1241,-1.5516,0.6582,1.164,0.5283,4
48,0.9591,2.9652,1.4522,0.1282,1.829,0.3681,-1.0428,-0.8299,0.0755,1.4027,-0.8546,2
49,0.8387,1.9426,0.4519,-0.4213,0.3701,1.3355,2.1595,-0.2565,2.2121,-0.047,-1.3672,0
50,0.7209,3.6311,0.0953,-0.2515,-0.1016,0.7322,1.5637,0.0838,0.7064,1.0166,0.166,3
51,0.7342,2.0477,0.1633,-0.8884,-1.15,-1.4788,0.1926,0.5692,-1.3155,1.3834,0.4124,0
52,0.4818,1.7455,-0.1406,-2.3112,-0.31,0.1141,-1.0884,1.2048,0.2074,-0.9472,-0.2233,0
53,0.7271,2.1502,0.7516,-0.1711,2.335,-0.8194,1.5812,1.3449,-0.2692,-0.2995,1.0874,1
54,1.1749,2.4638,1.681,-0.554,0.2635,-0.9672,-1.4375,1.633,0.2571,0.2795,0.1599,1
55,0.4844,1.8117,0.0883,0.2303,-0.2901,2.4446,0.4545,-0.0481,0.011,-0.5413,-0.6853,0
56,0.7392,2.3726,0.5136,-0.4104,-0.5093,0.7241,0.4106,-0.1571,0.1423,2.5859,-2.5753,1
57,0.7123,2.1578,0.2185,-0.2472,-0.4699,0.2973,-0.1903,-0.8427,-0.0259,-1.6404,2.1052,1
58,0.8366,2.402,-0.6148,-0.216,-0.4504,-1.1613,0.7658,-0.9066,0.9104,-2.7645,-1.3352,1
59,0.7953,1.783,0.3866,0.6519,-0.9193,0.7291,0.6144,-1.6788,0.2979,-0.1351,0.1917,0
60,0.5494,2.8042,1.2182,-0.2084,0.6244,0.1051,0.0679,-1.2831,-0.3365,-0.2617,0.8618,2
61,0.3023,2.9351,0.6793,0.8166,0.079,0.8786,-1.1494,0.4515,-2.6444,-0.4405,-1.9708,2
62,0.3914,1.8267,0.3685,-1.0259,-0.2747,-0.0789,1.2182,1.0334,-0.8387,0.2813,1.8654,0
63,0.6785,1.9149,0.1652,0.6943,-0.1776,1.6256,-0.1337,0.9199,-0.78,-0.1709,-0.7955,0
64,1.1847,2.2974,1.0236,0.6451,-0.4313,1.6225,0.5735,1.2094,-0.76,-1.432,-0.449,1
65,0.77,4.3464,-0.1464,-1.0013,1.1627,-0.4818,0.9171,2.3229,-1.0033,1.3055,1.3576,4
66,0.7541,4.2952,-0.2137,0.3395,-0.3748,0.1812,-0.1748,1.333,0.1348,-0.671,-0.4726,4
67,0.5735,3.1465,-0.1397,-0.227,0.6062,0.29,0.7191,1.6117,-0.014,-0.2613,-0.0649,2
68,0.4752,1.8645,0.191,-0.0082,-0.6302,2.5774,-0.2891,-1.0312,-1.6399,-1.4019,-0.3634,0
69,0.5809,2.5846,0.0653,-0.7681,-0.5547,-0.9801,0.5901,-1.0817,0.2528,0.1649,1.496,1
70,0.5112,1.9612,-0.9868,0.2647,-2.8344,-0.9673,1.3164,0.9857,-1.0566,-0.1894,0.6051,0
71,0.8459,3.8517,-0.3962,0.4503,-0.5428,-0.7805,-0.5111,0.2419,-0.4043,-0.652,0.4123,3
72,0.6972,3.3625,-0.0453,0.1377,1.9462,-0.2522,-0.7762,-1.7402,-0.0353,-0.5018,-0.4655,3
73,0.5246,1.3201,0.1696,-0.0856,-0.7732,0.7734,0.5109,0.4926,0.9599,0.9502,-1.7599,0
74,0.4382,2.1008,0.4775,0.0928,-0.8092,-0.5556,0.2149,0.0237,-1.6419,0.3522,-0.7581,1
75,0.8727,2.2552,-0.8308,-0.3429,0.1908,-1.2917,0.5393,-0.5055,1.2251,-0.5098,-1.0315,1
76,0.287,1.4555,-0.7619,0.3822,0.809,1.8554,-0.0252,-0.1599,2.3026,-2.6733,-1.5498,0
77,0.5859,3.8383,-0.5872,0.0574,-1.0966,1.9289,-0.7095,-1.9754,0.1061,-0.6544,-0.775,3
78,0.3717,4.2943,-0.0835,-1.4421,-0.433,1.3533,0.0399,1.0615,-1.11,-1.0733,-1.2172,4
79,0.5563,4.1057,-0.5414,-0.3316,0.0165,-0.3432,-0.538,-1.0685,1.8265,-0.6175,0.8083,4
80,0.1807,3.0258,0.0521,0.9885,1.0199,0.5139,-1.7606,-0.9225,0.6222,-1.018,0.8953,2
81,0.3605,3.9578,-0.1222,-0.5897,1.0601,-1.1047,0.2731,0.8915,0.562,0.819,-0.0063,4
82,0.8873,3.3548,-0.2303,0.1148,0.4062,-0.8626,0.7959,0.652,1.0234,-1.3729,-0.1117,3
83,0.6708,2.601,-0.099,0.2363,-0.4363,-0.8325,0.0633,-0.1796,-0.1371,0.0424,0.6782,2
84,0.3974,1.6293,0.5426,0.2934,0.5772,0.1107,0.7074,0.6689,-0.7279,0.0596,-0.1785,0
85,0.6342,2.1631,0.416,-1.2792,0.0547,-0.3198,-1.9306,-0.712,-1.2197,1.6627,0.1911,1
86,0.1491,3.0643,-0.2384,-0.5807,0.542,0.4275,-0.5659,0.5532,0.6058,-1.2095,-1.6028,2
87,-0.2172,2.244,0.431,-0.1533,1.9605,0.4903,1.5162,1.2248,1.956,-0.9411,-1.0039,1
88,0.0866,1.5259,-1.18,0.9427,0.4727,-0.463,-1.754,0.2057,0.6151,1.5368,-0.1932,0
89,0.4186,3.4087,0.6025,-0.2923,1.7956,-0.7687,-0.5614,2.5043,-1.812,-1.5135,0.1538,3
90,0.8571,4.1159,0.2904,0.7119,0.4232,0.9997,0.0046,0.0236,0.3939,0.8312,-0.181,4
91,0.4822,1.2928,-1.0963,0.2556,-0.383,0.6441,-0.0922,-0.869,-0.3162,2.0236,-0.4147,0
92,1.1926,1.8572,-0.4851,-0.2221,0.2199,-0.1805,-0.3012,-1.6689,0.2146,-0.2377,-0.7886,0
93,0.8106,3.6094,0.7876,0.4273,-0.8542,-0.8219,1.0053,-0.6175,1.5237,0.3589,-1.6861,3
94,0.9398,4.1573,-0.1701,-0.9936,0.3763,0.7386,1.0556,-0.3351,-0.1731,0.8074,-0.1974,4
95,0.4404,2.1594,0.158,-0.4887,-0.4018,-0.4247,0.0801,0.6456,0.9271,1.3816,-0.2337,1
96,0.8931,3.9711,0.7728,0.7504,0.4539,2.0413,-0.3106,0.5726,0.7547,-1.2331,-0.7962,4
97,0.5339,4.559,1.0637,-0.3456,0.2809,-0.1237,0.5243,0.5153,2.5451,-0.3612,0.6831,4
98,0.9655,4.5256,-0.2503,-0.4732,1.4749,0.5071,-1.8134,-0.2734,-0.9689,-0.7308,-0.5861,4
99,0.6727,1.8094,-0.5654,-1.2412,-0.1057,-1.3136,0.0283,0.6937,-0.1966,0.8697,-1.6279,0
100,0.7496,1.598,-0.6705,-0.1238,-0.6365,-0.6499,0.0008,-1.7683,-0.0958,-0.2881,0.018,0
101,0.7746,1.9004,-0.5221,-0.0457,-1.2022,1.4304,-0.9558,-1.0028,0.2105,0.772,-0.6571,0
102,0.1365,1.5424,0.2981,-0.0163,-1.3801,-1.157,-0.2374,-0.0585,-1.4696,1.247,-0.1837,0
103,0.4959,2.0938,-0.3844,0.2076,-1.1185,-0.7517,-0.3066,1.0683,0.4816,-1.842,-1.513,1
104,0.4957,2.0967,0.7864,0.892,1.2638,0.113,-1.1583,0.2583,-0.1109,-1.8205,-0.7371,1
105,1.0516,1.919,-0.6343,-0.0662,-1.4442,-0.3224,-0.4654,1.6165,0.2841,0.0955,-0.9093,0
106,1.1613,2.2204,-0.613,-0.5038,-0.7965,-0.2546,-0.5307,0.0771,0.9508,0.5977,-0.899,1
107,0.7721,3.6147,0.2605,0.4549,-0.3406,-0.9867,-1.633,-0.3221,0.5332,0.8326,0.3823,3
108,0.3709,1.5233,0.0776,-0.7147,0.1576,1.6622,-0.8499,-0.3233,1.4798,-0.6606,1.726,0
109,0.7679,3.127,1.1835,0.3347,0.5033,-0.5047,0.13,1.1161,-0.7488,0.2203,-0.5723,2
110,0.7155,3.977,0.2592,1.1505,0.5057,-1.544,-0.3305,-0.9625,0.7716,-0.4652,1.4989,4
111,0.3122,3.0363,2.0165,-0.0659,-0.7178,-2.4466,0.6749,0.8522,1.1024,0.0308,0.5642,2
112,0.6859,2.2632,1.2735,1.1411,-0.7457,1.59,-0.0223,-0.7338,-0.7904,2.2133,3.592,1
113,0.399,4.4032,-0.3329,0.3408,0.2786,-1.4705,-1.2017,-1.0717,-0.6572,-0.8343,0.0443,4
114,0.5506,4.1179,0.9164,-0.3239,-1.2649,0.4052,-1.2422,1.3641,-1.0057,0.2554,0.6505,4
115,0.2337,3.6356,0.4359,-1.0201,-0.3018,0.4249,0.8683,1.0633,-0.6108,1.0639,-0.7518,3
116,0.7072,1.5313,-1.0392,-1.061,-0.5794,1.973,-0.9025,0.2639,-0.1398,-0.3633,0.2584,0
117,0.1624,2.432,-0.2235,0.7375,0.2127,-1.5412,-1.2212,-0.5393,0.6921,0.5712,0.6872,1
118,0.7734,3.2674,0.26,-0.0721,0.6458,0.7641,2.0339,0.9071,-0.9175,0.4155,0.4626,3
119,0.5329,2.9934,0.4586,0.381,-1.052,0.0297,0.729,1.6316,-1.7609,0.3405,-0.7493,2
120,0.4953,2.3245,-0.4277,-0.0937,1.6959,-0.5221,1.5416,0.2437,-0.0148,-1.3834,-0.873,1
121,0.6641,1.5174,0.8996,0.6063,-0.9486,-0.6761,1.0892,0.5461,1.565,1.7068,-0.444,0
122,0.5871,4.0592,-0.2602,-0.648,-1.2204,-0.8529,-1.9332,0.6229,0.4745,-1.1492,1.51,4
123,0.9869,3.4332,-0.868,-0.0046,1.5507,0.3647,-0.3777,-0.1403,-0.6432,0.2153,0.3256,3
124,0.714,3.1599,0.2535,0.4319,-1.0141,1.1053,0.2906,0.8294,0.2466,-0.3999,-1.2323,2
125,0.6071,4.2065,-0.4645,-0.1104,1.3694,-1.4735,-0.6213,0.0759,0.247,-0.4213,-0.2951,4
126,0.5635,2.9562,-0.4403,0.3634,0.5583,0.2653,-0.3035,-0.3971,0.3963,-0.1647,0.9723,2
127,1.0708,1.5978,0.0381,0.0694,0.4717,0.2728,-0.1748,0.6315,0.1651,-0.3295,0.2663,0
128,0.714,3.6858,-1.0977,0.3578,0.0333,1.0119,-0.1471,0.1798,-0.0796,0.3623,-0.9174,3
129,0.2625,3.7725,-0.7298,0.4507,0.478,-1.142,0.5411,1.5313,-0.1867,1.3232,-0.3327,3
130,0.5107,3.2791,-0.2897,0.7264,-0.9873,-0.7411,0.0185,0.8864,-1.1791,0.9513,0.0828,3
131,0.4171,3.2812,-0.0413,-0.621,0.951,-0.3974,-0.9916,0.068,0.2947,1.8737,-0.1105,3
132,0.5636,3.0874,-0.4515,0.2195,1.1004,0.8499,0.4457,-1.2002,-0.7622,-1.2848,-0.9437,2
133,0.6808,3.4082,-0.3872,0.0559,0.4918,-2.3002,-0.1968,0.7004,1.5832,1.7191,0.0749,3
134,0.8368,3.9852,0.3877,0.1497,0.6258,0.8226,0.2249,0.4161,-0.0185,0.8575,-0.9875,4
135,0.5597,3.9531,-0.0959,-1.425,-1.5441,-0.0364,0.8903,-0.6624,-0.4908,-0.5553,-0.2154,4
136,0.8005,3.2279,-1.0432,-0.1016,0.1346,-1.5854,1.3311,-0.8943,0.7915,0.0665,0.6491,3
137,0.6134,2.8333,0.8473,0.0053,-0.3226,-0.7142,0.2971,-0.5054,-0.7463,0.9995,1.4609,2
138,0.4392,4.8723,0.3639,1.1956,-0.9016,1.041,1.0388,-0.3428,0.723,-1.3268,-0.3354,4
139,0.6609,4.2927,-1.1074,-0.7123,-0.723,1.6887,-0.7329,-1.6933,0.4614,0.098,-0.6833,4
140,0.3944,3.5702,0.1605,-0.0579,-2.3045,-1.1337,1.2695,0.8128,-0.5027,-0.8759,-1.5289,3
141,0.6058,3.2138,-0.2062,0.5799,2.1084,-0.0857,-0.0332,0.054,0.5884,0.7204,-0.1351,2
142,0.1064,3.0651,-0.7461,0.0295,0.4524,1.8458,0.3182,-0.2063,-0.3792,1.1192,0.8123,2
143,0.779,2.7851,0.5709,-0.373,1.9399,-0.418,0.302,-1.9989,-0.3818,-0.9747,0.3078,2
144,0.3273,1.9965,0.0821,-0.5497,1.811,0.9126,0.8398,0.1242,-0.5407,0.4799,-1.3657,0
145,0.845,1.4066,0.0174,-0.4969,-0.9063,1.1011,1.1133,1.6504,-1.2351,-1.5459,-0.4823,0
146,0.8716,3.433,-1.2061,-0.219,0.3552,-0.6612,-0.8637,0.7287,0.0762,-0.2946,0.4026,3
147,0.8219,4.6046,-1.2947,0.1902,-1.4064,-0.9757,-0.225,-1.6302,-1.2934,-0.4265,-0.9328,4
148,-0.0328,2.09,-0.4701,-0.7011,0.353,-1.0032,1.3407,-0.7898,0.567,0.1533,0.4824,1
149,0.5628,2.3536,-0.2443,0.5502,-0.8775,-0.5443,0.7736,0.1317,0.9706,-0.0101,-0.2625,1
150,0.7208,3.1756,0.9236,-0.1916,-0.4853,-0.4657,0.0009,0.0184,-0.2014,-0.0766,-0.3751,2
151,0.8171,4.3575,-0.6532,-0.3293,-0.6336,0.6427,-1.2896,0.2194,2.2479,1.098,-1.9162,4
152,0.5803,1.9074,-0.1809,-0.0389,0.6931,-0.8673,0.1447,1.1802,-0.0306,-0.3436,0.7655,0
153,0.6365,3.527,-0.1004,-0.3107,1.1251,-0.2213,0.8254,0.227,-0.3956,-1.2138,2.1092,3
154,0.2057,3.3919,-0.3377,0.7075,-0.9264,-0.0357,0.2009,-0.7732,0.4064,0.9831,-0.4131,3
155,0.5932,3.0843,0.7704,-0.6164,0.4483,1.1912,-0.7845,-1.5292,-0.2607,0.4463,-0.2535,2
156,0.4935,1.9201,0.3056,0.0497,0.9057,0.6987,0.8277,0.1643,-1.0269,1.7495,2.3092,0
157,0.1945,3.1347,-0.1375,-0.1864,0.5334,2.7377,0.7211,2.4471,-0.3223,0.1221,0.3782,2
158,0.5911,4.5829,0.2636,0.5159,1.1531,-0.6468,-0.9834,1.939,0.85,0.9222,-0.0074,4
159,0.6949,2.1974,0.125,-0.435,-0.0198,-1.4553,0.5761,0.0962,0.2753,0.747,0.4136,1
160,1.1168,2.4435,1.5067,-0.376,-0.6112,-0.9658,0.39,-0.7501,-1.0926,0.326,0.6408,1
161,0.2962,3.0271,0.1314,-0.1868,1.8383,-0.2323,-0.6814,0.679,-1.0577,0.8418,1.2546,2
162,0.1134,3.2647,-0.4478,0.6632,-0.5521,-0.5096,0.5889,-0.9062,-0.7265,-1.0302,-0.5928,3
163,0.3728,2.6086,0.3628,-0.291,-1.393,1.2764,0.3671,0.0217,-0.6041,-0.0711,-0.3019,2
164,0.78,1.7841,0.728,0.5759,-1.1744,0.2604,1.5911,-0.996,-0.6898,0.3027,-1.3947,0
165,0.6795,3.3373,0.2553,-0.2527,-0.0319,-1.5752,0.1225,-0.5075,0.6567,0.4697,-1.6972,3
166,0.8282,3.8761,0.5282,-0.5197,0.259,1.3465,0.5418,0.5692,1.7949,0.1647,-1.1257,4
167,0.2198,3.9189,0.3509,-0.339,0.0398,-1.0192,0.6402,-0.302,0.5762,2.3548,0.9144,4
168,0.738,2.6417,-0.7966,0.4854,-0.3697,-0.1181,-0.3055,1.2075,-0.7589,-0.4947,-1.6248,2
169,0.821,3.6916,0.5032,0.7554,0.431,0.1656,-0.5823,0.6046,1.2128,1.5318,1.0944,3
170,0.1695,4.2686,0.9459,0.7168,-0.626,0.6128,-1.7947,-0.5737,-0.5285,-1.2334,0.7902,4
171,0.2389,3.4568,-0.8266,-0.1039,1.5947,0.1048,-2.257,0.3651,0.1216,-1.2712,1.1013,3
172,0.8079,3.1076,-1.5357,-0.3473,-0.2261,-1.5646,-0.7725,0.3199,-1.2719,-0.0113,2.513,2
173,0.4226,1.48,-0.6315,-0.5229,1.5949,0.2307,-0.5926,-0.6132,-1.6472,1.2459,0.3034,0
174,0.6325,2.8763,0.5654,-0.0813,-1.7449,-0.4051,-0.6827,0.4216,-0.0776,1.3326,0.9178,2
175,0.7926,2.2882,0.5439,0.0108,0.843,-0.9878,0.2517,-0.1747,-1.2187,0.2578,1.6578,1
176,0.5225,2.0655,0.084,0.4104,-1.185,1.4878,0.8422,-0.0597,-1.496,-0.5142,1.15,1
177,0.7876,1.9929,0.2365,-0.8239,-0.4905,0.1974,0.6582,0.0039,-1.0479,-0.7217,-0.9327,0
178,0.7567,4.3085,0.0513,-0.0283,0.7757,0.5437,-0.2831,-1.6557,0.2368,-0.9606,1.0813,4
179,0.634,4.5215,-0.3514,0.1155,0.3363,-0.6344,-0.242,0.1811,0.2593,0.8312,-2.2664,4
180,0.2075,4.16,0.4357,0.4643,-0.8955,0.1427,0.2867,1.9099,-1.4013,-0.2165,-1.0386,4
181,0.9308,3.8973,-0.4456,-0.3579,0.0692,0.2582,0.509,0.4648,-1.2145,1.2881,1.4349,4
182,0.393,3.7683,-0.5918,-0.2567,-0.9143,1.3031,-1.9763,1.0266,1.1228,-0.2383,1.5126,3
183,0.5564,2.1849,-0.1301,-0.537,0.4168,0.0061,-0.0147,0.0314,-2.4976,-0.9494,-0.0391,1
184,0.1209,3.2112,0.8681,-0.1005,-0.3322,0.3935,0.1843,-1.7572,-1.8726,-0.7263,1.7111,2
185,0.0175,1.6953,0.2149,-0.647,-0.7713,1.9949,-0.6331,-3.1425,-1.541,0.4597,-0.4218,0
186,1.0486,2.3684,-1.0416,-0.205,0.492,-0.2392,0.5206,-0.416,1.3558,-0.8909,0.8236,1
187,0.606,3.3943,-0.4439,0.6149,-0.6,0.2657,0.7044,0.1463,-0.3728,-0.6919,-0.7506,3
188,1.0278,3.928,0.5092,-0.4753,-0.1524,-0.3758,0.805,0.2811,0.1293,-0.9602,0.2976,4
189,0.5854,1.6718,-0.2538,0.6088,0.147,-0.1297,0.6388,0.2796,0.9744,0.2143,0.7755,0
190,0.5135,1.6014,-0.3294,-0.1,0.4877,0.9116,0.3337,1.5902,2.3519,0.3083,-0.3552,0
191,0.7095,3.8154,-0.6061,-0.7802,-0.5341,-0.1749,-1.1843,-0.5541,-0.1857,-0.5077,-0.7268,3
192,0.4654,3.1683,1.035,-0.7802,0.9908,-0.4106,0.1077,-0.1078,0.3003,1.1313,1.4132,2
193,0.4712,1.3702,0.3171,0.2756,-0.2441,0.7481,-0.4916,-0.0615,0.796,-0.4946,-0.9414,0
194,0.9099,4.0324,0.2046,-0.253,-1.4159,0.848,0.0927,1.8727,-0.433,0.4372,-0.6002,4
195,0.364,1.8,-0.5485,0.1318,0.9348,-0.7037,0.7134,-1.824,0.6967,0.286,-0.2503,0
196,0.3442,2.7808,-0.0344,0.4001,1.0159,-0.2829,-0.5428,-0.0951,1.391,2.9861,-0.9728,2
197,0.6322,2.6553,0.7233,-0.1525,1.5542,-0.9155,-0.6993,-0.8635,0.1291,-1.227,-0.5791,2
198,0.6673,2.5654,-0.1351,-0.8627,-0.3285,-1.9374,1.2013,-0.6507,-0.2074,-0.1194,-0.7337,1
199,0.7261,2.1307,0.9623,-0.4933,1.2886,2.4229,-0.8219,-1.2762,0.0421,0.6002,-1.5886,1
200,0.7726,2.8079,-0.1405,-0.1569,0.5969,-0.7257,0.498,-1.5044,-0.2289,0.3219,0.027,2
201,0.2712,1.8469,0.1298,-0.2833,0.0059,-0.2463,-0.857,-0.0524,3.9725,-1.7429,-1.1948,0
202,0.2133,4.5691,-0.1096,1.3197,-0.1236,-0.4763,0.6547,0.2792,-1.8806,-1.5987,0.9203,4
203,1.0749,3.6598,-0.1714,-0.4808,-0.4973,-2.2154,-1.3251,2.744,-0.1376,1.2296,-2.4709,3
204,0.8747,3.674,0.1688,-0.8339,-1.7039,0.0544,-1.0151,0.7134,0.0763,0.6932,-0.3402,3
205,0.5252,2.5823,-0.1411,0.0145,0.941,-0.5175,0.2829,-2.6553,-0.0243,1.8154,1.1388,1
206,0.394,2.2244,-1.2079,-0.0489,0.1265,1.2526,-0.6224,0.8772,-0.4148,-0.6268,-1.9909,1
207,0.6204,2.8281,-0.3868,-0.9107,-0.4085,0.0875,-1.0268,-0.1313,-0.993,-0.083,-0.2276,2
208,0.6373,5.0412,0.0076,1.0041,0.473,2.1482,0.2874,2.0091,-2.3473,1.3333,0.5754,4
209,0.7825,2.7237,0.3652,0.0361,-1.9455,0.6605,-1.0679,1.0082,-0.2025,0.8733,-1.2964,2
210,0.8956,3.4194,-0.3989,-0.1885,0.26,1.1647,-1.149,1.3171,0.6805,1.574,0.8736,3
211,0.7846,1.5139,0.8858,-0.6715,0.378,-0.3023,-0.3849,0.1916,0.0176,0.1946,0.7447,0
212,0.1916,3.2113,-0.4912,-0.5115,1.1484,-0.4567,-1.2417,0.9474,0.1771,0.8004,-0.772,2
213,0.5337,2.2208,0.7951,0.7504,1.473,-1.4967,-0.6072,-1.7009,-0.4763,0.0832,0.4357,1
214,0.6796,4.2529,0.6106,0.1884,0.3895,-2.1471,-0.5522,0.0196,-0.1737,0.7219,-1.6797,4
215,0.29,3.0818,0.3051,-0.3773,0.5728,-0.7835,0.5286,0.8296,-0.7032,0.6404,-0.5614,2
216,0.4226,4.079,0.0709,-0.7178,-0.2158,-0.4216,1.675,0.4496,-0.5761,0.7761,-0.0073,4
217,0.5424,3.1584,0.3704,-0.5867,-1.4799,-1.0818,1.5331,0.5789,0.4804,-0.4302,-0.9548,2
218,0.7802,2.9907,-0.5021,0.7027,-0.3193,1.0862,-0.7375,-1.4788,-0.6845,-0.6692,0.9731,2
219,0.6427,2.4196,0.228,-0.5502,0.6488,-0.348,-0.5246,-0.3575,-0.4023,0.5922,-1.2952,1
220,0.8311,4.1827,0.01,0.0827,0.3223,1.2592,-0.7252,0.0406,-1.8867,0.8205,0.789,4
221,0.852,2.7268,0.8528,1.1802,-0.2676,-0.9413,-0.0919,1.2324,1.0404,0.2509,-0.0356,2
222,0.4824,3.0998,0.5882,-0.0006,-0.1035,-2.2228,0.0886,-0.7772,-1.1228,-1.1521,-0.7995,2
223,0.0084,3.333,-0.4747,0.8033,-3.2615,-0.3175,0.7313,-0.9725,-0.2919,-2.0157,0.7682,3
224,0.7284,1.9476,0.9417,0.0828,-0.8907,0.2992,0.7629,-0.366,-0.4941,-0.4094,-1.6242,0
225,-0.0613,4.6942,0.1164,-0.7342,-0.5885,0.6427,-0.3603,0.9904,-1.2379,-1.0601,0.103,4
226,0.2285,1.5278,-0.4334,0.8092,1.135,0.1371,0.5506,0.602,-0.0104,1.7448,1.281,0
227,0.5879,3.16,0.0816,-0.6651,0.1454,-0.0139,-0.6358,-2.0005,-1.0359,-0.8274,-1.0356,2
228,0.6799,3.5117,0.7676,1.5108,1.8636,0.7978,0.4175,-0.4359,0.2605,1.019,-0.6152,3
229,0.6782,2.2378,0.6459,1.0427,-1.4458,1.7745,1.4994,0.0263,0.7588,-0.0928,0.0902,1
230,0.6088,3.8974,0.7391,0.1915,0.6707,0.3848,0.4932,1.2274,0.9973,0.2444,-0.5786,4
231,0.8202,3.1937,1.1894,0.2758,-2.4923,0.6145,1.0155,1.2965,-0.5461,-1.5728,0.7903,2
232,0.6453,3.0632,-0.1782,0.8054,1.1357,-0.0335,0.1487,0.376,0.3052,-1.4096,1.5071,2
233,0.7305,3.5078,-0.827,-0.5146,-0.529,0.7121,-1.4933,-0.1882,0.122,2.8057,0.0783,3
234,0.6696,2.4752,-0.3068,0.4413,0.5974,1.5236,0.6679,-2.2471,1.6228,0.8703,0.5586,1
235,0.5437,2.1559,-0.2802,0.3298,-0.6061,-0.9623,0.6761,0.4824,0.844,-0.5595,-0.5635,1
236,0.5969,1.9117,-0.7106,-0.0026,0.4803,-1.1208,0.9592,-0.5457,0.815,1.6285,-0.6762,0
237,0.9399,3.2438,-2.0615,-0.0348,-1.2252,-0.798,0.8964,0.928,-0.5861,0.1972,-1.5867,3
238,1.2582,3.6603,-0.1463,-0.0338,2.2435,-0.6054,-1.1338,0.4732,-0.1083,-0.365,0.7196,3
239,0.2627,2.5581,1.0433,0.684,-2.0957,-1.3407,-0.6119,-0.2967,-2.311,0.5739,0.3056,1
240,0.8075,1.4972,-0.6838,-0.2691,0.5265,-1.3225,0.9118,-1.123,-0.7079,-0.3499,1.9309,0
241,0.6519,2.1332,-0.5891,-0.9327,-0.0508,0.5978,2.1295,-0.1775,-1.2182,0.2089,0.1598,1
242,0.3793,3.8074,-0.6802,-0.1593,-1.7604,-0.9813,0.2805,1.1044,0.6705,0.0972,0.994,3
243,0.885,2.4534,-0.8842,-0.1144,-0.0387,-0.22,1.0082,-0.5899,0.5471,0.8258,-0.8619,1
244,0.4549,3.0915,0.6165,0.0415,0.587,-0.4271,1.1765,0.69,0.1448,1.1897,-0.2559,2
245,0.1396,3.59,1.0846,-0.0611,-0.1023,0.2937,-0.9646,-0.9596,-0.6471,0.8026,-0.2313,3
246,0.6529,3.7971,0.6187,0.1167,0.6601,-0.1565,-0.3135,-1.8591,0.0387,-0.0905,1.9503,3
247,1.0364,3.7917,-0.0131,0.4011,0.3572,0.7962,-0.3465,-0.3324,0.6817,0.4652,1.2371,3
248,0.3329,2.1821,0.6885,0.7753,-0.1624,0.3443,-0.5683,-0.2043,-0.4684,2.2157,-0.8347,1
249,0.7086,2.9259,0.0402,-0.4993,0.0828,-0.5639,1.0058,-0.3598,1.7958,-1.0559,-0.8326,2
250,0.8281,2.4537,0.5233,-0.4074,1.864,-0.8991,-0.2798,-1.4336,0.2784,-0.2818,0.8323,1
251,0.1223,1.888,-0.4892,-0.5893,0.6632,-0.2388,0.9305,-0.0893,-1.2307,0.4704,-0.3624,0
252,0.4187,1.4881,0.9264,0.5206,-1.8362,0.4437,1.0976,-0.15,0.9429,1.0259,-0.921,0
253,0.399,2.0874,0.3914,-1.0499,0.2794,0.4681,-0.3421,0.8603,0.7704,-1.4515,0.25,1
254,0.395,2.8966,-0.4648,0.3584,-1.4882,2.2655,-0.8315,0.8466,-0.7168,0.35,1.7993,2
255,0.8735,3.612,-0.0136,-0.1202,0.6437,-0.2557,-0.4205,-1.0692,0.5971,-1.1431,-0.1899,3
256,0.8878,2.5545,-0.48,-0.2608,2.4338,0.0059,-0.3885,-0.4753,-0.69,1.7973,1.7503,1
257,0.3616,2.5689,-0.1204,0.488,-1.7228,-0.4175,1.2541,-0.6962,0.0654,0.8487,0.9518,1
258,0.0107,1.893,-0.1606,-1.4484,0.1856,0.5002,-0.6251,1.4447,0.3291,-1.5746,-1.9901,0
259,1.1095,2.0786,-0.2665,0.4356,-1.3864,-0.0965,-0.3374,-0.5225,0.2711,0.2888,0.1823,1
260,1.0674,1.8216,0.1086,0.1411,0.3182,0.1517,-0.4762,-0.7189,0.0825,0.7661,0.2906,0
261,0.2025,2.4452,-0.1283,-0.089,-1.1443,-0.7574,-0.7214,0.7735,-0.4408,1.5767,1.1559,1
262,0.6519,2.3899,-0.8488,0.2545,0.2608,0.0456,0.6101,-0.0121,0.4907,-0.8754,-0.1915,1
263,0.693,1.5215,0.4289,-0.2699,0.7395,0.6914,-0.2785,-0.5013,1.8077,2.0754,0.3439,0
264,0.5156,3.3508,-0.5696,0.5617,0.7063,-1.6231,0.5408,0.1499,-0.8468,-1.5185,0.2421,3
265,0.7667,2.4806,0.4697,-0.9627,-0.2191,-0.2479,-0.2679,1.4981,0.4074,1.074,-0.0371,1
266,0.8963,4.3515,-0.4436,-0.4761,-0.184,-1.4295,-0.1066,1.2515,0.6906,1.7553,1.0834,4
267,0.5571,3.8553,0.6726,0.6585,-0.1423,0.5636,-0.4197,-1.0564,-0.1782,-0.2643,0.5685,3
268,0.3025,2.5351,0.3442,0.0099,-0.1729,-0.3007,-0.8031,-0.8656,1.3516,-0.0711,0.5658,1
269,0.8646,2.964,0.8677,0.095,-0.3526,0.0584,-0.289,0.1372,0.3255,1.6934,-0.0196,2
270,0.4249,3.3027,-0.4944,-0.0573,0.1671,-0.7937,1.4902,0.9001,1.3526,1.0198,0.2442,3
271,0.3777,3.9529,-0.6752,-0.1501,-1.6633,0.5251,-2.7917,1.3514,0.2693,0.1301,-0.3103,4
272,0.4651,3.8609,0.0639,-0.1951,0.5984,0.1998,0.0307,0.7595,0.2922,-0.5505,-1.3526,3
273,0.3158,4.5177,0.6554,-0.4846,-0.5279,0.2663,-2.2173,0.8738,1.7075,-0.9665,-0.1713,4
274,0.699,1.7235,0.292,0.9779,0.2972,-0.7107,0.6927,-1.1204,-0.8205,0.5692,1.137,0
275,0.7814,2.8557,0.6637,0.7019,1.1244,-0.0915,-1.8475,-1.5737,2.6156,0.7129,-0.9159,2
276,0.6358,2.7106,0.7365,0.3414,0.1642,-0.8007,-0.0325,1.7818,-1.3995,0.0324,0.8681,2
277,0.712,3.1205,0.1354,0.4161,0.8603,-0.0215,1.2096,-1.4228,0.8394,0.4495,0.0267,2
278,0.1099,1.8018,0.2938,-0.8131,-1.2853,-0.2437,0.054,0.0352,0.6601,-0.8715,-0.2711,0
279,0.9937,3.0399,-0.0305,0.0513,0.2672,-0.496,-0.1089,-0.2679,2.2856,0.9571,-0.3279,2
280,0.9327,1.9059,0.8575,0.2818,-0.5826,1.4402,0.7018,1.0882,-2.562,-0.4084,1.6033,0
281,0.5988,2.3214,1.1728,-0.5289,-0.1561,-0.1851,-0.9048,0.5755,0.3911,-0.0509,-0.6452,1
282,0.8573,2.6931,0.2493,0.5788,1.3426,-0.0848,0.8743,0.0318,-1.2589,0.3924,-0.0833,2
283,0.8358,2.938,-0.5809,-0.5716,-0.3639,-1.0376,-1.323,0.8891,0.54,0.4155,-0.2134,2
284,0.9592,2.0372,1.1259,0.6123,-3.1506,2.7941,1.4423,-1.6932,-2.1503,0.7557,-0.7356,0
285,0.6644,1.6835,0.7835,0.3682,0.6197,-2.5264,1.1811,1.0786,-1.2329,0.1954,-1.2217,0
286,0.534,4.0487,0.2363,-0.4953,1.6622,0.4205,-0.1989,-0.2463,-0.2001,-2.6729,-1.4756,4
287,0.3527,2.2587,0.4754,-0.1184,-0.2625,0.9735,-0.4547,0.8794,1.1913,0.344,1.0395,1
288,0.8329,4.1971,-0.6109,-1.175,-0.4182,1.7959,0.7011,-0.8181,-0.13,0.0088,-0.4227,4
289,0.6252,3.1826,-0.0873,-0.2849,-2.1332,0.352,-0.9826,1.1596,-0.2997,-0.6493,-0.2703,2
290,0.4201,3.7547,-0.1145,1.436,-0.1716,0.7636,-0.8055,0.6377,0.9485,0.414,0.5205,3
291,0.4595,1.111,-0.3468,0.4956,0.4599,0.4713,0.7779,0.4818,-0.6923,1.6555,0.0924,0
292,0.8848,1.354,-0.9205,-0.0619,-0.6856,0.7806,-0.8873,0.6937,-1.1951,-0.9943,0.2162,0
293,0.5238,2.3185,-0.6716,-0.2181,-1.2408,0.8089,0.2941,-1.294,1.4856,0.1813,-0.0366,1
294,0.2426,4.3516,0.6632,-0.4107,1.2048,-0.4335,1.1515,1.6533,-1.0494,-0.1627,0.9775,4
295,1.19,1.6551,0.5294,0.4347,-0.7998,0.6508,-1.0496,-1.4024,1.3672,-1.6895,1.4006,0
296,0.8283,2.144,0.2263,-0.625,1.6438,-0.6285,-0.5365,-0.9423,0.166,0.6008,1.2663,1
297,1.1597,1.9506,-0.361,0.4133,-0.4877,-1.202,-0.8776,-1.3303,-2.009,-0.4787,-0.3561,0
298,0.7068,2.0072,0.1302,0.4765,-2.609,0.2691,0.6208,0.1744,0.6002,1.6171,-1.6758,0
299,0.389,4.6218,0.8835,-0.4165,0.5246,-0.1633,-1.6776,0.3265,-0.2779,-0.0592,-0.5979,4
300,0.5782,3.7799,0.214,-0.0013,1.3095,-0.85,-0.3949,-0.6247,-1.3941,0.3258,0.2504,3
301,0.5501,3.3923,-0.84,0.3714,-2.3037,0.1697,-0.478,-1.086,-1.5997,1.05,0.3179,3
302,0.6892,2.5306,-0.5514,-0.3547,-0.8361,0.489,1.4891,-0.5705,0.147,0.9025,1.3137,1
303,0.5803,1.4784,-0.5585,0.0418,0.48,-1.3986,0.0494,-1.0878,-1.1067,0.3732,1.801,0
304,0.9373,4.3282,0.1566,-0.4094,-0.2704,0.1329,1.4746,0.4478,-0.3102,1.9373,-0.1805,4
305,0.6876,2.1509,0.036,0.3827,-0.7372,0.8234,0.5787,-0.4369,1.4556,0.2108,0.4537,1
306,0.9537,4.3667,-0.3327,0.0121,0.7629,1.5186,0.9351,0.5871,-1.7306,-0.8039,-1.1417,4
307,0.277,4.3115,-0.2755,-0.0026,-0.1478,-0.1358,1.3643,-1.2681,0.4029,1.9224,-1.0233,4
308,0.4658,4.8568,1.0763,0.7564,-0.1702,3.3552,-0.8213,0.6315,-1.2333,0.1733,-0.335,4
309,0.4406,3.8151,-0.0058,0.3928,-0.5266,-2.0327,0.2277,-0.1264,0.5163,-0.6757,0.7425,3
310,0.3933,3.8669,0.0631,-0.2956,-0.1953,0.1321,-0.4513,1.1386,0.4625,0.7527,-0.7895,4
311,0.3772,3.2509,-0.52,-0.6222,1.2994,-0.9184,-0.223,-0.9743,2.9912,-0.9843,1.1134,3
312,0.2852,4.5794,0.1357,-0.4239,1.4208,0.5381,-2.1307,1.1429,0.0881,1.6758,1.0755,4
313,0.6966,2.4398,-0.8018,-0.9126,0.3386,-0.3079,0.257,-0.9387,1.5509,-1.0002,-0.4757,1
314,0.7852,1.9168,-0.2592,-0.0804,0.7837,-0.59,-0.0956,1.0729,0.3925,-2.1272,-0.548,0
315,0.605,4.4746,0.3353,0.2303,-0.2992,0.2782,0.4775,-1.1382,-0.4539,-0.3311,0.6181,4
316,0.6582,3.9032,-0.1063,0.085,0.1315,-0.7761,1.5527,-1.1566,-0.8974,-0.4905,1.6817,4
317,0.4169,3.0404,-0.7883,0.1963,-1.8953,1.033,0.5832,0.2828,-0.9387,-0.7979,0.1054,2
318,0.6193,2.3904,0.39,-0.3384,-0.5522,-1.5183,-1.3805,-0.5473,-0.6671,-0.1358,0.5046,1
319,0.8109,3.668,-0.4874,0.4106,-1.3016,-1.1001,-0.7899,0.1364,-0.8758,-0.0063,1.3586,3
320,0.8621,3.7274,-0.1869,-1.0473,-0.3898,-1.3701,-1.555,0.4542,-1.1695,0.0857,1.3416,3
321,0.4137,1.8974,-0.6209,-0.1569,1.3748,0.2734,0.1679,-0.4052,-0.3899,-0.3063,-1.2521,0
322,0.4128,1.8927,0.7819,-0.6226,1.7461,-1.2598,-0.237,-0.8239,-0.1443,1.1912,0.4345,0
323,0.6373,2.3009,0.0273,0.6438,-0.1178,0.0087,0.6687,1.7705,-1.5437,0.6047,0.4907,1
324,0.8784,3.3068,-0.5117,0.4238,0.5014,0.0753,0.7144,-0.5134,0.2434,-1.6884,-1.5027,3
325,0.6377,2.2539,0.0513,-0.065,1.2181,0.9937,0.0932,-0.1677,0.0892,0.4868,-2.0722,1
326,0.3684,2.1599,-0.2242,0.434,-1.1769,-0.4121,0.5028,1.4421,0.7602,0.5961,-1.2182,1
327,0.2526,1.7992,0.7466,0.0408,-0.2917,0.397,1.0357,1.3854,1.0036,-2.0185,-0.6007,0
328,0.7585,2.2526,0.6129,-0.9907,-0.2538,0.4211,-0.5136,0.3577,0.4213,-1.4838,-0.9127,1
329,0.8331,3.9771,-0.6067,-0.8749,0.3928,0.2654,-0.0794,0.4077,0.1896,2.6975,-0.4999,4
330,0.2232,1.4071,-1.5556,0.1349,-0.3692,-1.106,-0.3888,0.2001,-0.7048,0.0335,0.0891,0
331,0.4742,3.7923,-0.3926,-0.0908,0.1644,-1.1171,-0.4382,0.1598,1.0905,1.2393,-0.4322,3
332,0.8796,3.2425,1.313,-0.4837,0.08,0.823,-0.1657,-0.9772,-0.1238,0.3585,0.6593,3
333,0.4749,2.306,0.5518,0.0994,-0.5317,0.3569,1.7671,-0.4879,-0.0024,-0.0921,1.0801,1
334,0.5809,2.2182,1.0523,-0.3725,1.0743,-0.0958,-1.114,-0.1619,0.4692,-0.0943,-0.5813,1
335,0.3995,1.4572,0.231,0.2643,-0.9362,1.057,0.1557,-1.972,-1.2253,0.8967,-0.8555,0
336,0.8989,4.1901,0.0415,-0.2647,-1.0034,-1.4633,0.4713,-0.3033,-1.2574,1.7577,-0.1993,4
337,0.4011,3.0337,0.6405,0.1275,0.0971,1.4404,-1.1964,-1.2834,-1.1887,0.7094,-0.4477,2
338,0.4142,3.3008,-0.5358,-0.4596,0.8167,-0.4444,-0.0502,0.8646,-0.3588,-2.0624,0.0053,3
339,1.034,4.5261,0.0175,-1.3236,0.1673,0.4029,-0.4493,-0.4249,0.1545,-1.3444,1.1023,4
340,0.3067,2.1307,-0.0514,-0.9373,0.1832,-0.3969,0.266,0.544,0.823,-0.716,-1.492,1
341,0.4955,1.408,-0.1753,-0.2465,-1.0881,0.7703,1.4695,0.5826,-0.8449,-1.9174,0.9607,0
342,0.6815,2.9588,-0.4317,0.3376,0.2835,0.7265,-0.0532,-0.4926,0.8009,1.2745,0.5146,2
343,0.9392,1.8695,0.3634,-0.4533,1.3085,-2.0441,0.8158,0.3953,-0.9127,0.31,0.9299,0
344,1.1075,4.7846,-0.1694,-0.3453,-0.289,-0.1222,1.2801,-0.932,-0.2493,-0.0282,0.9736,4
345,0.519,3.126,-0.4916,-1.0478,-0.5321,-0.381,0.3505,-0.2089,-0.107,1.4537,0.4135,2
346,0.4521,3.3122,-0.4161,0.2237,-0.1694,1.6203,-0.2553,1.1598,-1.6499,-0.1738,-0.2555,3
347,0.8214,1.9499,-0.6457,0.977,0.6286,0.7139,0.7077,-0.6604,-1.1844,-0.2316,-0.3716,0
348,0.7445,4.6495,-0.2774,-0.037,-0.161,-0.6795,-1.0875,-0.6736,-1.8265,-1.4993,1.357,4
349,0.4324,3.6218,0.3873,-1.348,-0.9278,0.7473,0.3863,1.4062,-0.945,-0.251,0.4701,3
350,0.6091,4.6792,0.9855,-0.5786,1.6096,-0.7248,0.0087,1.8541,1.5316,0.73,-2.133,4
351,0.7718,1.336,0.6767,-1.0184,0.5549,-0.1086,0.6452,-0.06,-0.3143,1.8764,-0.2411,0
352,0.5438,2.7186,0.7605,0.4101,0.0646,-1.6031,-2.4005,-0.7818,-0.1433,0.7742,-0.7629,2
353,0.3955,2.0392,-0.2639,0.3318,-1.5336,0.1663,-1.3804,0.8206,-0.1961,-1.057,-0.3095,0
354,0.7616,4.0789,-0.0963,0.1546,-0.6586,0.7744,-0.685,0.3706,1.7038,0.3856,-0.0655,4
355,0.3923,3.3258,0.0993,-0.4169,0.3461,-0.8166,-0.8603,-0.0564,-0.0429,1.3393,-0.2376,3
356,0.5398,1.8892,0.1124,-0.3301,-0.6794,1.1352,1.6548,0.171,1.69,-1.2117,1.0537,0
357,0.742,2.5115,0.1614,-0.0639,2.197,0.3258,-0.0525,0.2083,1.1573,-1.0372,-0.398,1
358,0.3804,3.8052,0.0282,0.0803,0.1282,0.3101,-1.9359,0.5845,0.4481,-0.6153,-1.7772,3
359,0.5529,2.1297,-0.0062,-0.138,1.9912,-0.6479,-0.7306,1.3784,0.4375,0.6923,0.5135,1
360,0.113,3.0623,0.0588,-0.3362,1.3402,0.0691,2.6529,-0.1413,0.3609,-0.8764,-0.9765,2
361,0.566,2.8597,-0.1794,-0.1719,-0.4559,0.2476,0.5311,-1.0685,0.1733,-1.2189,1.7934,2
362,0.5553,4.1311,0.5868,-1.3548,0.825,-0.1137,0.7645,-0.6872,-0.3193,-1.7462,0.8941,4
363,0.9036,3.6416,-0.2604,-0.1576,-0.2365,0.0827,-1.4496,0.734,0.4191,-1.1273,0.7323,3
364,0.7318,2.0309,0.3226,0.4105,0.0591,0.5015,0.3906,0.0054,-0.81,-0.6473,1.5855,0
365,0.777,3.0376,0.4646,0.8192,0.2995,-1.7432,-0.6184,0.272,-0.5025,0.554,0.7661,2
366,0.7593,1.7495,-0.1784,-1.0174,1.5423,0.3746,-0.8418,1.2468,-1.3678,-1.0977,1.0978,0
367,0.892,1.8194,0.1045,0.1743,3.1291,-1.675,-1.3363,0.1062,0.7959,-0.0548,0.7037,0
368,0.8113,2.725,-0.6162,-0.1331,0.2099,0.0472,-0.5854,0.5108,-2.0305,0.5145,0.0821,2
369,0.5458,2.7686,0.1586,-0.3876,1.7687,1.8141,-1.6488,-0.4776,-0.2453,0.4392,-1.483,2
370,1.0049,2.2608,-0.1322,0.428,0.2929,-0.4021,-0.5996,1.0693,0.3083,0.5609,0.8924,1
371,0.6815,4.1842,-0.0933,0.1695,-1.2295,0.6772,1.7658,0.7569,-0.2199,-0.1917,-0.6336,4
372,0.7105,3.7445,-1.2033,-0.3028,-2.4654,0.1846,0.2695,-0.5565,0.8228,0.6164,0.1163,3
373,0.8439,1.876,-0.0613,-0.0051,-0.3085,-1.0209,1.6257,0.137,1.0141,2.0645,0.0275,0
374,0.6377,2.8474,-0.7367,0.9335,1.3051,-0.9621,0.2952,1.5765,0.5842,-1.884,-1.6977,2
375,0.7342,3.7122,1.7392,0.3744,0.578,1.3226,2.7695,0.1245,1.1412,0.8557,-0.6167,3
376,0.7148,2.8823,0.1997,1.1135,0.0501,0.5862,-0.3368,-0.0499,1.1537,-0.3121,-0.1478,2
377,0.4433,1.4018,0.0815,0.0382,0.1046,0.675,1.6232,0.484,0.441,-0.3584,-1.3079,0
378,0.5789,3.2262,-0.3275,-0.5361,0.0904,0.5149,0.1575,-0.4389,-0.5869,-1.3157,0.4292,3
379,0.7791,2.3305,-0.383,0.1032,0.8638,-0.509,0.0507,-0.4621,0.7644,-0.6429,-0.4267,1
380,0.4848,4.0046,-0.2616,0.0256,-0.4552,-0.0468,-0.1927,-1.0427,0.4659,-0.1836,0.3014,4
381,0.4306,2.2453,-0.0311,-0.3046,0.6114,0.7244,-0.4872,1.2717,-1.5872,0.0374,-0.2161,1
382,0.7736,4.3648,0.8598,-0.08,0.4017,0.997,-0.0144,-1.4258,-1.1668,-0.992,-1.8069,4
383,0.8617,3.7219,0.2274,-0.05,-0.1065,0.0433,1.6486,1.6052,1.5773,1.6065,-0.3006,3
384,0.4799,3.0173,0.6233,-0.3431,-0.4474,-0.0949,-0.465,1.0499,1.0388,1.355,-0.2002,2
385,0.4176,3.2688,-0.2659,-0.8026,0.4374,-0.9214,-0.6723,2.0058,2.2023,0.2254,1.0575,3
386,1.0913,2.4721,1.0533,-0.762,-1.0923,-0.6092,-0.8695,-0.3627,0.0336,-0.9137,0.1885,1
387,0.8798,2.9799,-0.317,-0.5291,1.5875,-0.0443,-0.0567,1.8728,0.0664,-1.2597,1.243,2
388,0.9586,3.985,0.7727,-0.3692,1.0249,0.0555,0.0163,1.413,-2.1748,-1.3201,0.9458,4
389,0.6099,4.2935,0.4225,-0.2949,-0.2081,1.2879,-0.4359,-1.4195,-0.0915,0.3589,-0.6576,4
390,0.5803,2.5574,-0.3972,0.4287,-1.206,-0.1058,-1.6836,1.4011,0.7114,2.2581,1.7104,1
391,0.919,1.7521,-1.007,0.1283,-1.6008,-0.5082,1.4244,-0.9456,0.6168,0.644,1.2846,0
392,0.7427,2.049,-0.0359,-0.2001,-0.1151,-0.2959,-1.7273,1.4507,-1.2248,1.6778,0.2759,1
393,0.116,4.4779,0.6451,0.7568,-0.564,-1.5777,-0.2336,0.7338,1.0874,0.4415,1.3591,4
394,0.9999,3.3424,-0.1989,0.5703,0.9035,1.154,-0.8292,-0.4534,-1.2953,0.4699,-0.1319,3
395,0.5615,3.458,0.4485,0.6779,0.3961,-0.35,0.6778,0.865,-0.9552,1.2334,0.6598,3
396,0.9707,3.9873,0.2332,-0.2176,-0.4078,-0.1742,0.6997,-1.9094,1.1961,-1.9541,-0.543,4
397,0.8461,2.6763,-0.2785,0.7551,-0.1402,-1.207,0.2971,-0.7774,-0.7501,-0.3495,-0.7791,2
398,0.166,2.436,0.4173,-0.0407,-0.0429,0.8941,-1.1755,-0.1977,0.8119,-0.1377,0.3762,1
399,0.9007,4.2236,0.2645,-0.2156,-2.1883,-1.0766,0.2844,1.0333,-0.6252,-0.2882,0.661,4
400,0.348,4.1164,-1.4236,-0.161,-0.4377,0.5724,-0.4949,1.8701,-0.385,0.3779,0.2369,4
401,0.0323,1.6591,0.7527,-0.1367,0.0951,-1.0065,1.4407,0.1099,-1.7764,-0.5179,-1.0998,0
402,0.9467,2.5542,-0.3499,0.3235,0.3249,-0.7894,-1.7769,-1.0896,2.1004,0.82,1.0376,1
403,0.3527,2.9033,0.2464,0.3643,1.295,0.2031,0.4265,0.4795,0.7614,1.0816,-1.1813,2
404,0.5237,2.8819,1.1748,0.7914,0.1985,0.6554,2.2073,0.1893,1.4652,-0.3444,1.4457,2
405,1.0603,3.0195,-0.3978,0.2438,-1.1958,-0.1924,0.0608,0.6802,1.1574,0.1905,0.459,2
406,0.2353,2.7302,0.0906,-0.238,0.6693,-0.3217,1.0282,-1.3336,-0.1553,1.9924,0.0043,2
407,0.6527,1.8396,-0.5619,0.0777,0.9834,-0.3814,0.6614,0.6859,0.0322,-0.5968,-2.0432,0
408,1.101,3.635,0.3509,-0.2931,0.2165,-0.3979,-0.3228,0.4852,2.8462,0.7057,0.1198,3
409,0.72,3.7119,-0.3768,0.151,0.5486,1.7061,-1.3408,-0.7611,-0.2687,0.1247,0.5451,3
410,0.6901,1.898,0.4055,0.3079,-0.6993,-1.7053,-0.9947,-0.1418,0.0661,-1.6954,0.281,0
411,0.7867,3.2338,-0.9245,-0.4855,0.6122,0.4683,-0.5184,-0.4007,-1.0795,0.413,0.5876,3
412,0.5337,2.5917,-0.5818,-0.3164,1.9574,-0.0721,0.3349,0.6938,0.1013,0.604,-0.2472,1
413,0.9506,3.0923,0.425,0.306,0.3461,-1.0172,-0.1898,-1.0962,1.2505,-0.0988,-0.708,2
414,0.5349,2.1036,-0.1066,0.0472,-0.5081,-0.0463,-0.6119,0.6662,-1.1148,0.7607,0.3287,1
415,0.6287,3.7608,0.9422,0.1074,-0.5408,0.8587,-1.7425,0.8982,-0.6228,-0.255,-0.1272,3
416,0.8193,2.9573,-0.1875,-0.4833,0.7026,1.1333,-2.5866,0.0764,1.2604,0.2045,0.9558,2
417,0.8915,2.3834,-1.3334,0.419,0.2703,-1.0224,-1.9324,1.384,0.6203,0.1592,0.6242,1
418,0.8603,3.3899,0.1499,0.164,0.0499,-1.5802,1.1354,0.1696,-0.1303,0.0756,-0.3951,3
419,0.5241,4.1689,-0.3707,-0.7823,1.2516,-1.2449,-0.1782,-0.414,-0.0545,0.0633,1.1899,4
420,0.68,3.1367,0.1513,0.4865,1.9305,1.4337,0.2527,1.5645,0.706,-1.58,-1.0363,2
421,0.7811,3.4261,0.4563,-0.749,0.1865,-1.5066,-1.455,0.2787,0.5158,0.6671,-1.4657,3
422,0.9863,4.5461,-1.0567,-0.7591,0.2421,-0.5695,0.4772,0.1276,-0.8105,-1.3986,0.3259,4
423,0.3217,4.0267,0.8301,0.5187,1.1402,2.0938,-0.7804,-0.058,-0.0697,-3.1531,-0.6716,4
424,0.7671,2.7861,0.7425,-0.8263,-0.1194,-1.4253,0.0557,0.9669,-0.801,0.2775,0.2264,2
425,0.6305,3.3152,0.4079,0.8648,-0.3911,0.3594,-1.4761,-0.9193,1.6758,-0.3015,-0.0105,3
426,0.5534,4.6512,0.4534,0.4875,-1.7563,-0.2002,-0.3506,-0.5422,-0.9083,0.6947,0.8671,4
427,0.5964,4.0211,-0.3905,0.8111,-0.0503,0.8611,-1.1657,-0.6458,0.1641,0.5512,-1.903,4
428,0.7588,1.9879,-0.2566,0.3299,-0.0731,0.2486,0.1778,0.4165,-1.0494,-0.9169,0.9723,0
429,0.8266,3.2861,-0.0746,-0.6287,-1.0975,-0.9787,0.7841,-0.5969,-0.5733,0.057,1.2777,3
430,0.6194,4.0198,-0.364,0.2896,0.8291,-0.6249,-0.7331,-0.445,-1.0088,0.2145,0.1472,4
431,0.5548,4.4684,0.5849,-0.1047,-0.5149,0.0178,0.6402,0.8603,-0.5548,1.019,0.3223,4
432,1.0924,1.3477,-0.3752,-0.2404,0.1699,0.2883,-0.8197,0.6067,1.3839,1.5417,0.5399,0
433,0.2927,2.5904,0.449,0.3166,0.461,-0.0338,-1.1466,2.0689,1.13,-0.3294,0.301,1
434,0.858,3.279,0.425,0.4966,0.2189,0.2406,0.6404,0.3051,0.8759,-0.1584,-1.5192,3
435,0.4227,1.8981,0.4067,0.746,-0.3801,0.1482,-0.6732,-0.3106,0.372,-0.4639,0.315,0
436,0.9231,3.3012,0.2391,0.6878,-1.4212,0.043,-1.6105,0.5654,0.6749,0.0767,-0.2575,3
437,1.1292,4.0953,-0.245,0.231,-0.7256,-1.1464,1.3113,-0.6736,0.9245,1.5394,-0.9112,4
438,0.639,2.4964,-0.3528,-0.3735,2.3566,0.862,1.3584,0.139,-0.0782,1.0125,0.4374,1
439,0.4838,2.1688,-1.5732,0.4638,-0.9448,-1.2596,-0.0068,-0.1241,-0.9943,-0.9115,1.0045,1
440,-0.0098,1.6658,-0.8117,0.1041,0.378,-0.2108,0.7728,-1.6947,-0.9396,-1.7345,0.5137,0
441,0.8551,4.1989,-0.5443,-0.1002,0.5534,0.2185,1.3298,-0.8603,2.0443,-0.5264,-0.5109,4
442,0.7097,1.9127,0.0384,-0.6558,-0.0646,-0.259,-0.2784,-0.7847,0.5548,1.2939,0.5472,0
443,1.0593,2.8992,-0.4153,-1.1382,1.0191,-1.6791,-2.0655,1.7638,1.4111,-0.304,-1.2074,2
444,0.423,2.8763,0.2897,-1.6326,-0.8509,0.5302,-0.7989,-0.5939,-2.1861,1.1984,-0.2695,2
445,0.4539,2.2983,1.4914,-0.4104,0.3398,0.7343,0.5162,1.0946,0.6003,-0.1255,0.349,1
446,1.1617,4.0106,0.4757,0.8714,0.3112,-0.2102,0.0423,-0.4935,0.4754,-0.5644,-1.7687,4
447,1.0321,4.5399,-0.5921,0.4989,-1.2617,1.6164,0.7306,-0.8658,-1.1523,0.65,0.5199,4
448,0.5586,1.7417,-1.0939,0.7907,-0.8025,0.1667,0.3577,-0.3105,-0.1112,-0.565,-2.2047,0
449,0.7033,1.9411,0.3194,-0.3359,1.1361,0.4385,-1.6195,0.1008,2.5666,0.9596,1.0099,0
450,0.3519,3.4641,-0.3501,-0.2984,0.9865,-0.3049,-0.3416,-0.4145,0.6153,0.4179,-1.77,3
451,0.6412,2.8873,-0.1073,-0.2264,-0.0491,0.3112,0.5571,-0.6881,1.3253,1.5422,-0.6854,2
452,0.5105,3.9243,-0.0798,-0.1747,1.149,0.0874,-1.4569,0.9499,-2.0643,0.8821,-0.8788,4
453,1.1507,2.295,-0.1399,-0.7975,0.2223,0.6372,0.5823,-0.5332,0.6773,1.6928,0.8968,1
454,0.902,3.5296,0.4622,-0.2342,-0.1835,0.2985,-0.5652,0.8293,-0.0497,-0.1928,-0.8789,3
455,1.008,1.8517,0.9032,-0.2693,0.1914,0.638,-1.4657,1.6384,0.1088,0.5508,0.1325,0
456,0.7335,3.0276,-0.6726,0.4317,-0.2729,0.4759,-0.5781,1.6666,0.02,-2.3565,-0.3841,2
457,0.7504,1.4037,-0.6013,0.73,-0.0795,0.926,-0.5919,-0.5487,1.0295,-1.1733,0.4601,0
458,0.8599,2.379,-0.1057,0.081,-0.2973,-0.5562,-1.4043,-0.4226,-0.8037,0.0327,1.5891,1
459,0.6605,2.2591,-0.4957,-0.3184,-0.31,1.6767,1.8153,0.6292,-2.3025,-0.6446,-1.4008,1
460,0.6629,4.0754,-0.0549,-0.0659,1.9515,-1.0977,-1.939,-0.9761,-0.2185,0.7738,1.0884,4
461,0.6057,3.3432,-0.2333,0.5873,1.8548,2.3908,-1.0222,-0.3274,-0.2925,-2.0634,1.2599,3
462,0.7425,2.2107,0.7556,0.407,-0.1936,-1.4707,-0.6205,-0.5222,-0.6599,-0.6484,-0.1253,1
463,0.0728,2.9198,-0.1561,0.1188,2.1646,0.0635,-0.0337,-0.4807,0.016,0.552,-0.4696,2
464,0.5149,4.6893,-0.3111,0.2668,-0.7067,-0.7079,0.5794,0.7987,1.2034,-1.4683,-0.0243,4
465,0.6527,2.4039,-0.8639,-0.2523,1.1889,-0.9596,1.6913,-0.1536,-0.4948,-0.8607,0.2943,1
466,0.4575,2.8079,0.3959,-0.9363,-0.222,-1.5545,0.6168,1.9439,0.517,0.7277,-0.5496,2
467,0.1173,1.0701,-0.215,-0.4943,-0.3058,0.1944,-0.1902,-1.9792,-0.4419,0.5765,-0.8649,0
468,0.7351,2.7193,-0.3446,-0.2765,-0.0731,0.399,-0.7335,-0.1699,-1.2358,1.7197,-1.1588,2
469,0.6129,4.293,0.2614,-0.8551,-0.2076,0.5202,1.4723,-0.9527,2.0529,0.8535,-2.1059,4
470,0.6639,3.0717,0.2184,-0.5494,-0.6812,-0.0536,-0.1093,-0.9739,-0.2118,1.646,0.8565,2
471,0.7358,4.2275,-1.1259,0.0732,0.4851,0.1658,-0.8342,-0.7196,-0.0107,0.2902,0.0394,4
472,0.4428,2.1257,-0.1325,0.3074,-0.731,-0.4458,1.287,1.6711,-0.2233,0.7175,0.0307,1
473,0.5506,3.4387,0.1043,0.6165,-1.0327,-0.7501,-0.1065,0.3902,0.4366,0.9492,1.6831,3
474,0.796,1.7275,0.1079,-0.6443,0.089,-0.5297,-0.4747,0.5257,-0.1745,0.5738,1.8094,0
475,0.6586,3.1985,-0.4529,-0.4428,-1.3472,-1.6221,0.4807,-1.1254,0.4189,-1.3787,1.7622,2
476,0.7518,2.158,0.4541,0.3482,1.1424,0.7646,-0.4411,0.0525,1.0857,-0.0201,-0.395,1
477,0.8936,4.3731,0.2429,0.0301,2.086,-1.7121,-0.7416,0.6536,0.3776,-0.4717,-1.8314,4
478,0.5218,2.2651,0.2909,0.1821,-1.1653,-0.292,0.9197,-0.6533,2.2502,-0.188,-1.0573,1
479,1.1004,1.9123,-0.277,0.3702,-0.5945,0.4351,0.4914,0.484,0.8237,1.2083,-1.9367,0
480,0.84,0.9971,0.0867,0.1322,-2.9976,1.1217,0.0402,-0.4639,-0.1715,1.5552,0.455,0
481,0.4454,4.121,-0.2218,0.1594,0.8608,-0.7953,0.0701,0.0353,0.5736,-0.1138,0.174,4
482,0.7707,3.6468,-0.3473,0.4536,-1.448,0.2922,-1.4744,-0.4616,-0.2962,-0.6441,0.4227,3
483,0.6529,4.1369,0.5248,0.1888,-0.8089,0.4023,0.6378,1.1425,-0.3551,1.0501,-0.6395,4
484,1.0501,4.0935,-0.1125,0.504,0.1498,0.8933,0.5222,-0.8769,1.8464,0.7857,0.2472,4
485,1.0082,3.7499,1.346,0.8893,-0.2007,-2.4882,-0.1232,0.3762,0.8246,-1.4672,-0.7317,3
486,0.7377,4.1706,-0.4073,-1.0197,2.6789,0.7807,-0.0345,1.6678,-0.9604,1.6521,1.5681,4
487,0.7127,2.1951,0.4114,-0.4473,2.3207,1.1528,0.2332,-0.206,-0.1132,-1.0858,-0.6277,1
488,0.1984,3.4861,-0.4126,-0.3468,-0.9701,-2.3258,0.5888,-0.7629,0.7115,-1.9223,-0.6689,3
489,0.6908,3.3318,0.0106,0.0812,0.3552,1.3193,-0.7711,-0.0204,-0.808,-1.5902,0.4634,3
490,0.6877,2.0472,0.5355,-0.1102,2.1623,1.7133,1.7414,-0.4578,1.5354,0.9995,-0.8943,0
491,0.5609,3.2159,0.148,-0.7346,0.3163,0.8665,0.7932,-1.3738,1.5565,0.5906,-0.1221,2
492,0.5973,2.69,-1.2119,-0.7641,-0.2923,-0.2901,-0.0226,-1.1424,-0.2203,-1.4772,-1.2265,2
493,0.7535,4.0995,0.1777,-0.6672,-0.2052,-1.61,1.1649,-0.8782,-0.3133,0.6343,0.7806,4
494,0.4338,2.8501,-0.0711,-0.2543,-0.3127,1.4767,0.4345,-0.3801,-0.1141,-0.4322,-0.1767,2
495,0.4411,3.0511,-0.4302,-0.4165,-0.7217,-0.4662,-0.7105,-0.4952,-0.2402,-0.0348,0.3685,2
496,0.9159,2.3426,-0.0426,0.757,0.225,-1.4312,0.7867,1.6902,1.4138,-1.3718,-0.3774,1
497,0.6627,2.5813,0.8495,0.1638,1.5044,-0.191,-0.4267,-0.5785,-0.218,0.2275,-0.6686,1
498,0.9457,2.4284,-0.3024,0.3211,0.4012,1.8612,0.2734,-0.3783,0.4776,2.4583,-2.3798,1
499,0.6125,2.4579,-0.0948,0.7699,-0.9532,0.9603,1.6743,0.2076,-0.1224,0.0279,-0.657,1
500,0.4682,0.8959,-0.7059,-0.5083,-1.9146,0.1306,-1.4845,-1.5712,0.139,1.2207,-1.2649,0
501,0.5972,4.3634,0.0383,-0.1525,0.4273,1.1706,-0.6071,0.267,0.7357,-1.8454,-2.9185,4
502,0.81,3.6724,0.5351,-0.7157,-2.1844,1.7371,0.8082,0.0506,-1.14,-0.7392,0.6737,3
503,0.0783,2.7018,0.7318,0.0943,0.9894,0.0113,-0.4781,-0.1226,0.7923,-1.3489,-0.2191,2
504,0.0174,3.866,0.2909,0.1845,-1.0415,1.8888,1.1919,0.6295,0.0763,0.9129,-0.0574,4
505,0.3607,2.638,0.0902,0.6562,0.7527,0.5668,0.4164,-0.2888,-1.7121,-0.0486,1.5695,2
506,0.612,2.3259,0.5121,0.4095,0.4408,-0.9295,-0.2857,-0.9226,1.1247,1.0485,1.4511,1
507,0.1267,2.8736,0.3068,-0.0879,-0.9053,2.2935,1.1908,0.8455,0.8961,-1.2663,-0.9845,2
508,0.2855,2.3068,-0.174,0.6768,-2.4499,-0.0981,-1.6957,0.203,-0.2306,1.0102,1.5933,1
509,0.8296,4.1964,-0.0036,-0.0255,-1.982,0.2092,-0.4528,-0.1195,0.3115,1.7516,0.1005,4
510,1.1581,2.1313,-0.8262,1.0134,-0.1013,-1.8555,-0.4284,-1.3688,-0.1782,0.6259,0.0163,1
511,0.5136,2.3854,0.4661,-0.4261,1.7174,0.2396,2.5538,2.4152,0.0779,-1.2606,-0.6639,1
512,0.8367,2.0325,0.0805,-0.3002,0.5596,1.6037,-0.9931,-1.4066,-0.1928,0.2071,1.4463,0
513,0.9678,3.6382,0.0735,-0.4334,-0.2093,1.3332,0.178,0.4086,-0.1272,1.3464,-0.3988,3
514,0.165,2.6736,0.2712,-0.4787,-0.7326,-0.3015,1.4727,-1.7487,1.604,0.3842,1.8559,2
515,0.7823,2.1064,-1.5865,-0.313,-1.6092,-1.6938,0.134,-0.4006,-2.8643,-1.0626,-0.1261,1
516,0.6276,2.9679,0.7131,-0.8842,-0.2527,0.7684,0.076,-0.8839,0.1153,1.1635,-0.1792,2
517,0.5019,1.3807,-0.0001,0.802,-0.9219,1.3515,-0.6601,0.2497,-0.3816,-1.2443,1.0371,0
518,0.5547,3.9874,-0.4782,-0.4226,-0.3981,-0.8393,-0.2088,0.6709,1.1153,0.6948,0.2897,4
519,0.4592,2.8433,-0.0329,0.3812,-2.04,1.7906,0.2685,0.4368,-1.0067,-0.3877,0.3529,2
520,0.8665,2.7624,0.2866,-0.3003,0.7309,-2.409,0.8539,-0.3869,0.3341,-1.1539,-0.8406,2
521,0.2521,3.3421,-0.3604,-0.3363,-2.0578,-0.7433,0.3193,-0.7441,-0.3347,-0.5192,2.1159,3
522,0.8563,2.8345,-1.0332,0.2265,-1.2736,-0.1995,-0.1434,-0.3785,-1.7815,0.0378,0.6738,2
523,0.4727,2.2099,-1.345,0.1976,1.6745,-0.6893,0.636,-1.1427,-3.2303,1.1109,0.1359,1
524,0.1432,4.344,-0.1227,-0.1977,0.1368,-1.0524,-0.6588,-0.3226,-1.6625,-1.7241,-1.1594,4
525,0.4865,2.14,-0.2008,0.1055,-1.0322,-0.7799,0.3978,-0.1038,-1.0116,0.0542,0.6611,1
526,0.9251,3.6419,0.7672,-0.7702,-1.8854,-0.6351,1.435,1.4009,-0.0215,-1.7142,-0.9996,3
527,0.8914,3.0547,0.2158,-0.8194,0.6428,1.2348,-0.4228,-0.0714,-2.0507,-0.4548,0.3969,2
528,0.31,3.3041,0.3781,1.2118,0.0422,-1.3137,1.4971,0.049,0.289,0.0814,-1.2249,3
529,0.4271,3.2961,0.3282,-0.3371,0.0944,2.1228,-0.5242,2.0265,-0.4816,-0.6222,0.6806,3
530,0.8526,1.3006,-0.0364,0.8493,-1.3542,0.6556,0.5113,-0.0841,-1.0048,1.4574,0.9779,0
531,0.5502,3.5038,0.1273,0.3355,1.9439,-0.7866,-1.4689,-0.5441,-0.3542,-0.2684,-0.6423,3
532,0.4705,2.4078,-0.4489,0.6458,-0.6829,-2.5378,-0.7582,-0.0614,-0.1382,-0.5836,0.7201,1
533,0.7747,3.4773,-0.9242,-0.1455,-0.761,-1.0577,0.3882,-1.1321,1.1431,0.0873,-0.2072,3
534,0.7566,3.871,0.5463,0.7797,-1.2964,0.3976,-0.0693,-1.7426,0.5593,0.4656,-0.5669,4
535,0.8716,2.3153,0.2767,-0.5487,-0.0068,0.0599,0.4882,2.1278,-0.624,1.0494,-0.1661,1
536,0.8998,1.6801,-0.7061,-0.3351,-0.4918,0.6801,-1.6123,0.3877,0.2297,-0.8416,-0.5231,0
537,0.905,4.6352,0.3261,0.2262,0.0861,-0.7857,1.1725,-0.012,-2.3736,0.8217,1.0654,4
538,0.66,2.3026,-1.3039,-0.1086,1.427,2.4858,0.7806,-0.2742,-0.1473,2.178,-1.0838,1
539,0.6186,4.0383,0.1635,-0.3452,0.6081,-1.844,0.697,-1.27,2.6178,-0.8139,-1.0889,4
540,0.519,3.0311,1.5879,0.0597,2.2505,-0.9662,-0.8681,0.8742,-2.3968,-0.01,2.3162,2
541,0.8976,1.5046,-0.4167,0.5031,-1.628,2.4238,0.4468,-2.0756,0.7278,-0.5558,0.6964,0
542,0.6029,2.1154,-0.0575,0.4361,0.4372,-0.9841,0.0677,0.3687,1.6842,-0.2895,-0.4526,1
543,1.0494,1.7673,0.2122,0.0912,0.7643,0.6045,0.6099,1.0531,-0.4872,-0.2074,-1.1925,0
544,0.9485,3.5073,-0.4041,-0.4635,0.5734,2.2281,-0.0029,-1.1344,0.2234,-1.0421,0.7625,3
545,0.525,3.2144,0.2513,-0.1722,-0.194,-0.3258,-0.8078,0.2157,-1.1709,-0.6113,0.3921,2
546,0.9107,3.1103,0.1946,-0.0891,0.12,-0.3754,1.0063,1.4705,-1.306,-1.1019,-0.2279,2
547,0.5341,3.7009,0.6868,-0.7706,0.6329,0.7875,-0.6114,0.7814,-0.0347,-0.2803,-1.3189,3
548,0.6492,3.563,0.0095,-0.135,-1.2049,-0.6641,0.3971,-0.7987,-0.924,0.9584,0.9615,3
549,0.7826,2.7096,0.3053,0.0951,0.6678,1.3982,0.0076,-1.1112,-0.0021,0.0133,0.2307,2
550,0.9197,2.8729,0.86,0.9131,0.3396,0.5331,-0.0857,-0.0291,-0.0221,-0.0348,-1.0869,2
551,0.9421,3.5989,-0.9865,-0.4222,-0.8224,-0.3909,-0.8755,0.8396,0.0565,-1.6676,0.0966,3
552,0.5531,2.9095,-0.357,-0.3638,1.2077,-1.2973,0.6631,0.9062,0.9286,1.163,1.3232,2
553,0.7095,4.7613,-0.035,0.3044,-0.8558,0.4154,-1.5632,-0.953,-1.3701,0.1845,-1.2381,4
554,0.8161,1.8921,0.3656,-0.0907,2.4602,-0.2659,-0.6054,-0.2312,1.5463,0.4095,0.923,0
555,0.8398,4.3805,0.0368,0.3727,-1.3613,-1.1467,1.0442,-1.2849,-0.5135,-1.7388,1.7129,4
556,0.4898,4.7371,0.3598,-0.9547,0.5759,1.8367,-0.0208,1.2243,1.5034,-0.1559,0.385,4
557,0.5907,2.4268,-0.2972,0.6386,0.6943,0.3624,-0.2653,-2.2759,-0.2259,-0.6092,-0.6706,1
558,0.888,2.9142,0.6956,1.1433,-0.2505,-0.0673,-1.6863,-0.6203,-0.6068,1.8429,-2.0021,2
559,0.784,1.7317,0.3358,-0.5402,1.0684,0.5412,-0.2934,1.5368,-0.2818,-1.3767,-0.8676,0
560,0.548,2.9761,0.5211,0.0881,0.5734,0.2301,0.2333,-1.1776,-0.7415,-0.8251,0.2802,2
561,0.4636,3.263,0.73,-0.5881,0.5918,-1.5935,-1.4421,-0.1319,0.6202,-1.3218,1.7242,3
562,0.4347,3.3763,0.7056,-0.405,-0.2492,-0.2781,0.1688,0.5575,-0.6474,-0.9219,1.4472,3
563,0.8337,2.9694,0.9916,-0.105,1.7091,0.3023,-1.0148,0.992,-0.5636,1.4532,1.4934,2
564,0.8314,1.5873,0.5635,-0.204,2.4362,-2.0027,1.1816,-0.7233,-0.2515,1.017,1.9462,0
565,1.0158,3.2742,0.1293,-0.1703,0.1254,1.8594,0.7565,1.3541,-1.674,0.4636,-0.4692,3
566,0.8433,2.5893,0.1803,0.0964,-1.3854,-1.7297,-0.5298,0.7723,2.2374,1.2444,-0.4537,1
567,0.7978,3.1727,0.2904,-0.4767,0.2116,-0.4076,0.1748,0.2435,-0.8819,1.1062,1.2155,2
568,0.3755,1.5836,0.1937,-0.0017,0.4799,-0.3211,0.5184,-0.7717,-1.1842,-0.0874,-0.1029,0
569,0.3992,4.3538,-0.0763,-0.4072,-0.7113,0.7707,1.7891,-0.0252,0.2517,0.316,-0.4496,4
570,0.0632,3.4748,-0.1692,-0.9205,-0.8387,1.2503,0.1868,-1.2459,-0.1147,-0.7024,-0.5249,3
571,0.9806,4.0489,-1.1432,-0.0145,-0.2921,-0.3573,-0.6034,0.9882,-0.3958,-0.5333,1.9525,4
572,0.111,3.4328,0.2182,1.7549,-0.1715,0.4534,0.8749,-1.198,-0.8389,0.439,-1.2569,3
573,0.6755,3.327,-0.3863,0.5846,-1.1465,-0.9574,-0.6764,0.976,-1.1024,0.7165,-0.9629,3
574,0.7209,2.0972,0.4693,0.0351,0.3681,0.8469,-2.9444,0.5933,-0.7001,0.3621,1.7622,1
575,0.5706,1.7322,0.0658,0.9581,-1.2707,-0.8783,-0.5512,-1.3752,-1.6342,2.5137,0.1004,0
576,0.9057,3.7463,1.1301,0.6048,-0.7261,0.5077,-0.3997,-0.465,1.1961,-0.0822,0.5486,3
577,0.7787,3.7469,0.1167,-0.0495,1.3611,-1.3806,0.7644,-0.1183,0.6458,-0.7635,-1.1658,3
578,0.3509,1.6192,0.5258,-0.9218,0.2441,0.5383,-0.9234,-0.4129,-1.4238,-0.9034,0.475,0
579,0.7788,2.1078,-1.2521,0.2444,-0.3775,0.8518,-0.0891,-0.4717,-0.5807,-1.2369,0.3191,1
580,0.1488,3.2195,-0.6341,-0.5586,0.0669,-1.0175,1.726,-0.4442,-0.6922,1.4226,1.5111,2
581,0.7561,4.6813,-0.4129,0.4809,0.1957,-1.319,-0.6189,0.6924,0.6163,-1.258,0.1476,4
582,0.4685,3.4617,-0.6256,-0.4104,0.0469,-1.4619,0.2552,0.0646,0.096,0.4759,-0.3766,3
583,0.6562,2.8846,-0.4231,0.0821,-0.0864,-1.8401,-1.256,0.4798,-1.6047,0.9988,0.0105,2
584,0.8711,1.9634,-0.8561,0.1433,1.0451,-1.2369,2.099,-1.1212,-0.8345,-0.6695,0.1711,0
585,0.141,3.099,0.5383,-0.1653,0.4865,1.5396,0.201,-0.869,-0.5295,-0.191,0.6611,2
586,0.5151,1.8257,0.6095,0.4666,0.7593,-0.905,1.5642,1.19,-0.5909,0.6867,-0.6247,0
587,0.3994,2.629,0.3356,-0.8054,-0.7351,-2.2133,-0.5547,-1.7762,-0.2128,0.0666,-1.0542,2
588,0.3984,1.9848,0.604,-0.6839,2.3863,-0.9461,-0.4621,-1.248,-0.3939,-1.4874,1.046,0
589,0.8997,1.7913,-0.2347,-0.6623,-0.8338,-0.9564,0.0946,-0.9847,-1.3709,-0.8813,0.343,0
590,0.4548,1.4175,0.1035,0.8611,-1.2868,-0.915,1.3802,-0.5511,0.0433,-0.5483,1.0939,0
591,0.6898,3.19,-0.774,0.2699,-0.3687,0.3658,-0.3066,0.8408,-0.3873,-1.3799,1.0769,2
592,0.7915,2.4736,0.6965,-0.2222,0.096,-0.3426,0.814,0.4117,0.838,-1.1235,-0.5626,1
593,0.8232,2.6235,-0.9426,-0.3114,1.1953,0.0697,-0.6814,1.3154,-0.7158,0.0134,1.0974,2
594,0.7753,1.5763,-0.66,-0.2445,-1.1497,-1.2516,0.5178,2.165,0.524,-0.9588,0.7101,0
595,0.6439,1.8296,-0.9043,-0.427,-1.6108,0.4753,-1.2339,-0.2802,-0.7143,0.8891,-0.7942,0
596,0.7514,1.8202,-0.2093,-1.0664,0.7179,-1.171,0.0487,1.7444,-0.0947,-1.4362,0.4984,0
597,0.6734,2.2666,0.2925,-0.0091,-0.1455,0.5114,-0.8864,1.5185,-0.2797,-0.152,-1.5309,1
598,0.4377,2.1334,-0.0078,-0.7326,-0.5976,-0.4069,0.903,0.1827,0.4242,-0.7983,-0.1738,1
599,0.4674,4.4219,0.2179,0.4321,1.2887,0.504,-1.3546,0.7153,-1.1766,1.0612,1.5548,4
