situation_id,best_pick
27066,11
10204,109
10807,32
42951,114
6765,97
31813,117
25669,6
3188,2
35910,54
8031,61
24796,31
21380,108
30436,96
16568,10
34190,112
35816,69
41218,97
26926,43
13733,22
13965,44
42711,69
37047,2
9797,69
25717,56
22402,89
44875,104
8463,60
3925,100
27738,86
41498,26
8730,72
21946,84
1360,55
5950,111
37071,32
8884,89
4905,36
15256,66
43582,26
19748,14
35640,105
42341,32
528,108
39471,16
2369,112
12569,28
13412,2
11226,38
31770,44
7715,108
5024,8
34833,66
33071,4
35926,11
4597,59
35088,40
9470,106
20593,95
19171,84
37417,47
21507,8
10652,113
42480,25
35997,66
38320,94
16740,50
44675,4
35616,113
3909,103
44143,89
18704,112
19703,4
15919,65
2019,32
41225,94
567,54
41168,63
43593,87
4486,56
14404,25
30279,119
36549,50
23871,8
36016,55
39683,36
25298,8
25551,110
11278,8
13526,106
28133,60
42346,47
11802,24
24146,72
15909,60
7257,37
37581,16
6574,84
32668,11
7803,11
24686,66
2526,8
24187,73
28391,21
31704,68
32269,82
32926,20
41745,86
33649,6
14063,59
27883,117
33044,82
666,51
15739,55
21343,40
23434,31
24709,118
6762,95
6615,50
22441,95
37339,15
6299,79
4179,24
22889,89
1832,89
34089,6
36646,13
11519,78
2058,53
29674,84
21303,55
40040,72
14690,58
29986,104
12823,65
27621,69
17866,84
43226,63
14732,80
23016,63
34430,69
43618,1
13397,75
7549,46
24945,80
18932,68
44361,69
642,73
44444,89
43782,90
19853,68
11043,21
39415,17
20448,54
4781,47
18242,90
6579,114
33920,21
19739,117
33289,31
24243,65
4030,21
13027,8
44166,4
44631,24
13056,106
10060,84
35716,53
12812,110
37951,72
14455,111
41023,84
43842,51
33909,2
17256,23
9630,36
6336,113
40733,63
4231,16
22959,73
306,17
9945,26
18660,108
43792,60
19479,96
1924,5
20102,51
41770,86
31098,65
24016,64
44428,22
22203,2
27920,69
34165,108
4301,111
20754,64
28109,45
38825,8
35473,117
22320,61
10456,55
260,113
28490,108
43772,10
25772,16
1091,8
6931,101
21033,105
26785,108
30955,84
23465,45
23526,68
25409,119
7292,51
37032,108
25474,2
13463,73
39269,6
4676,92
2921,38
15419,53
35480,17
28768,100
2459,48
44616,109
10547,10
8621,19
11158,51
41377,24
37552,44
42608,37
30262,119
29529,87
5487,86
3338,18
44207,117
27584,53
6060,97
17776,108
3841,113
7470,25
3691,109
22151,93
15290,44
4395,119
12186,24
19394,114
23142,100
3339,8
5212,37
35446,17
34794,29
18040,61
43420,8
10903,65
42046,106
1999,68
14434,64
16965,63
20599,49
31171,4
34267,117
27898,21
23608,62
22488,76
25198,84
43697,11
3465,100
35485,45
10363,39
40430,40
28180,36
33522,10
23903,10
443,89
33740,108
11652,101
33593,40
42649,2
12204,2
13142,13
25976,55
42042,100
34971,84
32175,111
10529,15
19095,21
16191,113
6820,109
38972,75
39571,93
21256,16
3066,26
33387,54
37214,115
20293,96
29158,65
38407,48
18907,100
44803,115
1934,119
44754,24
4694,84
7741,16
33637,14
8272,49
27278,119
13942,84
25037,114
27498,110
815,0
39747,32
1049,1
36359,53
30164,68
24373,39
26562,114
16020,35
23453,2
41426,26
4617,89
908,90
17488,60
18677,114
3535,108
10033,68
7273,105
5651,108
30472,105
14866,68
33525,0
35203,97
20505,75
947,0
15100,26
8303,90
1701,35
43954,29
31457,54
56,51
730,25
33746,40
16979,84
29782,89
39561,2
22578,109
31126,42
18781,72
4960,74
41481,54
28242,106
43900,94
35916,66
32470,97
29764,25
41255,25
31688,119
23246,26
41784,65
43153,7
1614,1
16292,45
30175,50
37018,89
25360,117
6764,117
27467,87
2366,38
14235,61
39621,105
30204,64
39856,28
3996,113
9488,89
29489,21
3679,101
17997,86
19323,84
28415,59
28682,9
17993,98
41785,17
21354,14
42068,56
9862,51
22485,47
5608,89
11552,36
29203,35
41594,68
24496,84
22870,19
20133,56
2160,8
15768,108
32692,63
10489,68
43745,111
44006,55
4830,21
7694,37
7145,36
15025,75
29119,113
36740,94
27873,10
26179,109
2340,4
25765,38
2913,0
27453,48
43009,38
32283,54
41461,106
26974,89
9394,86
7207,105
34827,60
43364,2
25058,47
41078,95
20942,114
7904,29
41313,2
6021,26
33894,80
39786,55
20246,55
1669,21
44057,56
35260,89
8176,24
33706,46
5624,76
20282,91
7919,50
41219,24
31499,64
16863,95
4861,8
40553,48
34942,36
10985,72
29829,65
10679,56
25857,119
35906,17
38478,51
11805,11
39914,90
9649,14
22099,64
16259,11
18170,38
7820,42
44758,24
44339,8
22102,65
15008,58
36937,8
9415,61
36729,1
33651,88
32747,15
25143,97
8798,117
11741,72
42175,44
41663,59
15619,23
25816,84
8933,89
18361,61
16206,17
10336,9
30552,38
24204,18
33758,46
2654,114
21818,32
42966,19
42272,97
27897,23
1137,89
12974,98
11596,108
510,19
10129,51
38499,28
42469,6
9243,8
43509,68
33607,55
30666,88
41719,85
30203,25
4839,2
21446,32
18013,117
21224,113
34333,40
30226,58
33910,69
28039,51
6189,0
7432,95
11920,73
36184,15
9228,51
21845,50
24240,19
18185,72
21140,19
14456,49
6929,100
33298,60
9732,113
38830,118
1919,53
39889,22
36181,4
31912,11
1949,6
30540,95
37434,51
32126,95
32017,79
2365,119
12314,81
21175,36
11698,70
43887,108
22725,11
27452,95
33615,21
2377,36
15141,68
25653,84
24278,5
44649,8
14551,115
1903,40
22597,61
35955,45
36998,56
12294,84
38018,2
3060,33
20243,87
16672,61
15531,46
42579,22
582,52
21071,17
35334,74
11471,19
7035,109
37833,98
36282,0
10327,112
21101,59
26997,93
36782,76
19154,14
34946,31
16065,119
6163,48
9471,113
12511,45
33529,48
26783,24
13584,77
34319,114
16569,113
43581,54
18740,69
20446,8
1652,115
1415,22
17198,50
34736,51
36823,73
10355,36
36118,95
7614,117
4327,30
15021,1
8776,54
31887,101
31749,95
21183,109
39672,108
34418,43
33333,64
6630,61
23764,24
35843,36
29348,23
16788,0
6805,17
13546,101
13176,49
13470,32
12846,43
14246,68
36325,22
25207,63
35873,112
10523,50
14669,1
15295,108
41700,47
35515,108
36380,72
2552,97
25714,91
15932,113
25102,57
20221,108
22829,82
36263,115
26666,55
12877,49
38619,40
9032,68
20927,115
27209,81
4295,99
33370,108
12300,16
3259,99
34648,25
32499,110
21424,112
10360,119
37406,108
31403,2
19659,89
26909,14
43870,100
17182,66
17300,11
14167,77
40010,19
21795,51
20312,95
40641,49
13476,97
6107,113
41112,63
16427,64
15250,111
21353,100
44583,51
40151,56
38421,59
39684,60
32356,66
33642,68
6877,108
44126,20
38761,54
1626,95
32875,97
15957,55
33744,19
29410,97
18886,70
3536,51
15701,115
5193,51
17563,18
1018,18
43211,6
18727,108
22185,72
2400,104
4646,54
16484,96
26651,69
21809,76
33717,84
29072,19
910,113
27567,86
5002,40
5674,89
24908,40
21988,21
30866,38
15003,10
11419,48
32274,5
12239,16
43821,99
22082,68
16705,100
38268,105
16558,99
32009,56
40938,105
24785,38
7254,84
29454,65
40683,21
30669,89
4359,22
24563,73
36427,8
33826,21
21612,111
40964,10
34863,29
26483,17
1816,94
14497,51
31969,60
42524,98
42369,92
30763,118
29323,118
27195,44
26415,97
5239,68
24673,117
21516,34
36997,8
27018,112
25230,0
31194,117
34185,0
15186,37
10858,100
21282,40
21740,36
38087,32
24028,65
12521,20
8437,8
14610,11
36209,103
35763,65
16479,49
22075,4
2611,76
24795,34
29802,55
23804,73
27676,51
37568,26
27109,106
5703,56
24509,55
10164,10
41769,106
23126,0
8851,61
37421,58
31736,69
4791,21
41243,40
26490,4
24469,2
319,23
9432,65
10567,47
27913,89
5913,58
42667,16
35649,2
7232,50
30216,58
41241,49
9004,40
10170,97
5790,101
32599,117
16997,85
44833,101
38143,13
20738,62
5806,8
6158,46
1860,59
42628,117
5430,44
10302,119
37069,54
35725,119
40361,8
19043,105
23880,108
44706,4
42568,40
18643,16
3464,32
42390,25
44801,4
30868,55
12529,60
7043,90
34293,110
13864,84
23259,19
27268,8
39351,112
6057,16
7210,44
23402,40
28467,4
38704,40
22072,38
12468,56
10184,50
34945,40
51,17
13782,37
6718,10
34606,70
7147,72
10537,32
10510,70
7444,89
28208,118
38291,21
8554,112
10220,17
39966,20
13454,60
3823,28
39255,51
23446,100
36155,36
31269,112
7971,55
37848,60
15447,105
3869,64
37262,56
26519,85
35355,75
21827,8
29069,101
20796,35
31323,87
8484,48
21034,14
6050,108
32670,70
14298,98
25544,6
9705,8
10265,36
42467,68
20598,73
30898,5
10564,89
3598,100
13410,8
41921,73
6200,108
41137,114
15595,108
2999,54
4746,24
41574,31
9552,56
36577,19
31127,105
15765,50
28020,39
44650,76
43702,113
20725,16
3017,20
7631,83
35181,42
24882,105
16360,113
43973,21
6487,76
12961,64
44549,24
2419,11
35116,54
14713,5
1485,36
44768,1
24036,63
27974,102
5988,19
4267,25
23052,74
17059,8
44870,61
16407,7
32844,85
16924,21
2036,54
3065,36
30048,117
21781,94
40924,51
23482,40
41876,17
41248,62
1041,95
25568,28
25989,39
16498,2
34269,90
5813,60
15367,87
42525,85
29090,84
31159,55
34248,88
35417,11
7410,16
15536,69
40171,25
16078,60
32849,113
29263,105
40741,70
22703,10
13453,0
27360,9
29677,10
38962,54
30953,7
13080,89
40650,108
35341,26
27180,25
18164,117
35610,108
28878,113
3822,2
28371,35
29058,90
11244,19
6683,89
42057,77
10247,80
34928,22
3838,100
6351,114
33356,38
14340,38
18298,117
12771,72
29881,20
634,65
21957,118
24174,103
36617,66
16991,82
24260,52
36096,45
9066,69
19199,62
15611,73
4923,70
17110,84
43948,25
2347,24
44606,8
32442,68
36237,66
14294,89
40071,38
23092,55
18812,8
20012,49
5289,68
17732,73
11966,80
24879,85
23447,94
26844,56
31738,113
31589,68
12026,51
27759,54
8562,47
34386,17
29714,51
7045,25
4274,82
43761,117
21695,4
10411,22
41052,99
1950,17
21213,24
10928,54
42495,17
37189,88
21975,25
33836,20
20044,66
18961,2
43169,85
31815,72
18854,0
2274,89
11159,10
12938,31
34033,118
12386,93
22993,100
19422,55
28979,24
22080,25
42611,72
39252,53
24741,55
347,98
2260,19
6277,86
591,20
44840,19
25146,63
17861,46
24756,21
8744,97
19346,35
15487,48
11019,89
255,21
15945,33
28488,2
7283,52
12970,63
32015,105
1421,93
42054,53
20897,84
27207,10
16491,69
20101,110
23086,72
16800,100
38607,99
246,68
41708,68
15066,25
43314,37
30776,23
14676,110
14193,54
29655,33
8775,112
17667,32
16116,100
23949,88
43504,11
32807,90
14179,56
26091,63
21143,75
28084,29
37070,20
38153,51
28013,49
27144,17
16455,50
19928,19
19251,11
12634,119
16958,42
34283,87
12888,48
28546,119
13563,73
43075,118
28026,119
38448,82
32370,114
33182,73
7887,106
22770,45
17045,44
5067,68
11268,22
6333,92
40749,113
26470,32
5932,72
29873,5
8065,50
8060,33
44602,86
32761,117
18171,51
38612,66
36,100
24151,75
38873,89
11825,44
17939,48
11721,21
7252,28
6398,6
28555,97
7692,0
30505,22
23243,100
20092,100
42360,73
15858,46
44851,59
37337,88
22159,22
29960,36
5036,114
23457,55
14688,68
12012,66
2696,73
26718,108
17591,59
1746,36
38527,14
23644,108
33481,87
9244,37
20422,55
43692,44
27981,63
40470,32
7494,94
29928,16
18891,113
10686,110
4747,42
32314,19
6302,37
31357,64
5492,16
17535,21
12807,46
26246,110
27801,73
18193,22
34525,69
24059,28
44151,24
25378,108
32642,51
25060,0
22820,118
21378,51
10638,51
41188,55
19340,4
25921,54
7351,69
37249,109
24561,86
17634,117
37218,56
29693,84
11572,17
8991,63
38307,113
10844,85
6908,98
25294,60
13491,17
4858,84
28757,70
8250,94
1257,118
6680,72
8930,17
7641,26
33038,55
1973,55
44662,63
13628,38
14633,10
16651,21
36733,45
2770,94
2329,71
38616,47
37347,94
27659,28
40959,112
15439,108
7991,38
36227,68
30985,17
1894,118
16702,51
17920,58
17855,50
44277,11
25965,8
17572,119
22304,0
17274,80
21381,84
20234,55
23767,40
19871,108
6044,39
15052,17
37976,89
19184,68
44171,100
30653,77
36533,15
25905,11
5392,32
35137,113
34983,23
38070,119
38142,37
41705,101
44817,10
29495,94
9609,73
9308,73
36087,79
43599,42
28351,4
20951,108
562,102
10208,80
1031,56
22149,85
38124,42
11894,8
17206,50
7058,73
10599,16
11803,95
442,10
10588,29
30098,77
31414,82
43521,17
17629,89
42037,105
27742,58
34017,119
39981,55
4276,22
11322,85
43529,113
39408,4
10057,8
27746,85
27315,36
29362,68
32543,113
40667,10
37977,13
29882,71
13751,31
5497,89
7044,56
29317,99
18738,77
36339,82
28393,65
5097,109
21711,64
40513,28
17818,40
12380,0
14588,113
30531,108
13311,63
4541,119
42724,84
38461,108
22731,49
41400,36
22115,36
23416,94
27353,48
27258,115
17821,113
22462,2
7960,104
14440,97
14986,17
21076,26
40185,36
12696,20
43791,53
43042,8
32833,65
38194,59
36131,104
43408,54
40497,12
8656,114
12714,6
19249,41
39173,84
5113,109
22409,54
23274,14
28231,6
7512,108
33099,89
13273,48
20202,40
25395,44
42730,108
16059,51
73,68
1843,90
33538,36
11228,64
41343,68
17669,109
9436,16
39400,111
28879,8
35519,22
18325,51
19781,112
13406,48
12150,111
5938,109
28207,1
28451,89
21448,76
5745,51
4027,28
43647,49
17500,45
8974,119
21326,84
3937,109
20437,63
17494,16
4414,14
40098,60
26401,73
3146,16
38263,108
41765,80
7507,56
9990,8
3514,10
39680,20
38404,0
19476,54
42418,85
31235,61
33971,49
9411,49
5255,22
26624,14
15678,74
10046,90
1055,33
16978,65
33528,44
1525,23
20043,75
41412,2
22208,117
5154,1
14126,94
28900,97
5664,89
1806,55
17145,19
29958,73
42986,88
2970,20
38699,82
29550,69
16465,119
493,37
25108,27
10482,68
28523,21
32767,108
6026,4
23365,101
30151,113
30844,14
40899,98
27475,58
22689,93
1384,115
26771,68
20895,97
27414,109
23241,64
21737,49
44995,94
23070,26
32705,25
28799,84
41495,36
2722,84
10979,54
20108,77
17648,21
21251,106
14925,21
29176,66
37929,105
12563,54
33583,15
7607,55
25848,68
22748,16
30346,105
31389,85
14547,68
23800,11
9046,87
39370,108
37995,111
3970,19
28161,47
6922,87
660,26
37170,19
31645,108
25128,87
17502,28
17671,26
41609,21
7358,0
17801,4
28991,47
27167,51
36907,33
44445,44
34229,54
2409,2
296,83
32244,17
18296,26
7548,17
7942,49
17529,93
37742,100
5789,108
29405,108
39564,24
42795,4
6553,2
40634,53
29181,17
20534,73
26411,8
44799,111
9638,82
30428,21
13795,117
39722,60
8381,68
35409,56
2886,94
1883,5
4190,19
40775,26
43252,95
30565,111
25218,32
16375,104
7630,97
4761,94
2723,10
9884,14
36162,22
16877,105
20637,47
23212,10
34231,106
496,70
4008,20
35055,19
18582,0
8655,58
11982,42
33212,64
28798,16
31250,108
8630,108
33440,58
25595,101
34262,11
36712,95
2670,61
17140,17
2083,53
32848,31
36897,89
22923,58
26972,83
41469,99
6572,56
14166,89
33305,108
13407,115
21040,108
33414,28
37370,111
12482,69
18570,111
42591,68
23131,118
27126,59
9624,49
24399,113
42732,64
8107,10
30846,108
8524,73
2102,31
8498,73
15522,47
38207,65
22414,90
1995,26
27528,22
42753,73
19814,48
21676,24
24435,8
28834,82
43586,51
4925,94
30820,22
23697,55
9422,39
2978,39
3573,8
7372,80
2590,26
4578,115
1115,38
3088,68
3466,59
4261,87
19333,59
41278,90
23555,49
38306,108
23772,47
5229,117
13262,98
21392,36
21767,87
14961,108
38411,42
25411,68
14481,64
7025,72
28873,82
799,65
39076,108
37668,6
427,95
17129,58
36474,45
11882,108
27114,51
14184,51
1391,54
36835,100
39701,89
44269,46
11498,51
7634,89
38866,73
19515,68
30990,100
38748,62
33000,111
31017,25
28460,108
33158,24
36285,4
7423,105
44263,2
4023,1
23869,65
36226,117
18125,51
40639,112
6884,56
12288,108
29374,119
17573,117
7902,56
23123,48
38988,115
10051,26
3883,0
2314,82
12834,46
10315,109
18402,89
43717,16
9894,65
4833,68
23057,87
34783,108
29886,45
13418,89
3424,98
29754,10
1892,47
28702,54
20704,28
9617,8
5947,2
29414,10
44099,82
21346,84
8209,68
797,42
34651,47
22174,112
18756,4
24395,94
33966,97
38400,8
35587,89
22551,11
20478,95
21942,46
13765,0
44224,60
28506,21
19689,88
41024,113
25019,90
17152,119
29204,64
44501,112
34188,90
1234,89
37518,49
18093,108
42332,89
9255,48
35096,0
43624,89
684,32
23202,8
24134,10
21604,87
20169,68
35687,22
8953,70
39767,2
25135,72
29717,15
33205,6
40101,55
26380,70
31218,0
15926,38
8625,17
25104,113
19142,8
31740,36
16571,108
36673,113
34060,21
7855,108
43321,8
33359,25
21573,72
14780,21
10584,105
26797,56
34108,10
16165,6
10715,54
25854,89
40888,66
31368,66
15608,106
42699,50
13248,80
9001,47
1212,51
4979,20
34241,26
18344,73
31153,59
24754,105
32375,72
29657,38
39288,0
38935,72
14123,54
1095,0
21019,97
14738,109
13882,8
19924,56
35799,24
18767,94
7041,117
44869,63
1160,104
15445,19
41475,111
39457,24
2768,65
34341,75
27073,97
21468,2
3951,19
8095,100
43029,11
13435,114
20300,58
20156,64
21868,70
22465,19
37318,55
29765,8
43330,108
11542,112
26462,98
17007,21
8009,68
31541,59
37801,59
44874,65
30413,89
19464,55
44400,47
22515,75
14439,62
17165,36
20054,24
24154,1
30285,100
33868,29
26707,76
4576,45
3235,109
20569,14
38351,93
4722,113
28584,65
20622,35
7032,48
329,19
37235,19
39715,100
33617,95
33126,35
25117,95
7399,13
18594,62
29250,51
19586,32
5607,52
43830,32
3148,113
34052,2
8606,66
19977,17
44730,9
25463,1
209,112
3271,68
1004,10
19743,28
40671,105
13518,18
10532,4
27457,2
28760,47
11525,111
31824,118
6212,111
38146,54
4102,84
33021,36
39620,112
9340,119
18526,113
38573,93
6403,27
12043,0
7632,113
1728,41
18055,106
1868,23
37676,108
14677,86
31476,101
11441,94
1971,112
42859,117
20067,53
15588,10
694,28
22113,95
12047,51
25737,0
17973,15
35052,90
36137,56
32349,60
25574,78
34445,16
2114,77
3629,27
18657,51
27703,57
44451,59
11292,54
36865,119
36666,2
19669,36
29048,2
26372,95
27916,14
37932,95
17040,4
42567,118
42090,50
42269,49
2484,112
42082,26
28072,10
39879,10
29455,25
25745,86
3409,6
21159,6
40997,66
10745,19
7192,10
26617,16
386,64
33927,117
14674,22
15185,44
7953,76
42856,54
8118,15
4299,46
36502,66
24783,45
12076,74
20472,85
11179,109
5914,55
41631,42
35476,50
16480,100
28083,51
3130,26
8015,44
27050,108
6780,119
6618,84
35395,25
20157,51
10559,87
35007,115
20047,100
27657,87
33312,98
9399,2
11219,62
39161,113
35157,31
9784,32
33822,64
20256,101
27206,17
29732,15
16226,21
36353,21
5591,26
41622,8
44844,80
19285,106
14746,108
41537,8
632,51
39088,113
4535,94
29849,45
22353,22
12674,112
35165,44
31205,22
25467,84
2576,68
35141,119
1756,38
42302,60
39875,42
39487,68
41071,59
22024,86
11236,68
25385,11
25671,66
35283,24
27007,95
9663,38
16799,6
15150,44
23572,19
36836,19
17094,85
897,68
11720,25
42903,110
25825,106
39664,27
34263,76
37357,65
690,64
40448,50
35656,117
36005,108
19517,41
5206,114
42873,62
17790,97
3574,85
916,24
16911,2
22727,80
39389,99
23039,55
31285,36
19203,102
11136,55
43727,114
43877,105
29892,108
19396,80
33697,113
12419,13
4019,48
27079,3
24188,119
22491,97
27588,119
15456,9
17158,113
18015,100
6806,108
31212,51
35518,51
40538,70
16450,73
23671,37
30276,4
26508,119
25567,119
30316,17
598,113
20946,0
4001,87
42510,55
38563,115
38112,31
37642,51
15471,105
39258,45
11036,117
11936,19
35933,31
34214,28
11109,60
39399,8
9611,95
29669,119
20812,17
39060,4
14379,55
2837,56
20141,68
3218,105
28149,68
11324,114
26355,63
22331,63
39296,83
11530,88
4695,21
38300,111
23778,17
5241,70
11545,8
12500,54
7338,98
7396,106
44449,2
25428,100
4482,60
43073,15
30960,108
39412,45
9180,4
13411,85
42727,109
11906,0
27115,104
18617,80
18722,95
39736,59
17430,24
41381,117
37889,14
38024,48
15120,25
12878,40
9475,97
1074,22
14260,97
26855,17
33545,72
42665,96
38370,74
26224,54
39333,2
9386,101
39191,11
26880,4
42113,90
12598,60
6083,12
25689,4
36711,24
40454,113
9187,74
565,108
20502,39
5899,2
39401,47
31568,56
13873,2
840,50
9834,99
39365,119
32530,47
25039,11
35434,89
26548,0
36334,65
12334,48
39873,105
9341,108
12975,44
31615,44
765,20
43156,61
37428,24
37145,100
43325,111
43097,4
39411,101
2620,86
38046,69
35794,61
17288,98
17682,72
20125,109
15831,26
34790,17
18232,115
9385,11
35453,6
32839,101
33793,13
12751,94
25788,18
25034,85
30344,27
30652,0
13908,106
33957,48
23207,99
40337,66
26020,83
31587,11
3499,14
42798,20
37153,56
35477,77
19116,4
20601,97
4242,55
20344,28
41289,6
1359,65
12931,32
31533,18
26148,101
17263,102
34346,22
23957,41
1509,54
12780,56
39119,42
1845,69
27939,108
12243,105
7838,10
6963,84
27610,44
41806,66
29318,2
13769,18
15700,20
20284,62
12002,4
4332,108
29672,42
14367,51
11678,59
37278,5
10251,69
25818,100
29369,48
2108,18
12501,48
10778,48
28466,101
7773,70
36552,22
3644,68
30171,38
11351,17
43019,98
43378,68
43646,47
38947,97
636,17
8983,56
16630,83
22666,21
4512,60
1193,6
32813,24
17360,109
32305,47
13866,109
6786,108
2963,117
21947,113
9776,64
22076,26
4515,110
9581,101
14267,79
3216,55
34743,31
2460,11
32746,22
18066,11
33257,21
33439,20
41308,68
37381,100
26623,100
30788,48
39421,110
4151,59
432,17
5167,114
23984,48
34600,45
26016,9
40836,105
12697,58
37,77
32544,89
33024,0
32140,17
20372,31
42363,113
36612,50
713,42
559,85
43309,20
35103,75
13091,11
12612,117
42111,54
6131,30
25457,97
30382,56
13092,8
32542,30
26325,119
20684,53
36197,60
18890,84
24714,8
28812,51
18964,1
24815,72
13017,63
13879,16
3747,113
11600,108
1597,51
39849,14
20874,89
30677,4
36105,50
14080,25
24312,26
9372,17
44531,72
22391,72
4302,0
35774,98
22694,28
40608,68
13285,101
44008,89
28439,77
7523,68
43910,22
37836,108
1559,82
13313,50
13528,89
25017,25
19317,106
7928,74
2107,56
30363,113
31262,49
37926,17
19465,36
42698,24
30624,27
10447,89
12561,63
15863,99
13936,17
7939,73
16105,97
39719,97
19797,0
36103,109
38592,37
17290,109
44455,113
760,101
19502,17
33754,15
26867,89
33092,99
30563,89
17064,117
35365,119
16679,47
30712,113
30177,77
11735,19
1785,4
4382,70
21702,63
40237,77
9476,94
4893,29
22117,74
12646,45
15321,63
39387,54
29480,58
22211,105
15234,65
17254,101
7407,49
21692,89
18101,17
2648,11
2586,68
25287,118
29381,16
19544,114
11009,90
35950,4
31042,117
11672,8
4218,24
9795,97
30697,89
31075,111
12779,50
26999,14
9371,54
20140,50
7378,53
43234,18
1754,98
148,101
25362,8
41099,68
40366,1
15545,61
34381,112
5829,99
3770,21
28343,118
43333,64
2015,4
5192,60
43978,10
41046,8
33371,84
40830,46
865,17
39283,109
23396,94
37665,95
4477,36
42887,64
16865,19
32885,113
4507,113
5344,97
21586,101
352,113
4460,20
17157,112
40112,99
3873,80
179,35
12638,97
24544,119
26754,98
21177,117
7436,10
40536,117
5958,108
14110,44
34568,65
364,32
14648,60
15082,63
32031,106
6038,95
8221,51
13895,25
32345,50
2801,37
37340,22
35690,111
42376,21
12856,87
43907,89
24853,43
1245,4
22745,68
20921,6
13746,66
30615,50
3239,68
32876,17
38980,19
16150,94
31100,22
37653,13
14728,48
18158,15
41213,51
6475,25
11319,22
37210,11
22228,65
4394,119
22257,53
23195,11
20774,115
20732,88
3567,5
36225,4
36596,49
38227,76
25734,24
21534,84
11317,11
17357,8
23761,47
19420,72
1789,32
13739,5
13662,113
32383,89
25651,80
29256,109
36637,119
9230,0
10,55
10839,25
8855,72
17810,84
1403,50
42413,23
39539,56
40298,51
31958,0
10585,38
36851,19
39829,51
2431,72
8515,38
34112,8
22620,11
372,84
909,97
14915,44
41632,70
41714,54
2402,92
32161,4
28743,65
11662,2
21686,17
11415,108
34012,68
1195,84
35758,97
29902,87
15704,18
256,28
16365,59
8205,109
1409,41
44785,19
20061,4
4725,108
41867,49
24722,65
25192,35
43565,22
29508,37
10055,69
28952,105
37856,26
4784,117
13663,89
7522,45
9304,119
15870,61
1725,22
38933,0
41824,56
21823,117
21514,117
5912,17
24843,48
41440,97
13886,16
37561,108
22891,46
25964,45
42251,80
1379,24
7689,24
3688,10
28287,28
22258,76
28067,64
10435,16
34413,16
15659,12
16182,11
652,105
44185,22
24256,87
3621,19
5328,54
7219,77
42384,51
36719,95
11162,23
12,113
6152,113
11663,48
2810,72
26902,117
44272,8
35457,72
11161,51
38707,8
30628,51
37439,6
12363,56
44172,97
1506,106
29047,54
34898,9
38549,86
34416,20
21274,112
15928,48
6766,84
43803,8
21605,8
19093,1
37751,111
22286,58
41183,80
14963,80
20460,58
43481,94
44937,51
34311,20
12120,6
19510,22
3414,89
22369,113
14408,54
32583,38
32800,54
7187,76
27713,89
39737,80
12213,76
39388,50
22684,84
17323,2
18680,72
17325,68
30783,79
8749,6
33513,100
4083,68
21774,46
27846,10
21966,108
35645,8
40581,20
2651,8
21329,1
22030,0
11595,16
18205,38
1312,118
560,108
7146,4
33725,97
34878,80
31759,51
5387,59
44368,115
44144,2
13535,58
43150,73
41109,89
11197,24
36822,97
10391,38
19344,15
35167,0
7310,101
17276,109
7737,2
25557,8
9597,98
35393,51
33012,45
11340,97
30418,2
30807,54
3346,0
19257,55
15835,25
28261,87
8959,77
32584,51
19971,4
39568,60
39969,92
28876,19
23178,98
4947,54
8627,36
16218,24
9967,62
39206,95
93,37
21550,19
28583,80
28314,59
6791,51
27757,87
44915,101
37043,8
13450,6
40588,100
16331,26
1885,26
42085,84
12786,83
5773,62
36385,25
20707,97
30160,100
2,86
16091,16
2759,37
40507,55
27928,79
26013,5
9425,106
27775,21
3175,111
26425,68
11294,118
16304,14
35233,52
30958,51
14274,16
43041,55
25025,83
42769,90
2511,4
15248,95
40266,32
4491,38
2317,110
7086,105
18569,73
10082,118
1155,59
2486,8
16713,37
37820,84
26728,115
22948,99
35995,25
19381,75
19551,44
13541,45
4392,4
39018,22
42461,4
18847,45
36972,74
19230,111
8872,48
23970,33
8859,77
32328,6
34959,87
9921,47
6668,29
13358,45
18454,25
23977,25
22686,26
12818,43
36543,72
31385,72
34502,37
20431,68
38511,88
38778,52
31472,41
18706,2
36814,21
10095,49
13934,53
27331,49
16205,72
37190,69
7612,106
23286,59
11934,105
21618,14
19656,37
10141,17
21657,100
41766,82
2889,42
30897,84
39192,0
788,113
10131,80
19731,7
24874,27
39184,6
25738,48
19569,65
36169,51
37012,90
22580,63
24078,100
41171,66
36145,113
33351,19
9972,42
39313,64
28363,14
25705,73
40283,40
32449,10
16733,80
37048,1
37981,83
19733,68
801,73
38715,47
30984,5
11650,61
25368,15
17273,84
38532,24
27940,33
39080,113
17352,118
28618,97
18320,104
32222,117
6853,2
35524,60
6458,65
29388,50
14855,6
12809,19
13806,66
18000,61
44017,32
34938,93
36490,55
8077,55
2956,90
38180,111
32112,49
16016,75
41318,56
10974,45
44319,103
13444,46
13824,64
10067,55
28341,2
26940,8
35169,53
12397,17
29217,64
15702,70
36848,5
37134,65
32060,104
11139,37
26382,6
43015,44
23296,109
18385,69
34470,100
29521,8
40509,10
33892,19
818,90
27599,68
7764,84
7727,15
39303,56
9735,72
21923,80
18595,109
20493,64
35901,17
15329,6
7972,10
4677,38
19131,54
22322,23
39166,4
40296,16
25761,45
16246,17
28549,38
4331,32
4663,113
38571,108
27862,113
6696,54
35135,72
11157,60
9721,8
13928,82
5956,54
16142,51
43166,89
18824,90
12884,114
15401,49
31113,10
34258,98
18976,75
36015,33
6849,109
1425,33
34764,2
11864,64
35459,16
28708,72
37731,84
31639,22
41251,38
6843,105
32275,4
28225,111
8572,19
10813,56
35029,6
36737,22
3196,69
26613,41
42472,47
486,109
370,21
21376,8
33551,106
38629,16
27654,29
6382,115
42378,16
15407,106
8837,60
30408,31
19622,37
16682,51
17257,70
30869,2
34815,94
32872,51
24003,2
39325,11
13266,108
23112,58
30336,20
3632,84
16493,51
15893,40
11656,84
18522,70
16691,4
36888,37
25318,55
12663,22
669,54
15184,76
37246,55
32873,0
23161,20
44154,80
39997,59
34207,56
29097,46
11039,90
15775,95
20317,51
22958,14
37696,110
3258,75
34076,75
29990,45
13877,32
43856,56
34332,49
25762,98
33714,40
11760,111
30031,106
40704,49
17615,25
35771,113
24599,60
11978,89
19747,109
12055,47
39617,89
34077,72
11345,86
19859,38
31115,61
2196,98
4566,55
24124,101
31891,112
35282,37
21248,28
31095,111
12577,49
15754,89
39524,51
22611,113
22375,20
8791,95
28264,117
42166,98
12881,74
20369,119
21390,55
11249,95
9777,100
5257,8
25179,48
37774,16
13932,5
5322,64
11586,4
29482,4
44778,46
41212,86
36069,119
43311,33
23227,59
12041,109
26751,114
33480,95
5783,13
4409,97
11688,55
40028,73
5574,109
16934,68
35825,40
36009,48
31498,39
40131,8
40681,98
39033,55
8493,2
42787,73
19648,49
40069,76
32471,17
18482,89
23385,111
40954,112
44620,72
36439,6
44457,60
20800,36
26872,97
10394,95
42515,11
2934,7
10794,118
4311,17
14691,2
21371,45
26986,36
1353,52
12489,19
21217,60
5752,13
38841,84
41922,19
24406,4
16440,22
3412,84
10416,68
19239,28
400,9
35754,2
16043,118
21182,117
30255,70
25570,104
26205,42
4846,115
24386,63
12664,65
6554,60
29401,25
38883,48
19657,2
597,55
1102,113
7233,75
38171,75
31106,108
519,6
34523,2
34131,84
5263,89
33837,9
8419,10
17463,101
39054,75
26784,48
22995,4
24230,17
32694,68
665,38
31320,72
13796,55
40493,93
29171,49
25605,54
34467,1
28419,60
18261,63
39171,69
23704,58
42300,113
23184,98
7065,50
44271,113
2979,51
16988,14
13750,34
6861,37
8168,90
18897,98
32450,17
8128,54
29011,47
16475,61
20229,41
27250,22
36664,78
44812,43
17733,66
34489,21
36545,63
15210,4
15722,35
39608,40
4050,86
33382,40
13894,105
16956,97
19965,4
6372,0
7244,84
5062,84
36370,61
22139,109
27563,2
15764,54
23332,73
43423,64
25596,4
16412,24
26442,60
10086,74
26145,63
30794,98
19768,90
10766,23
25958,21
22401,17
35724,92
7869,37
29823,64
5409,28
25995,68
34326,68
10892,98
35256,35
3291,20
18147,51
36291,101
15371,108
3400,17
38385,111
17350,4
2272,60
18758,20
14429,112
41266,47
33001,47
35454,3
30598,80
25112,100
9843,73
16676,38
27412,113
40156,69
41870,7
11392,54
19254,14
17261,100
29510,8
27785,38
9964,89
10635,72
32624,64
38285,50
13231,75
2739,84
13201,87
21263,73
4357,88
28754,105
19775,108
6642,16
10420,108
20802,43
27937,26
17070,97
20968,24
17221,77
8458,48
5791,4
26582,117
1726,68
18608,25
19563,17
38330,21
39068,16
40276,26
43756,66
1067,51
23763,17
24485,17
11258,8
10940,4
16006,38
23351,89
28205,114
6461,108
19445,45
889,65
33734,80
10481,21
5153,89
34731,52
27701,19
9850,22
12062,78
14496,64
25703,64
1909,82
15690,21
8353,80
43114,56
4134,114
2738,65
2835,6
26119,14
7213,63
33743,51
35036,0
36538,21
40453,5
132,69
33349,8
9716,4
33161,70
22942,11
29565,22
30815,23
41820,19
42506,1
20661,80
8183,2
41441,108
20595,11
44515,113
24811,109
16607,51
17358,10
8593,97
27750,69
20393,92
10150,61
22606,109
20982,48
19787,42
19899,60
42380,19
4712,66
35676,86
39476,88
40890,97
8071,19
11767,63
18807,99
15890,54
19932,105
24829,42
21360,33
23932,69
5481,104
44139,2
23958,84
6895,119
21885,21
27885,44
43130,106
18768,93
35418,63
17459,117
44900,100
42581,45
8789,105
3190,25
25708,62
3650,93
20454,60
3370,17
33435,54
20842,0
41777,49
1764,85
41815,108
38763,2
43045,17
33782,80
41938,118
15629,21
28527,55
7903,89
28615,8
13334,14
18120,75
14692,99
11539,90
17952,8
17127,40
20378,65
26555,17
28955,55
8817,28
25692,101
6284,68
6273,119
8536,77
15651,0
30028,22
12641,17
42718,37
24665,54
20719,76
40660,16
4662,84
21498,0
31359,113
8587,10
13306,16
32959,117
21596,54
3641,11
26336,108
15799,3
43620,108
21,111
36486,16
32563,16
35670,108
36074,80
37185,74
5534,25
40217,113
19276,104
33547,89
15235,22
36981,99
38730,69
22912,73
36199,51
17207,96
42067,58
26841,68
37144,8
36390,36
4259,24
1469,103
13322,95
39936,111
25496,94
37200,22
40744,6
8424,49
368,8
43115,33
31021,24
13112,51
9491,119
16448,24
30348,79
11384,101
20594,68
36613,77
11017,113
21700,44
18105,58
33172,36
36828,105
44814,19
10683,99
34592,80
10972,42
36526,26
3232,2
18302,75
31467,62
7246,59
28511,7
1831,55
1242,24
39695,108
25735,44
37416,26
4656,77
37617,0
28906,96
8998,68
41966,51
32737,8
42997,108
38179,53
7490,11
18161,76
14772,54
38085,8
1777,119
24161,38
32312,115
15111,11
11133,60
13072,11
42231,60
1823,109
31008,108
23027,11
22784,53
19935,19
43010,4
21630,108
29294,98
14779,95
16117,89
37738,77
12470,26
16619,99
737,57
16608,19
3293,8
33146,99
38648,41
23290,20
3845,36
28469,32
29441,45
13777,19
41156,35
22301,31
12270,108
1658,80
32980,19
23698,56
20803,108
1214,76
21577,94
15898,66
15762,108
14195,79
33560,4
44906,16
44356,113
9505,69
2413,21
34492,54
27398,72
32214,36
834,117
9063,119
9455,100
43774,64
12537,89
13163,36
29506,0
33988,54
22936,93
5609,25
11907,77
4581,69
15089,103
10292,32
9677,54
2523,89
31933,49
43604,109
19462,40
29409,54
25881,4
4782,118
30782,64
19558,65
31047,60
4381,51
33760,25
14435,100
7642,24
18549,60
32391,72
44793,55
20187,45
35281,106
42766,95
39044,82
10618,36
26739,98
40810,50
7637,110
6854,74
10619,109
1386,36
42320,21
21323,28
555,72
18705,88
16704,89
35863,21
3285,25
9930,17
9166,95
7847,97
1313,95
26469,103
20343,60
11095,22
27909,48
14706,26
32069,60
25757,59
40459,14
18653,53
18256,113
2972,109
24982,79
17806,26
44986,111
34625,20
42484,117
29283,108
2765,38
1541,73
37286,26
44497,31
20991,84
8434,79
23495,17
29332,111
12388,2
21922,108
42815,17
26567,49
42695,86
39091,119
8563,95
3771,68
17493,117
4655,86
11434,113
32649,89
42973,0
32536,11
294,101
27499,86
12682,89
19938,51
9096,111
1737,70
20365,50
33329,105
15357,32
36113,64
11492,38
9628,47
44399,111
8314,2
38245,38
9719,70
39884,64
21322,21
38369,6
32826,112
29059,6
28942,49
35969,68
3435,58
42196,111
18033,51
35278,51
17322,33
38977,89
28174,45
44450,69
12886,2
43179,76
39259,23
16138,38
28114,48
30805,63
5993,76
9107,66
20799,5
22754,48
26393,50
27684,32
42870,84
34840,68
12122,25
14837,55
13335,21
3513,77
42010,4
30992,84
38352,8
23866,87
24094,21
23341,63
3782,2
41448,21
31225,19
9336,69
15385,21
10702,72
27566,108
26849,18
35628,2
33989,48
4864,56
24118,77
13280,20
12390,22
6085,7
26579,91
12546,113
4924,16
4532,80
44588,14
34440,0
32408,60
4055,17
41429,117
42566,47
10000,26
23535,104
11953,89
28400,109
2850,4
29195,49
44479,60
10255,119
24290,11
44206,55
12879,95
19838,54
37085,50
25020,72
23769,31
5519,29
858,40
39373,77
5972,2
20823,66
44640,95
595,6
44211,41
8804,8
24183,19
28997,10
9746,33
14352,8
10165,95
1951,69
9120,26
5649,82
15847,66
7910,72
14781,68
7830,17
2513,90
7526,65
7860,97
4700,20
35001,63
32720,0
27626,21
24976,26
24340,44
17560,0
25008,114
29774,14
31501,32
11926,35
22044,62
9215,111
27874,5
25103,10
20539,32
38742,64
29187,19
14086,22
20625,8
5424,109
13265,94
23831,49
28840,95
15567,22
28656,95
8995,100
34318,73
17393,40
23519,98
14842,49
10929,101
22998,41
36011,64
21359,40
727,106
31711,63
14591,70
22104,40
8169,108
23244,3
331,72
211,49
35031,22
3543,62
28740,108
34206,109
10707,47
19252,105
16251,88
13237,88
4792,66
40584,75
2017,90
30980,94
44032,38
37578,89
33688,17
24111,119
12171,51
31634,8
16396,54
4868,113
33586,37
10976,56
41677,98
9896,72
453,59
9241,11
3457,8
42176,59
43076,80
17043,32
36901,17
23806,117
29715,108
33108,117
33708,18
35507,50
25988,10
36964,2
33638,13
2786,66
36839,65
29825,104
24074,76
8222,79
8123,44
5796,74
36445,26
8864,6
43438,51
29680,26
5188,5
39527,2
17492,95
19613,97
35030,0
19157,80
38637,87
5057,0
22219,84
20710,17
39841,74
13186,38
1779,42
35321,11
44898,60
2686,5
1040,75
24931,75
16939,98
3071,68
20858,80
38161,84
40466,25
40022,47
29844,59
7766,75
28561,95
41442,84
15682,66
42059,37
15663,10
15128,119
12031,0
40215,55
7961,72
1906,45
29505,106
25345,113
37686,17
10303,117
13503,38
2024,65
17397,8
28,48
9718,25
40189,32
33123,40
3170,111
31663,54
39693,105
11560,56
18460,109
3675,20
15450,108
20608,73
6749,113
32888,2
6794,90
20612,64
328,22
4710,25
19665,105
2370,1
35312,16
15791,119
27382,87
40887,56
10871,24
18562,95
4898,95
1209,119
13362,93
38318,38
25473,54
35891,73
78,95
26120,94
43681,68
37828,75
41952,99
44002,101
29799,90
42803,77
5682,16
9493,89
39661,11
40542,47
20390,73
15605,19
14485,69
6213,88
19641,22
34550,100
13275,77
5544,112
34714,113
21137,84
43272,47
17061,49
14385,54
27181,20
6789,51
34160,14
26287,72
20121,106
44767,46
35983,17
8989,54
12404,27
9969,103
12305,75
1770,17
22368,89
10912,80
30988,60
35790,69
28804,51
7856,38
10100,7
21575,75
37387,103
28185,30
43555,20
8719,118
8558,99
12516,4
24530,111
20648,109
24251,69
12454,112
6825,61
31826,68
22554,68
34841,117
39559,68
4423,21
6862,106
21252,119
9490,19
20760,36
15635,108
35694,113
38475,97
9825,72
9479,105
8733,109
16874,118
20081,20
2013,31
33715,108
33383,48
2147,113
39503,40
9699,85
40823,66
6841,18
26811,54
17194,18
6269,28
2073,45
37260,47
41666,109
33653,25
18174,48
11334,90
14621,54
15332,49
3895,94
767,84
18029,75
8012,66
28801,113
28718,77
16363,60
39475,84
24747,47
808,117
24309,51
1468,59
30337,94
10550,4
35490,33
5419,58
42377,7
17548,89
34328,8
21059,90
12673,82
6041,119
12061,114
44560,59
43400,4
31362,2
25628,55
18635,36
34929,68
21058,108
23840,8
9247,55
37420,17
25502,47
15733,19
10116,26
22763,47
7265,63
29483,75
41929,2
36704,2
11725,59
15043,56
23525,22
27608,119
36975,72
23097,62
30974,4
31673,13
14033,55
42500,19
26028,95
34917,22
20541,84
31345,4
26498,89
74,115
719,111
23723,75
36784,68
3932,48
14670,61
39409,45
42884,46
2509,119
38282,48
32317,47
30728,64
40961,17
4067,42
20104,50
13100,6
30544,53
27818,109
3145,50
17513,61
8697,2
37868,113
30562,77
24310,36
24845,105
20619,73
24207,19
17138,72
1537,49
41253,79
42073,101
35310,19
6073,7
39077,84
20409,88
21602,56
23610,4
31629,84
33005,108
20655,84
22259,24
6093,21
37534,73
29883,7
1620,56
8793,23
21301,4
1308,13
14374,63
1582,26
44550,38
35199,49
1044,6
42246,19
7633,85
10931,4
26691,93
31076,54
41232,113
20183,10
38334,59
1600,97
40956,84
1849,87
1752,3
34808,75
18467,8
33314,19
41443,5
5147,95
25251,111
10737,84
18051,26
12191,19
10694,50
22398,5
40471,63
32334,60
16559,50
22372,17
11801,48
34864,10
20171,70
28930,44
14650,69
15574,100
9318,82
43367,52
18825,72
38037,117
17706,73
24398,60
27328,76
36833,60
15096,74
1294,4
29583,73
30962,79
34768,68
34831,45
28647,68
34275,72
20002,113
5577,66
35660,96
5611,42
5077,87
5335,84
9546,118
23350,8
4141,0
7938,117
44645,22
43665,111
13036,21
40429,8
30836,87
12224,6
23104,114
9583,108
21015,104
31846,21
27027,105
43765,9
2251,108
25601,76
3670,6
38676,119
25401,20
38393,95
25212,99
30725,25
39107,55
13436,2
37528,31
17331,11
11689,60
23369,119
38175,26
14196,24
31816,2
40512,23
20269,54
44577,0
12963,25
6697,46
25820,25
41925,94
27867,56
23515,111
17948,62
43463,56
37466,4
10750,61
3320,26
21576,49
10464,48
30733,60
12446,16
4773,51
40751,86
37477,80
31836,37
38292,80
23916,55
41127,53
24143,92
20981,54
30492,56
25993,49
13560,110
2311,45
28919,8
23380,38
29685,19
12658,106
8391,52
15167,86
12916,108
2823,56
4551,17
11437,64
20837,25
42393,80
28477,63
11353,89
3749,8
16821,45
16532,40
27370,108
8399,89
9079,46
524,84
41194,114
30766,119
25523,42
3727,54
9472,0
23183,22
32890,36
20750,42
30461,98
15620,8
2283,63
2302,36
23781,4
3052,118
14292,55
5820,100
28036,32
37882,109
15173,89
19950,25
48,95
26708,20
16885,50
31819,48
35953,42
14345,105
229,21
1211,36
35592,98
8772,74
33737,36
35775,61
29163,21
20689,22
44502,105
17458,95
10942,40
1986,17
42635,95
35712,68
42747,17
41860,8
25022,69
14016,106
26746,58
37201,68
39593,89
36929,88
3117,87
17509,65
11232,70
13753,80
39523,86
6240,22
35187,112
12316,66
6207,84
13303,16
7170,4
29443,115
23590,108
39289,68
33785,17
37500,19
28853,113
24127,64
18312,68
350,106
32991,68
36404,21
25563,64
39783,77
35268,39
43927,51
40860,18
33332,105
10367,2
33690,113
3385,85
36701,113
30554,88
31932,23
7959,80
19091,60
14516,44
44625,17
44705,36
22340,101
30522,45
36303,22
27304,10
18316,49
26973,113
28315,22
7777,97
32930,14
17205,101
26639,105
24662,95
44791,101
15994,87
44181,84
30286,21
10889,103
29150,50
7645,26
14116,108
9589,68
40933,19
2833,68
26756,11
23790,11
39606,54
24624,60
28324,56
38114,55
40054,82
9979,86
38136,70
18259,56
14549,19
36863,105
19073,95
3990,19
14799,51
44924,93
2785,21
3880,44
33861,108
37953,34
40939,79
11975,72
7746,68
36713,48
26505,20
34932,69
35654,27
10109,108
25092,11
37122,109
5666,24
32940,13
33407,55
3407,117
22880,111
5065,21
1548,54
7435,8
10024,52
33804,77
11814,0
14419,18
18827,89
29113,87
39291,108
8418,59
9582,24
40682,45
28666,8
12458,89
13107,55
12467,60
32332,92
41190,90
40859,110
33122,41
39653,118
33932,42
845,51
25389,68
3395,108
11559,6
23147,54
3127,60
15138,0
40339,82
41332,69
954,21
16535,55
3587,113
3557,11
41204,60
28948,21
42923,28
26569,70
37939,68
6743,90
11267,70
28481,17
42933,95
9484,46
16892,68
13890,22
39520,119
24405,36
18645,61
23042,119
42620,72
8177,31
11620,113
7857,51
20805,108
17485,50
35371,115
8609,82
8061,8
36018,2
12601,72
28716,58
33477,80
32886,89
4598,19
2042,66
6130,108
31528,45
33085,50
10566,26
2064,77
14457,40
13419,60
29661,119
22990,108
31169,19
21387,32
6523,117
25957,73
27433,51
14953,16
30859,22
5470,97
22200,108
14336,4
30936,13
24014,48
36931,0
27301,19
13180,58
33171,17
37679,82
27926,105
11422,8
41256,70
6378,8
18625,119
19867,88
14744,56
40037,101
36307,55
6310,105
9219,19
35362,106
43869,68
38626,23
31213,89
40331,105
14266,64
15867,40
21411,8
44859,19
21665,105
1502,2
27445,4
26183,2
29777,43
43359,60
30640,50
678,117
16378,65
5851,113
7194,28
16301,43
29841,95
2939,25
34618,64
22906,68
1070,61
17929,84
6784,110
14444,60
10672,60
19156,84
36160,25
40087,40
27912,106
19790,38
21120,44
21782,8
28258,65
28362,51
37661,47
8720,119
17106,21
21560,58
43242,115
19159,112
39424,1
12716,101
24099,105
5670,17
24518,76
8949,93
21876,4
44182,113
31556,19
26128,117
41535,22
33342,16
24833,48
11182,37
37146,19
25616,14
42585,47
15123,119
16698,15
30761,54
27765,61
43875,94
8695,110
22738,109
10514,6
10748,88
17232,85
35016,95
15958,89
31692,48
22486,19
39302,60
24502,95
28513,69
30828,16
27307,56
21939,28
14390,61
33765,26
12926,80
25752,45
29416,70
20756,38
19881,45
17794,89
8032,0
1407,73
28690,72
43145,100
14021,109
14254,113
18196,63
31351,99
33461,85
10725,51
21395,61
3443,48
9174,89
41970,19
4175,85
13844,51
41422,48
13382,74
26424,6
16645,36
11529,48
15979,95
36643,51
20400,17
3626,100
37879,109
14157,4
36323,60
10386,17
30270,36
41887,64
19751,45
3516,46
35294,68
15032,23
38774,6
1168,2
20528,22
24660,36
3149,80
17264,48
23956,94
19122,92
13439,45
34235,111
8154,40
41627,95
13833,75
28902,113
29992,80
4137,118
19423,113
4150,69
14017,62
6571,16
28408,2
15366,113
23851,24
43298,2
15155,58
13779,46
33635,108
27043,2
15761,84
41629,117
402,37
37196,106
43410,59
3057,98
43064,94
3317,76
12118,8
23595,36
12126,115
18231,4
44435,44
17718,23
25163,75
43472,63
6997,73
44110,108
40842,73
706,63
3491,105
15339,90
37341,68
15823,68
24090,45
7054,1
5580,33
31416,4
35919,7
31099,19
44288,32
11991,94
36790,54
32353,88
25650,119
2607,36
2429,76
3815,25
37335,108
42582,19
18646,24
835,46
8624,31
33941,113
25494,60
22821,40
5565,69
21673,22
28333,0
4951,45
15194,38
18799,76
44771,16
23718,60
19177,0
11332,95
44415,108
36175,20
27675,108
25009,54
39354,88
8963,73
34765,101
8417,68
12278,65
30328,5
27710,8
5629,29
36770,4
37521,92
40898,113
26019,2
3681,46
19403,32
29475,108
3985,65
15198,76
39733,95
42974,89
20786,8
37045,54
3666,4
8412,51
18830,72
23205,63
33422,51
22834,53
25343,89
19556,100
11831,26
28742,15
16928,89
33972,40
35651,84
7242,68
2637,49
43023,113
19049,64
39210,108
18252,7
877,45
27105,25
44726,15
27959,68
4379,48
11957,32
19187,38
27573,49
3908,14
10763,80
26331,49
43421,6
24831,68
20836,49
30297,88
14635,100
32152,36
13161,8
31390,16
6479,82
4711,72
12476,75
33757,17
35450,64
26535,20
20698,68
17392,118
23023,48
22356,21
39432,69
22538,99
29571,30
27200,36
36591,36
21646,21
8446,47
39437,0
29087,53
37927,56
1798,10
17143,60
654,101
40407,36
5812,89
21672,70
2892,108
43528,37
5636,19
9612,49
3044,14
24904,63
21691,84
6159,40
13515,102
6022,47
37860,17
42331,113
13569,60
11211,26
11221,108
10828,55
23121,47
4763,38
27594,14
3659,56
3326,55
9465,97
2663,40
25938,68
41518,54
27829,7
21917,2
11673,56
30831,95
41656,111
39418,105
34695,11
40198,51
33313,45
44914,32
2880,17
22223,29
9145,11
32018,2
21341,54
29412,8
11154,22
27689,42
16195,17
37388,95
33710,111
19619,71
43067,89
24918,10
31625,26
16692,72
32427,0
6727,45
43615,94
44477,50
29553,60
20914,90
23777,99
23456,22
31406,47
12817,99
41882,117
28960,44
39534,101
43721,69
2623,42
22302,89
29148,95
33505,17
19222,51
37706,59
24600,108
14249,28
39320,4
755,21
21304,119
2779,46
24503,48
41995,119
30077,39
20308,37
16453,31
21751,77
8084,18
15047,14
38450,59
44082,96
44954,16
18064,60
15734,46
18987,64
12373,39
30251,101
7868,89
1269,14
21797,89
40590,44
31624,64
28806,11
6998,21
30935,85
11283,37
27302,17
8669,95
9521,108
18667,55
20116,59
9045,75
23508,55
41862,109
44670,0
23004,28
23331,52
5127,55
9327,0
29140,36
1545,35
739,35
10875,117
1674,48
16121,73
2567,98
29697,89
40779,94
4732,74
40573,92
33541,54
8521,54
21584,60
42829,6
32786,54
2244,73
3203,64
28885,26
5204,89
30825,100
20224,51
41715,17
11998,119
42583,32
1936,49
6665,17
3240,58
36077,87
10358,117
363,119
20107,100
39257,49
24054,79
37494,87
8738,6
19324,60
34409,90
20901,69
27914,28
1172,119
37268,87
22469,29
36110,56
36132,46
43452,55
534,49
12665,42
34178,0
12479,6
17199,45
22884,117
23706,101
34899,12
34565,100
4575,11
5190,113
19506,76
15732,17
30429,45
20659,27
33291,56
3089,84
1996,49
21637,22
24813,0
11819,117
2831,70
8269,28
32355,45
26111,88
7489,51
15627,68
29878,90
40690,109
1299,6
31315,72
5499,17
6447,49
15613,84
42618,88
17864,18
27369,32
17985,109
32559,59
7067,94
26905,33
35709,84
26327,108
20045,110
15116,115
41933,2
21209,64
25739,103
5680,86
11549,2
34305,0
39446,66
67,100
5555,100
3010,11
17107,80
36953,22
43861,110
27718,29
13647,51
43854,99
11397,49
13147,46
4582,8
3228,98
7367,43
10681,63
143,60
18895,75
29813,118
23817,64
43643,11
9344,64
14141,4
33980,17
29079,113
18733,37
9261,47
20085,24
21811,13
20167,76
41625,4
25241,4
29238,65
23600,119
27454,117
37040,20
30699,2
38824,73
786,69
11049,60
18100,97
39507,89
15792,16
12379,99
7853,51
153,1
13016,32
14873,25
14259,84
37394,99
26870,46
17380,36
32922,80
11468,76
32363,25
22634,117
4654,16
8055,8
23889,6
30851,69
8926,25
32924,84
35853,101
1552,73
13393,68
33324,2
2148,89
495,4
13865,32
35089,45
25161,35
32919,46
44308,60
41709,73
41153,80
1364,85
18122,100
19385,19
25693,98
23345,101
29968,99
15696,94
19267,11
3720,101
9533,38
26619,40
17272,66
38239,90
19585,44
4920,61
4823,60
31376,20
15479,50
32167,27
16727,40
4136,47
19572,95
20906,38
27160,36
2121,51
6858,109
992,98
16149,112
7382,113
44572,89
15630,108
26636,85
7366,67
42802,60
21118,97
20977,20
3565,94
5840,19
16667,73
44189,55
12861,109
22559,16
18984,85
36919,14
16075,97
14271,4
14130,61
44643,6
20462,2
10313,60
38770,25
23760,111
42623,109
30435,20
4321,72
35929,95
35398,106
3174,40
35333,52
17587,55
20028,88
26502,60
3114,65
26655,109
42825,22
23110,50
35228,117
3225,54
20175,68
8997,95
42209,65
14201,4
35908,60
38106,93
42381,119
25142,73
41479,48
6937,89
17451,89
36686,74
29062,28
5529,87
5398,113
11360,36
14380,63
17285,11
42163,65
35897,55
10740,21
8320,8
5269,101
34629,63
10891,4
44864,27
24700,58
32769,51
35474,95
13327,109
21709,105
9196,56
2155,47
19782,75
4011,119
43812,113
33302,51
11962,51
32016,38
30890,94
38591,11
12352,5
15323,0
41315,105
23065,59
9269,73
43675,77
32634,89
8683,25
16562,87
6464,5
26532,68
42394,39
29491,66
18300,58
27761,75
43671,17
26081,66
14904,18
44448,60
34678,21
15927,64
28610,119
1301,51
23991,6
17517,2
1230,69
27094,11
34085,38
4368,43
27025,72
39189,100
13854,68
6080,114
40413,95
35369,51
6568,106
28060,24
18557,55
12746,94
19989,42
13276,73
22813,25
29245,72
25186,47
7995,109
36536,40
32574,7
37845,72
24658,0
9599,45
4631,66
240,31
15424,84
29511,110
12197,37
27155,7
40354,6
27314,6
32439,84
7465,97
34635,44
39361,68
35289,51
1820,22
2410,4
39937,64
8243,51
28464,62
16576,79
37333,15
29991,59
24326,113
13929,112
42907,89
6391,36
34886,108
36547,2
37729,7
2809,68
33266,111
11445,36
33686,119
40685,113
37052,42
40869,70
24746,26
228,99
42423,56
35509,35
13329,14
11703,110
9271,105
40133,60
6001,66
4897,118
5583,87
28229,68
28899,2
19894,82
33896,45
44863,39
10400,104
34335,16
34474,32
23834,68
3153,68
10364,51
11523,7
215,111
23488,77
26950,58
9824,77
35693,76
9637,88
35489,39
24277,60
44966,38
35427,37
24426,68
1449,48
26312,94
13799,56
27812,0
40895,36
28307,117
41028,99
41821,17
29670,96
10832,63
34273,89
6054,95
31875,4
36993,14
23824,89
43674,51
35967,101
44403,29
6449,70
7951,32
28132,89
14626,48
15804,42
37203,55
11357,84
39600,118
13668,98
31105,69
14645,69
18445,4
21029,52
27388,0
3775,101
16374,0
5596,72
34758,119
27125,44
23649,1
40077,84
42051,0
36942,68
23308,113
29424,34
1907,68
15581,84
25855,4
10143,100
43850,11
42571,11
33751,101
38248,89
43473,35
21181,90
24327,101
37425,59
15386,68
26181,63
35918,59
40018,2
9265,105
38737,113
30480,38
29086,87
44410,119
34159,87
33214,53
39866,59
8802,46
41582,4
33139,27
38914,48
14559,24
17796,68
42896,89
28386,4
41763,47
22504,89
34980,26
5603,46
8881,108
22388,31
38185,56
4938,5
20008,22
3158,61
20651,47
9158,6
31973,22
463,10
615,72
6380,11
20213,61
8181,6
17719,68
16574,89
2716,11
36736,94
26220,8
15240,75
30022,113
5178,0
44463,23
22706,115
39836,83
25783,40
21045,101
23474,101
6221,101
13386,101
28129,102
7037,11
15474,2
10570,50
15511,64
39149,95
41037,94
6358,95
41827,108
6691,51
10785,46
15881,8
31898,89
33798,106
28350,86
1577,36
23122,40
15859,24
32335,109
9947,49
36561,70
20039,92
20711,93
21493,118
17551,89
32728,19
42314,10
42621,17
35685,100
5586,105
14605,17
31670,61
1515,100
35139,29
3432,46
20863,20
4239,14
19773,6
34158,105
893,2
26426,117
5074,15
24900,117
25791,76
15187,2
2933,106
32330,20
29265,111
11970,55
44096,108
28022,0
1129,89
731,22
11110,17
30329,51
3084,68
7297,47
37356,95
31926,89
2795,22
25363,56
7601,66
798,97
22616,32
17118,30
39330,111
178,59
17558,39
13798,109
17174,73
32567,23
27777,91
32966,20
24648,48
29769,36
16932,63
12940,21
23849,92
11772,49
38498,60
4616,105
15103,95
7533,40
66,87
44325,111
37480,47
21598,43
15689,99
42612,20
5033,60
35340,111
43334,48
20225,20
17006,77
9873,14
38990,97
787,108
3332,94
30966,24
44599,51
6008,10
24162,88
8334,28
43752,10
6297,56
32264,113
1191,95
515,108
30734,51
30024,51
37244,8
27223,28
21435,44
23283,0
1001,8
14622,40
18982,59
17898,39
6191,88
14175,22
5753,89
34836,76
16252,38
24920,108
15905,97
1462,66
24299,14
18255,72
37344,56
27464,89
40737,55
7349,55
4818,42
220,38
26337,113
39957,95
12632,42
19937,5
27773,60
4603,118
37016,0
22499,28
7036,32
5650,17
28311,117
17632,49
41500,104
44095,119
29863,89
2881,55
18061,13
22444,73
901,19
18981,66
34949,54
8488,89
30232,4
23464,16
8219,6
1627,94
6772,20
12021,95
14678,51
11440,0
40306,84
42489,20
28967,117
2580,8
42414,119
34924,54
4340,69
41484,40
35461,17
18771,54
1073,119
21638,98
17065,47
37298,58
29351,21
32626,4
3159,38
38353,36
35755,76
21292,80
34650,54
21398,52
31334,119
18324,18
19680,72
5974,40
3729,48
490,9
22092,24
33949,110
1375,111
37782,64
31658,63
17010,108
4758,98
30341,110
10304,82
6040,19
28756,23
2841,72
36948,50
36854,31
2887,34
8876,16
20923,109
23067,13
14997,89
22837,113
17750,6
42541,117
19023,2
17575,72
5602,17
32894,16
13921,38
5730,4
14745,8
5296,54
13851,32
40921,20
17696,108
25274,2
28379,85
20918,89
6869,66
21042,100
9943,56
9643,95
14892,46
29709,54
38196,20
9190,21
43214,63
21650,48
3786,17
34552,45
29809,64
4683,91
4270,119
32113,94
34806,20
20425,11
19281,95
43511,21
40450,119
3340,38
39501,54
19037,89
32230,68
38679,91
14287,59
2031,11
21473,68
17197,1
7235,11
12755,108
15327,70
30951,96
20590,109
29850,50
1079,101
18610,17
42337,55
28091,46
27281,87
38417,46
27672,90
26026,0
14318,97
28805,44
14506,112
36630,61
2936,9
3917,89
30063,2
34457,87
26299,38
28112,49
40989,65
33073,45
36824,8
40176,51
9837,70
9706,74
35081,16
30720,54
26027,48
14308,49
34581,109
19880,25
2062,28
6470,101
17400,11
6477,59
38220,20
11279,11
29831,2
16940,119
29122,84
44866,23
37038,109
8531,114
20470,33
23047,0
9095,38
19522,68
40163,65
32092,51
16972,109
36133,72
5515,17
11781,51
8226,68
15310,8
24604,89
35163,22
5506,40
26478,61
924,8
12070,25
11706,21
35892,65
22057,27
30916,19
19158,82
6559,40
39955,4
12720,8
42006,0
9627,0
5798,37
28557,113
22366,108
38650,47
9782,7
27832,51
26025,76
18565,38
19627,8
17857,84
38871,51
29793,77
27843,21
13009,99
39757,84
39543,98
31097,46
15966,45
42052,2
25785,11
38308,51
33189,84
26347,37
18690,17
24849,51
16555,58
3956,108
5606,11
44157,37
24846,2
34493,50
1184,21
26140,26
39694,113
33672,22
19878,5
8346,60
7797,108
43434,14
6089,93
2080,76
43480,50
7933,80
10846,10
12177,8
9316,84
24594,2
11927,2
9927,43
7211,109
21061,112
6533,17
5209,45
35414,118
10073,99
8448,48
39164,29
34246,16
28926,8
692,25
30225,19
41474,38
39133,112
42228,95
7370,19
34069,19
7837,36
36483,56
41774,49
24495,94
28633,5
5037,2
37167,36
13840,108
20900,17
30979,8
7354,56
16122,49
8750,46
39867,106
27151,74
1436,10
507,82
38170,4
5930,36
8947,94
12242,89
17303,115
28412,89
32263,85
4386,106
40481,105
10310,108
8921,109
8693,94
17027,17
25488,55
1539,95
9121,17
33979,84
15284,48
5867,6
35328,113
22490,51
13029,64
11569,95
21999,65
390,72
17848,60
29001,4
17576,14
31728,98
41988,37
32021,80
36358,64
11350,97
25081,8
6719,60
15540,68
44729,119
27241,100
14693,98
946,87
14327,84
14414,95
39861,26
35932,86
35315,119
32157,88
18157,23
13007,115
33040,25
20827,87
25373,119
36386,20
27405,46
7008,44
43497,97
17304,97
4633,10
31086,84
17130,22
19953,119
27052,87
30133,99
10762,55
13945,106
24941,100
14342,25
38367,22
9290,4
28931,63
15989,6
32696,84
36405,0
20597,21
44957,55
25868,89
21199,23
33367,118
21924,82
34420,100
41801,20
31371,59
42262,115
1893,49
7833,5
32651,49
22886,108
20746,17
33030,38
375,88
18350,101
30771,54
1466,20
12615,36
13543,99
5696,68
17627,56
42942,95
4837,4
41084,22
33709,45
29098,19
19041,18
15882,51
10905,72
28621,59
43649,117
4875,108
39346,55
19183,22
20690,25
13331,20
42184,115
33066,10
25625,117
23154,54
17241,58
2035,111
20423,62
10450,54
18542,59
17883,115
44911,45
6828,89
7130,111
20469,68
16626,17
13990,51
35912,13
18028,11
7371,38
5594,45
27332,95
41917,0
40952,108
34844,63
4103,5
7493,68
41409,42
29377,64
38736,55
24704,46
15470,8
23988,119
26681,37
20350,44
41067,84
44775,94
42735,25
39522,84
2575,66
30425,52
14389,99
4042,110
12853,52
4078,38
7754,82
32467,84
25216,16
30791,21
15960,68
19162,8
37371,47
21316,106
14252,112
34753,21
20245,17
9726,56
16709,32
22778,51
935,72
4054,68
43212,14
37997,47
20955,69
13666,110
34036,26
864,62
37710,17
2253,89
22394,48
23382,22
16755,108
36634,22
33377,8
37419,17
43091,66
30005,7
25256,48
15886,113
38687,22
20013,95
14022,32
18748,40
7148,43
12997,23
20173,117
41628,49
5581,9
10900,88
5060,43
9615,17
8044,44
17046,109
8386,84
14629,90
40850,109
28835,42
27564,60
2776,26
40796,21
44946,108
7189,68
13731,11
5573,39
6135,58
29845,4
20811,26
10553,23
5247,84
21153,45
3981,84
24209,88
30564,60
11085,87
19053,62
27540,32
16663,105
2172,47
32083,14
31899,48
41281,73
43403,108
7452,25
5197,21
26270,21
17793,113
13210,72
15995,44
28992,17
21057,41
7206,9
21267,66
22191,55
3809,6
25097,97
21067,2
5543,77
29007,95
41501,72
29978,48
20947,22
40055,111
32463,28
17653,91
29092,60
34152,51
40003,60
33065,16
8635,59
4873,68
36635,75
13907,59
2077,22
15029,84
14209,28
29327,56
24368,51
3009,48
18613,113
15216,109
19226,106
2537,77
16395,26
39404,68
7498,24
20426,4
39321,115
10770,0
32535,33
30313,64
21889,84
23238,65
21684,51
28635,11
37422,32
320,17
7135,11
17755,94
44838,113
11984,119
35422,28
24881,11
26627,109
33654,2
37770,36
41268,95
31831,73
3178,48
244,11
14758,49
23853,70
16527,84
38751,54
32528,29
24535,20
35131,113
1161,72
44781,46
22337,112
287,47
26206,105
35230,4
10068,109
10680,58
12450,19
1170,50
4675,94
10374,48
39560,13
31308,29
30497,117
26553,117
33045,93
40571,59
23165,84
25491,59
28164,48
40862,105
3121,110
17695,19
36174,117
22766,35
31301,4
13861,108
42438,70
31730,119
931,54
30062,101
691,89
35349,65
6364,90
18293,108
20950,69
44385,100
16428,25
20323,41
4319,27
35733,51
3969,53
25763,68
4926,84
4933,117
14616,101
13971,11
43395,26
23862,32
22692,21
3092,18
21097,68
12748,38
24338,90
39830,35
15790,19
3982,110
20674,105
23324,68
34172,118
38892,49
1094,36
22927,84
28310,95
15972,56
28747,108
31918,43
26460,35
42819,89
2843,113
37583,82
38724,48
25095,36
18211,21
20855,17
40414,68
16,106
28202,19
16524,82
18443,51
23527,74
21054,78
12205,19
31422,24
32006,8
14407,60
32766,17
4686,38
4922,25
39553,95
5877,89
30595,19
32443,106
16459,115
35113,98
22831,33
25006,112
4586,20
13675,44
44598,5
40304,25
8378,117
24816,55
25359,65
43022,8
38965,52
25553,97
39169,119
5695,22
2941,52
40636,58
31222,74
40942,113
21164,37
42678,82
38346,22
10338,2
26671,108
8307,8
11618,43
25933,105
33816,66
41238,13
6782,38
40719,2
42713,8
42835,84
19945,44
41271,119
1609,119
19480,8
29166,9
35183,74
23799,112
31980,94
34785,32
35739,50
12317,68
35699,18
43050,89
19630,108
16508,97
13001,21
1814,65
25416,10
31976,73
14586,17
25174,89
2123,23
13704,56
31721,111
42416,68
44642,48
14191,113
18581,63
20435,109
17600,108
27938,90
32247,60
33576,113
21438,0
39956,26
30096,51
4906,49
3722,73
12734,65
36730,4
42258,85
2671,4
9417,89
4552,8
6009,56
28430,100
19601,86
38505,19
18437,2
27542,63
3164,119
39531,54
32764,84
1657,98
44091,1
19094,73
37034,35
23099,32
16806,17
27356,119
16244,84
38084,98
31601,54
27877,7
9673,22
19229,2
43645,111
33769,117
36966,47
35186,6
36343,43
9772,32
3558,101
40325,119
3854,80
4887,80
28807,63
43053,46
5313,38
25883,73
37292,16
13699,5
30607,90
4827,8
33575,106
3907,106
29134,82
39791,64
34724,10
10637,8
9343,5
37663,95
35170,108
37952,94
22908,8
18279,14
10283,22
9890,108
41842,45
18323,65
26514,60
42587,17
42893,85
17387,64
15086,106
24042,80
41654,28
7566,51
29227,89
14719,16
44147,47
5368,36
39696,110
9603,73
22673,98
29425,47
30143,56
2618,70
4485,19
11795,47
17369,109
24366,17
22553,98
7384,60
41115,63
13269,64
28677,8
9275,25
33783,0
9460,97
2462,76
9968,14
6509,112
43837,51
589,29
13136,32
8848,10
37392,54
20142,55
39613,76
18412,54
36885,72
9424,5
5454,68
40567,37
34217,95
6837,60
29432,100
20288,51
18816,17
44075,4
43661,21
21031,93
1587,58
39454,53
44935,108
18103,108
22484,96
31417,72
29277,43
3961,32
30140,22
29631,49
6078,38
30663,80
10956,46
43928,100
4006,110
37707,55
42512,60
18395,111
5898,54
2866,8
14011,20
41978,50
30209,48
30266,73
16968,36
11460,106
20316,38
34028,93
20922,90
33078,100
34484,89
34820,72
20671,17
4668,86
4298,98
3783,99
33776,117
7347,109
10377,113
9878,0
2773,109
13026,113
12948,48
25105,38
1987,55
40047,118
29546,45
35440,58
16260,105
25464,24
9175,100
31508,48
44438,0
25901,119
19309,19
249,63
27790,72
38652,17
28128,100
34812,108
6589,119
13780,108
11989,87
627,105
40729,88
29523,105
28820,74
23929,22
42242,87
4765,38
26177,55
6511,95
2230,76
20566,16
12427,89
39763,117
41395,4
18782,9
32726,21
6305,92
13998,65
15641,69
32299,91
12392,74
17570,45
10703,48
44697,55
21698,22
4247,109
8002,97
31954,115
32703,65
9497,63
11241,51
31349,22
27543,0
1273,40
5698,109
31521,99
10988,37
22999,45
3358,21
16567,17
42616,32
39281,22
4567,8
13255,50
10848,55
32551,69
41896,75
1961,89
4992,51
4891,89
14330,111
30391,109
24423,19
25954,98
30971,112
44427,25
6226,58
27323,16
38134,22
34019,57
35944,39
29648,84
3359,68
307,10
29964,53
43393,90
32323,24
12580,38
43767,87
9765,119
1051,51
14519,8
11410,84
9221,113
10234,60
37531,101
34642,109
25662,45
23666,21
27796,95
44031,64
41751,21
13682,98
20706,2
25832,51
38599,20
4917,113
25074,88
191,32
25068,68
24484,82
13233,2
37253,75
9783,92
28054,28
3924,42
9940,19
22800,119
28810,108
16061,113
36071,55
30826,21
25920,35
29963,90
15549,31
18074,55
27527,101
13304,84
42673,22
19692,48
17888,118
34574,95
36639,40
25864,87
3791,17
43607,40
35554,70
9259,117
41117,98
34485,11
35464,105
31027,0
1848,56
12852,23
39390,55
36203,95
31923,8
29896,93
16526,16
6771,113
27559,2
39760,26
13878,119
30676,38
43605,51
41590,44
33885,75
30957,5
34524,19
39519,100
28684,113
870,97
9104,19
33489,19
10997,30
27649,64
17270,100
18108,98
5592,43
26096,94
24486,55
10938,73
40909,38
11737,56
33082,32
26375,108
43807,100
11949,40
40214,90
20588,5
5850,69
38897,80
38215,21
3129,10
16279,53
33678,2
3968,101
42487,50
336,35
27340,44
18931,4
8112,56
32369,68
2985,84
10878,16
15916,17
11669,14
20862,28
19942,98
11001,2
37588,60
29437,99
41673,98
19800,4
12100,113
9018,68
29872,39
7243,119
14079,54
20866,32
43720,17
11874,16
43301,87
25805,108
8263,55
18678,101
6855,22
8597,92
41419,58
6901,72
29932,59
23963,68
9949,117
16436,13
1445,111
40495,31
14821,37
1695,44
17958,106
22523,6
20789,64
1630,111
33037,63
1881,119
14523,101
13900,58
37842,90
5509,117
44239,109
2032,63
27500,44
34700,36
35303,48
32954,56
5558,68
11151,64
23569,110
20527,42
42170,111
43806,51
6587,19
17618,80
36683,112
446,73
14536,16
14031,8
39892,58
28378,78
31379,62
20519,70
35208,55
35871,80
21158,15
38862,25
9486,38
21902,38
42624,105
28018,2
33455,50
5208,1
41282,7
10345,0
30134,50
37688,51
43524,14
25566,68
41270,19
19520,22
38230,9
14139,56
19567,80
23906,72
22765,61
19583,24
1447,54
34057,60
10692,11
23741,45
10335,44
44503,64
34779,65
23926,32
15830,111
15735,50
12158,113
18263,22
18814,109
12453,106
38847,99
38225,95
11349,68
4131,55
16351,46
17420,55
15408,32
36902,8
17033,80
33629,89
25479,80
24685,70
34710,97
10295,32
37099,6
25159,65
14119,19
43158,0
36738,18
41890,20
31647,89
2775,111
32101,20
4145,108
26899,25
43392,49
35179,10
17478,90
22449,89
34314,93
22418,57
40824,80
44604,1
6953,32
35903,98
13232,54
5750,59
14715,61
31085,119
3805,108
9076,64
27230,54
41981,80
15160,108
39542,101
16848,60
28850,72
29768,79
3327,8
22615,45
40150,112
1262,0
25530,67
23596,4
17359,109
18950,113
22250,36
13117,59
25517,22
39350,8
44733,113
21119,19
32464,20
5021,22
23513,73
23559,8
14995,72
11413,64
22439,48
43971,49
41378,23
19173,93
25520,4
25380,47
19404,53
36876,45
5213,106
3255,112
40091,76
2690,19
4627,53
41843,99
34087,75
41985,94
37930,36
7226,84
8566,104
12192,109
17519,45
4529,64
21133,20
23470,44
9941,10
40614,35
18062,89
39104,109
6982,38
41816,84
10066,20
917,23
18889,6
29877,22
13288,42
19288,89
44052,2
570,113
36182,70
36484,89
25515,11
7031,104
39605,26
19610,86
41207,100
28554,54
14026,112
25613,30
14232,10
24229,2
2217,2
5232,50
30453,108
41077,40
30257,66
35595,111
22164,64
4996,22
3262,105
6838,51
5741,98
33418,41
22423,60
11094,32
18642,94
38163,5
39850,109
42295,17
36289,45
10922,80
41937,49
4478,6
5660,47
9788,2
32835,8
10776,85
30857,11
27772,0
32596,49
21188,62
23993,38
17642,6
36607,65
30926,88
17375,52
33687,16
32933,4
40532,68
6644,49
29179,10
14334,17
14282,109
25525,25
4594,54
10698,99
35618,0
19212,8
28302,11
44226,54
37228,112
27081,17
14908,29
39391,54
9306,47
33724,114
9867,54
27923,51
44696,93
35503,113
38437,1
21372,68
2378,56
15623,105
32001,19
28901,89
36940,77
12391,42
12742,88
24476,32
32510,36
16103,76
365,45
2103,80
20143,6
33457,55
35959,82
19259,113
5710,33
16034,101
25183,82
20884,65
15228,109
1093,56
39486,101
44828,105
25344,60
29063,20
15899,65
16544,89
203,56
22867,99
20324,56
44847,70
37701,109
10006,76
24031,113
33998,95
7957,31
27526,63
43963,0
37019,48
22495,87
31709,55
13440,111
22588,60
27869,2
12226,89
37102,76
10744,39
28453,76
16767,68
31455,111
7485,8
4886,84
33625,17
6539,89
18945,63
27216,54
21839,40
36046,2
6859,37
10973,28
1629,70
10625,4
33722,36
40172,70
38712,89
16999,56
32821,49
39178,106
36284,13
19275,0
44115,69
22260,68
489,37
15935,108
42752,77
17374,45
44622,119
42349,46
11705,45
35740,83
34693,108
35710,73
35931,80
21062,79
35386,37
19996,17
24255,95
20176,119
11763,47
11577,24
35622,25
32172,89
3439,17
34660,17
16633,13
21639,68
44944,56
13006,45
17889,40
23675,50
670,97
44365,11
42038,80
33665,44
3306,100
8026,108
27769,52
2890,94
22387,73
24123,11
42081,4
27197,63
14394,22
22335,19
8397,87
14162,89
26946,94
26345,93
33402,108
22463,99
2382,18
24565,4
6476,45
36945,110
37548,106
11312,42
11064,2
30835,75
25307,6
10531,101
38759,117
27374,51
2763,32
2581,56
43062,101
11999,16
23185,8
34872,22
37405,94
3764,20
4234,86
4994,0
29100,108
37825,20
4434,53
11676,45
717,51
29894,110
36584,2
6773,58
43204,15
10738,10
27048,48
14671,101
33272,84
39579,65
36661,118
9359,28
30075,108
10655,17
30698,64
36468,73
40142,69
32130,47
39082,77
12816,54
36413,65
192,11
25396,59
33584,6
30009,6
44145,111
15810,59
6160,8
19071,21
37158,10
11164,16
27964,100
4927,108
28916,74
5552,68
10799,77
42345,54
238,108
12207,108
44188,8
44280,97
37004,117
5618,1
30049,53
25521,101
41526,38
8640,0
37865,97
14665,58
35010,45
36320,69
19389,108
19744,70
15534,73
8328,1
38396,30
37275,19
3453,93
31870,50
41729,14
35062,22
26829,39
29345,4
24690,29
41463,0
21113,93
23501,24
7081,54
31135,119
30954,108
4733,46
13045,97
43862,51
13917,10
14955,38
20929,31
43980,101
5520,56
32115,32
23199,99
35468,95
28246,54
1700,58
27886,59
27518,7
6968,109
16322,59
24527,113
38987,68
41436,101
32854,98
26884,84
27253,39
44106,68
42840,36
18978,101
17413,119
136,51
39740,75
23408,50
30816,70
11087,28
19238,13
15721,108
1200,38
38889,53
26147,11
42190,38
30444,73
6296,108
3927,19
14387,50
26489,111
32828,46
3606,110
21225,22
26935,44
35098,97
11707,119
2187,0
32963,108
12356,38
17186,64
15954,65
35436,24
42796,1
18452,35
35529,93
34800,83
25500,54
5103,8
13652,80
31781,49
1637,45
30449,62
11173,9
43365,86
35842,90
25398,37
7296,26
3278,78
31707,105
8003,78
26711,38
29493,62
41364,5
43439,89
31957,101
23299,85
13516,48
7352,55
10751,4
40597,51
16446,65
24417,113
7697,72
44227,47
5668,96
38506,119
28273,2
18425,106
5307,36
4458,56
20025,19
42800,58
19642,16
12855,75
18257,89
21128,41
27172,58
26293,15
19296,106
20411,17
38256,63
16678,39
8024,19
24170,22
29061,2
44169,45
23248,49
16873,49
25069,84
33458,8
30471,8
16986,51
10103,38
1014,117
42758,105
869,60
34761,6
10626,72
14924,68
7610,68
5283,89
4370,45
26149,98
1361,89
26249,31
34397,68
12625,111
1551,45
20810,111
44981,0
27586,68
8252,34
10442,68
41630,23
5039,12
44212,55
21869,90
22520,100
38462,5
37887,85
30131,114
1134,119
24944,112
10278,21
28327,95
10451,26
4017,40
10409,60
25640,75
35192,49
4138,40
859,21
29943,37
2962,95
24473,60
2426,32
3676,72
29315,58
29038,8
7674,79
19874,112
12977,11
18485,25
16753,109
37705,66
5285,101
8367,68
30981,84
24351,35
12905,19
2093,40
15596,84
11336,47
11683,117
40585,108
1920,17
82,112
17200,61
13318,60
37164,19
18845,4
27491,113
1813,66
34039,117
2994,28
37525,100
15438,117
14296,4
2642,55
9280,20
40387,77
29084,53
18689,109
36963,35
29231,54
12360,97
3849,73
44836,69
34510,77
16194,2
19233,95
30109,62
16193,54
26990,114
36322,0
29267,47
2600,111
16346,66
22547,44
30949,95
1518,80
29340,69
28890,36
32182,0
41249,14
4117,66
22693,66
10825,22
5755,75
38401,56
14114,24
43453,36
22625,100
39930,46
28230,8
22192,36
14256,19
1988,8
25917,105
30020,97
40505,22
16901,17
10561,17
32969,51
38556,56
25991,53
29240,94
15166,110
23580,119
22931,17
37623,84
43711,4
24703,25
22742,51
9741,117
15950,21
3765,97
39200,58
25027,60
7846,100
41376,26
12253,51
26049,73
21205,38
16402,75
30013,95
19488,50
31802,48
887,70
39029,65
23620,61
6989,68
38811,22
10808,76
19552,97
1424,37
16523,65
32026,33
26500,108
19581,87
21515,94
112,112
40928,38
7291,60
16199,60
37327,48
11442,22
21074,56
11254,109
24335,46
44853,2
20452,58
20792,95
17266,19
19477,50
26113,22
27798,117
16835,100
3731,108
1481,68
32298,119
4986,22
35531,56
13794,73
40893,5
1855,95
33767,118
389,113
39194,68
18624,21
10578,92
38055,19
40880,17
17376,73
4997,66
20306,59
19356,63
27962,69
23255,111
14211,106
37564,112
4769,15
26400,21
4173,86
18919,76
44033,11
34675,101
24618,22
4946,55
6033,10
7619,46
33919,89
19555,108
9689,98
39874,10
43687,49
37055,84
34998,92
26732,111
174,114
18287,2
25675,83
36176,72
1538,40
35060,50
1363,29
37125,61
21644,89
18504,53
18908,89
680,21
13050,44
42481,71
36432,26
33276,4
32934,72
13689,54
406,85
25582,99
19456,69
23749,10
1914,99
7263,65
20238,102
20583,74
29783,60
29566,17
10728,102
33872,118
12067,74
2610,100
38078,54
44750,85
31845,100
11108,89
11156,89
32920,73
13422,117
22963,20
22063,51
28483,10
2832,66
27128,60
41274,6
3551,101
42022,16
43315,72
12541,32
31486,117
30881,113
37306,66
3273,55
10014,25
15088,2
18375,0
43889,27
24885,21
28884,70
5141,19
27127,13
20195,94
30581,72
43520,72
36218,113
20975,36
23736,19
16589,68
30106,66
25711,66
23064,114
13156,42
35517,88
41549,80
22412,109
26564,45
19624,25
44774,77
20466,11
19493,89
12251,60
10179,14
22318,77
43853,68
38578,36
38402,113
11580,19
19540,68
22918,105
34148,47
38213,88
14901,69
25275,44
3832,8
32252,54
37544,72
37044,113
37726,80
44567,66
23155,36
7415,21
36020,33
6614,14
27056,87
16673,37
19459,87
12265,4
10775,8
19991,54
15523,19
30908,98
14270,36
25966,6
15042,60
35236,19
16654,82
31555,21
20954,89
28152,16
13869,89
16998,8
28783,29
27794,29
39464,21
20700,108
35948,77
8275,72
9065,17
2179,94
4557,8
7812,73
39065,75
23854,15
14534,14
33467,54
1132,68
10521,98
22626,21
2871,8
12996,24
19164,51
26536,22
34540,21
21904,48
25792,0
34681,86
41900,11
9256,24
12602,118
29961,95
32598,48
30099,28
24729,119
15417,13
1105,97
17076,9
10195,25
4956,84
41075,111
19149,86
20313,90
20058,4
3696,101
40546,55
33396,51
35219,100
41396,26
43776,61
20208,64
27228,94
20127,101
2176,117
25242,73
19702,89
40695,59
23816,111
2787,68
12297,37
1196,86
18060,59
20331,72
40386,0
37212,24
15514,30
44611,73
42556,47
5722,8
9135,44
43232,73
18753,56
4967,98
18601,54
24532,49
19710,61
36777,10
15515,108
3583,102
44759,48
18020,61
22601,74
18852,76
12424,22
27691,82
41045,22
22357,19
28247,117
36435,108
31312,23
21542,84
23360,55
10211,26
36191,43
10717,47
8199,6
18793,89
19596,88
43332,51
5366,8
2895,19
24820,111
14122,64
29290,44
34064,31
28001,17
3642,0
41783,95
33650,108
43120,50
30873,37
31030,111
38870,108
44452,0
41316,41
21642,0
5451,52
23544,93
10685,119
15449,2
7866,113
30527,73
31279,100
44923,56
12867,60
28328,90
13979,22
26956,86
6474,16
28399,14
24272,99
27808,60
8811,4
27882,70
492,87
11691,72
1116,27
38405,108
37853,73
30722,74
1757,75
41772,40
31433,62
39121,66
22973,60
43953,60
27076,87
44982,48
21625,111
36412,72
19167,55
27045,36
11185,8
34464,117
35063,55
5939,14
43859,8
11033,95
36081,17
14824,94
24734,105
41830,11
9915,26
23989,16
32983,106
23091,20
32430,19
33840,17
8682,89
7006,46
13379,113
22794,80
32082,59
42020,19
31226,119
32793,51
11704,108
7659,89
38458,58
44118,101
12721,105
9171,119
26423,55
11908,89
33398,77
24968,32
21607,105
39382,4
38011,17
33870,111
31131,47
21729,89
27233,90
2204,7
28572,56
24770,114
11308,78
13767,73
28151,23
27606,72
23303,22
4426,26
20936,61
20963,100
33487,51
6155,47
20093,51
4025,4
40992,27
29336,6
17908,19
30431,8
20447,60
28038,63
15493,55
30116,19
5818,19
32245,17
3866,85
2745,69
11867,54
10704,19
11950,94
19611,2
36982,98
20307,61
26853,22
15193,88
19643,119
1401,54
31128,74
12828,31
24087,106
36021,108
43427,90
34926,11
41346,55
24472,113
17058,18
31881,76
37261,17
39779,70
41683,90
36609,7
18199,86
20132,8
28172,41
2100,4
34441,20
10293,11
4213,78
26672,84
7480,108
14562,89
41519,2
8547,27
16923,23
19604,97
23554,101
30499,21
44495,24
18135,117
20360,109
18156,101
10860,72
27747,2
34773,97
30154,60
20808,97
44829,60
15887,8
15233,97
26654,51
24972,51
27364,101
2257,66
13324,48
20456,41
38342,72
9083,91
5355,75
38861,6
40703,40
22161,55
1519,31
1378,19
22056,51
25599,21
18971,17
15206,119
22005,20
17508,15
1316,17
5842,10
39890,72
16211,48
12820,38
5832,70
9821,113
28099,45
33290,105
24427,90
29796,26
15372,113
33002,40
12180,59
20180,119
28694,109
6318,56
23478,38
26586,89
34716,37
39129,99
44336,22
32441,66
43975,21
2224,89
25682,24
25394,90
16209,87
31331,45
5571,22
37291,96
5793,73
43871,0
5738,39
19008,40
37496,30
40586,38
5276,23
15275,33
35205,75
22440,75
14087,66
27990,11
22736,6
26917,118
3167,87
31897,51
23545,97
24142,88
14027,52
7016,8
42329,98
37713,51
15649,101
12237,68
38814,95
28278,59
9227,39
5585,33
5590,111
33996,4
18691,32
31566,69
14743,109
8244,64
16237,105
39323,84
44320,47
15373,60
12145,111
159,62
25235,59
1589,105
24035,58
15369,89
38333,66
23071,24
7190,68
16566,19
10576,66
30750,61
23864,68
34324,88
35596,54
33204,6
22173,38
15592,115
44633,119
28454,95
23782,15
35548,103
36469,95
38454,28
4727,60
17622,37
2951,46
35323,99
30622,13
10350,44
39233,50
40123,113
15717,72
40591,33
24297,43
12449,106
43335,36
15271,66
5185,17
22031,94
8549,0
38010,97
18514,84
28220,108
2092,45
21793,17
10207,66
32955,111
24322,101
19810,58
1098,97
1381,79
44397,51
8605,45
21281,41
11528,40
28182,2
15038,113
10433,109
29218,79
42574,110
41216,73
11390,113
41160,49
7295,111
8068,36
12935,97
20620,94
9764,98
32792,60
3363,5
1088,117
12866,10
10886,61
11590,36
44061,59
19225,59
10503,90
12306,68
27810,44
20536,108
15906,108
11944,73
39105,22
17611,35
276,63
12413,29
26943,54
22313,16
19337,110
36674,60
21162,100
5845,0
36188,56
27103,14
33905,33
24566,24
26910,36
24045,36
25518,98
2490,11
21826,17
40510,61
14482,50
36703,60
15072,49
2384,93
8016,32
39852,63
16499,48
34631,38
19503,105
33132,55
28398,86
42083,42
41923,31
18354,40
21083,54
28753,56
3802,17
30386,0
36304,117
36593,4
39410,11
43446,16
12991,59
20878,46
42094,2
13527,113
28064,80
7269,1
38115,108
40697,13
12982,85
7166,99
12869,89
29535,111
38635,75
37529,62
882,100
32272,10
13893,56
29689,105
557,89
1960,8
1207,26
25552,51
7684,60
16859,103
26086,64
28308,90
10485,109
19595,84
3630,16
1708,45
26421,66
24842,40
1140,51
38975,72
10238,74
26485,17
35428,105
25232,93
14852,40
1307,24
18951,8
12452,0
19218,5
39673,10
9429,60
34919,6
20219,100
19554,16
42886,38
13283,56
26762,3
37772,74
15996,106
25879,19
30654,28
34395,97
19840,63
9714,100
358,68
138,15
8491,112
26132,55
16766,66
340,100
4857,16
9569,2
10582,36
5498,113
21300,11
8556,63
10913,55
1932,115
2352,0
15848,68
3236,32
27716,36
39919,14
36575,54
34704,45
5619,46
14973,19
20538,60
25372,32
18800,6
6344,6
6139,46
785,97
30403,51
23173,66
27734,76
31778,19
8036,55
8315,16
6313,79
22052,14
18556,113
2169,51
14138,89
18693,89
26417,56
11826,32
25833,89
6591,108
37226,80
7597,23
24323,115
4652,118
28226,26
33210,88
19799,103
7069,55
43103,102
42392,59
5744,42
17438,43
29504,44
26039,95
11951,31
929,51
44068,51
22852,13
8767,118
11120,98
28797,32
11738,59
2011,4
17297,54
40379,56
42191,88
18990,76
27840,101
21312,62
26167,108
39332,54
44487,17
16390,94
11172,16
40603,70
22967,55
36129,2
44287,116
18019,80
1141,23
10233,89
15434,89
16743,90
3134,98
39758,88
42955,42
18626,84
17858,115
34591,59
28011,4
36027,47
10213,21
36788,117
43680,19
24950,0
36268,50
35426,55
17514,24
13749,80
10516,84
34587,113
7461,40
38392,47
42821,52
39832,99
9342,38
12336,117
37437,15
9428,89
38244,89
43603,44
1998,73
24364,10
34624,48
2282,11
28939,68
28669,56
13392,66
22785,44
6439,80
27997,45
6031,59
33154,117
30373,2
34396,117
11777,10
19539,40
17154,115
40486,37
40312,46
11381,99
4658,50
12497,95
9101,74
10058,58
34610,47
20584,56
36636,21
37822,51
5889,48
14376,105
19086,75
24306,108
16715,36
36576,17
29808,51
42812,0
33703,72
10651,69
34542,68
32402,19
16977,46
24995,4
3744,46
17373,99
38211,108
43046,113
23377,101
1875,113
22190,117
3760,36
43519,2
35820,58
13654,83
13146,47
37383,92
15812,11
3321,54
42892,114
22432,108
3311,84
42309,40
12743,38
8210,38
17740,22
21386,68
16018,94
34285,54
15114,68
22207,49
4492,64
22054,83
3112,48
35634,84
33623,100
43170,50
4912,0
5463,97
22760,111
27005,0
5482,46
31337,47
12605,44
43044,89
3828,89
16724,20
30502,4
37465,61
37755,110
29075,108
37418,46
17543,29
17709,8
21180,68
6796,73
5808,12
30519,18
17839,20
5410,58
8333,60
30119,56
29538,49
2800,33
10332,108
24000,58
29033,41
19835,38
40583,56
4378,95
41689,119
28933,101
21259,112
6716,19
26512,37
28369,82
2261,16
40197,8
20389,81
32327,55
11190,19
17569,45
34775,61
193,0
44656,96
8770,11
30795,25
21909,16
33539,103
31259,24
17862,44
18230,61
28803,60
12466,10
30483,64
24370,68
14868,39
14567,109
16789,20
44494,46
26649,36
6317,55
6581,22
26955,108
34215,36
32174,60
33110,61
23852,42
20961,108
9168,6
25634,6
30600,58
19900,111
7368,32
2044,68
7156,21
16288,14
7851,55
13615,72
30462,67
1492,84
43032,2
778,101
9885,101
31600,26
9277,68
35292,90
23567,108
21174,18
5374,15
24173,106
40572,119
16232,0
14849,24
8259,32
32762,97
5827,114
32808,95
26957,73
32698,87
11240,100
29492,43
11639,53
6816,111
31655,109
14140,86
34228,60
4493,54
13074,2
29304,98
13686,111
13947,89
11002,89
7230,38
28365,16
10412,106
5075,59
24264,68
21778,84
19330,68
43199,89
4088,20
18351,98
34518,105
4249,90
23383,90
8472,64
8787,60
22010,104
12109,6
6142,72
38429,89
15037,69
9031,49
20980,114
2659,89
141,69
2597,68
6701,105
15223,38
17761,76
2454,65
22746,109
7418,106
21125,68
10449,109
29516,94
42640,111
23952,68
16843,65
8179,119
28276,60
9528,48
6370,61
37396,70
22424,27
33209,54
9794,64
25215,119
41814,48
36598,40
44329,17
28795,100
38547,14
39112,58
10693,101
1958,56
155,19
10487,0
43285,108
37346,20
1089,90
22433,60
27516,19
12576,26
9122,98
32602,99
40718,79
11101,51
18058,0
6980,8
6416,68
16021,75
41855,22
11439,97
18710,69
39864,15
33866,8
5433,11
43304,28
13230,63
6450,8
18099,82
25556,55
30112,113
24765,109
25817,87
20215,0
36116,24
4079,51
41945,100
44278,38
587,8
9346,4
42447,16
44473,2
26475,33
21953,40
30090,36
16299,22
30930,11
645,49
30129,106
9587,63
32220,26
11739,82
15036,17
32994,16
23172,19
24217,108
26515,55
36632,24
26819,99
9752,51
8004,100
16154,37
20095,19
8438,60
26170,68
1529,80
1125,97
33691,8
1283,89
31852,88
43880,109
39951,87
15149,88
2591,54
5906,51
11205,58
39901,100
2307,87
25188,40
20074,45
17071,69
33380,111
23551,11
19584,56
6629,45
4135,26
1898,90
13937,55
282,2
258,90
11116,55
6530,111
37711,108
19206,59
14721,45
11531,70
19909,114
29139,84
6971,93
13521,47
37991,68
2285,104
22447,84
40846,33
21038,58
21384,101
6710,8
44256,46
10403,65
21800,19
33243,103
6411,51
2551,20
29450,100
6852,20
32658,32
38314,14
13489,21
23128,53
26390,108
21253,92
18658,60
41971,108
23648,99
25643,40
20354,22
13565,47
22263,85
16280,25
34881,21
29118,60
39961,38
18489,28
6823,98
27624,5
781,70
14939,45
18133,11
30798,80
30932,4
10983,2
6519,82
5774,31
30933,21
13171,0
30573,77
9283,34
9369,73
12819,45
18708,54
37823,89
10800,104
43892,5
1727,105
16994,14
4666,108
30651,106
24487,113
8535,59
27733,57
3750,111
12924,112
12722,64
30575,58
11407,40
97,37
3137,19
14357,109
17921,35
13140,85
3648,113
12485,25
1633,102
21008,32
18474,109
23481,49
6171,76
7521,21
33340,21
32316,54
9879,39
43956,20
19446,66
33365,111
15352,31
23017,76
44370,108
24259,50
42658,40
7345,100
6304,85
42639,90
44384,86
16376,97
29055,49
22360,72
18322,78
43128,60
44222,0
34521,49
28228,90
18745,0
20644,56
5432,32
22669,82
42442,68
2539,28
11929,46
43327,118
41903,97
43642,48
1171,56
7927,20
14289,14
31358,89
32262,112
42799,48
36768,95
17073,60
15892,118
44071,54
18681,55
40785,17
2643,2
30314,52
5347,61
30508,117
41800,25
32972,60
7896,4
9833,50
34782,4
28047,10
32591,4
17015,44
8461,89
19675,13
34742,7
162,38
37766,1
42924,95
9557,73
27037,6
37481,49
9067,108
1431,104
15261,74
23252,70
13975,44
1619,90
7710,55
7736,54
37051,40
7531,105
17069,113
13493,84
3384,28
2839,0
29312,49
5105,97
15078,22
29309,108
19715,8
26201,69
25279,37
2096,84
22436,4
7999,22
29252,23
16370,38
5017,109
25122,108
17833,99
23284,17
18994,24
18284,109
24570,69
35525,50
32373,24
6397,117
28272,54
34865,108
8329,45
30268,68
41796,11
3471,11
14472,24
18509,117
30254,91
34501,61
18394,37
30447,66
34051,63
12448,0
10028,40
21621,84
33787,32
16184,50
9518,17
27386,111
25051,26
19194,112
1651,2
33598,38
33937,47
10720,33
6256,55
28854,105
5469,114
29411,60
16044,117
10258,38
13428,12
37861,113
21817,108
541,113
42092,74
12693,60
5997,54
3390,17
28731,117
14226,44
16029,104
44931,87
11005,46
36727,73
27523,105
6643,119
29750,119
23225,25
16087,46
3586,89
29197,16
36060,69
2563,2
27766,4
42478,108
37804,85
33848,42
38659,50
26661,22
14537,55
2023,73
13109,113
43858,18
7909,97
43544,82
23705,4
1013,70
18313,117
42003,2
38019,48
9596,99
34947,114
17081,51
23762,46
12087,118
5110,70
24286,114
34546,84
36751,89
15379,117
23928,76
40372,10
19873,88
13944,51
26832,22
35851,20
10805,44
19033,105
19363,100
37900,55
2159,113
31656,32
11329,50
25498,58
14042,48
14566,72
39213,51
36735,23
34196,32
3081,109
2520,108
43243,73
43431,93
38787,8
16832,49
25860,72
22656,4
36495,26
41321,11
22663,85
29806,108
36068,45
9496,59
39019,16
5926,64
29725,26
16406,19
18450,94
18037,75
8894,41
8706,66
1376,26
1724,48
27044,53
3754,45
29739,27
20567,84
36850,100
26062,16
24858,43
13057,13
19921,8
28444,87
23387,118
20714,105
28927,60
14571,37
29334,54
17030,100
23911,26
33069,37
14215,9
15997,2
39933,97
28044,2
42575,61
37643,27
10736,69
30841,8
12258,119
18544,68
33453,65
43640,8
11435,111
14291,112
2461,0
12275,75
27413,105
11889,85
39896,88
38714,60
4583,113
22168,36
26806,101
23953,106
16905,19
29921,68
43793,28
3983,73
39071,19
33548,56
17153,84
21991,93
5978,10
25227,84
20131,55
34964,119
44873,80
20669,21
12504,50
26189,28
6979,110
32125,36
11824,84
25538,100
31182,75
35144,5
17630,111
23888,32
39279,113
13279,87
28270,58
44056,105
5439,28
10759,87
39261,105
41732,55
29956,26
27065,108
28138,79
38278,65
38098,49
4531,66
9866,75
10142,83
28903,78
22804,5
16531,4
18052,47
11280,93
35479,73
24034,64
28082,8
7788,98
36224,29
28758,53
4940,22
41991,73
26724,2
22614,98
39851,32
30111,106
31186,70
25431,16
7099,82
8080,0
23472,63
42925,16
43356,106
27425,119
41674,40
25364,86
28671,47
20281,66
42932,40
23561,4
42080,61
6172,46
3631,108
39040,21
25000,44
33160,25
3191,70
32784,13
30911,74
19877,60
30620,4
26035,26
43229,68
14056,47
7394,56
21223,76
33361,11
28411,113
37487,72
25121,115
38595,110
10749,82
24345,9
29300,109
22420,84
4798,31
10634,68
4795,100
41424,19
163,82
671,118
44763,113
16052,89
24817,89
22740,108
30784,2
25476,24
5542,50
40761,17
24022,54
23177,45
7758,48
37605,83
6548,49
24282,106
4481,84
3716,73
10837,2
38908,61
9956,54
31174,53
34317,77
27605,50
26715,4
30874,85
31238,119
14818,60
33535,31
5693,0
32371,54
42468,109
15422,109
37285,4
12411,89
43962,56
42702,115
3292,58
41779,28
34171,47
1382,73
23312,8
34406,95
32003,113
41568,80
23291,72
31823,48
6406,4
9074,2
28141,106
28861,84
5448,60
29794,13
37846,17
25032,8
30158,60
26526,8
36618,68
39256,72
31497,108
13828,106
39922,43
6430,72
6610,72
27286,106
37947,101
20733,75
12330,1
18268,48
12677,99
35262,23
28179,65
33613,98
8734,14
11916,8
28763,105
11871,72
7967,17
23563,28
40108,48
31822,25
16920,36
17347,17
39905,108
35732,60
5772,80
23429,89
35298,51
11138,36
14716,51
8429,24
37685,72
31055,25
25709,31
31552,19
5901,72
8286,100
29984,53
8984,89
5656,11
28937,117
38675,21
7373,82
43713,48
6721,88
24226,62
12686,49
8264,117
40461,112
29619,70
31750,8
28495,75
8325,63
7629,100
11421,69
34594,31
21932,32
25169,65
12329,119
33328,113
31982,108
36875,25
24819,29
5435,10
4437,35
10382,22
24981,38
17826,93
24837,99
37174,88
36035,25
18073,53
42685,119
38067,47
18880,50
30682,54
35585,59
18792,113
22641,54
5782,2
16163,117
19169,105
9715,51
10699,98
44330,26
4895,111
26342,42
20421,66
13395,58
32916,98
16669,8
32376,17
18752,89
41323,60
26116,110
29301,11
37211,4
7446,21
33004,48
15901,33
34447,88
10754,80
39891,113
43943,99
29328,55
3083,11
33400,119
23197,40
35433,87
207,88
28982,66
25592,10
3374,89
10526,26
42828,90
30137,54
43220,19
32007,90
9686,75
19201,0
5249,60
32581,7
8533,98
40194,117
43389,89
40747,84
44119,89
34503,2
14484,46
4255,8
42958,56
2475,50
10756,66
5051,49
3713,53
6704,11
2472,106
37957,75
10106,59
31367,19
16456,20
14210,44
7843,117
12323,18
39532,11
25766,51
31007,90
10793,46
33893,66
17625,17
44718,85
29371,4
32496,16
42910,94
23164,54
32117,56
28482,30
4358,75
17727,51
33537,82
21400,70
7421,55
39420,83
27213,100
9160,110
26122,35
23711,119
40390,1
33755,26
27042,0
16014,119
2852,21
11695,51
41621,105
14996,55
17014,14
29344,89
17633,48
26160,68
42422,60
3040,72
16035,22
37778,68
145,44
23384,6
36041,114
31910,44
7227,88
36451,101
39575,104
34084,46
35993,76
44735,68
31401,59
9852,55
38520,61
10617,90
16393,2
37384,21
28552,0
44374,13
23253,22
34068,100
23669,31
15222,16
22668,68
44436,13
13673,15
42668,34
5495,97
21675,4
42368,94
34566,73
12149,45
42435,0
24611,36
6441,64
8636,13
24489,89
18743,51
23486,106
3654,109
7052,2
29734,105
34054,98
20829,89
34905,32
23171,73
12289,84
42641,51
43003,88
13467,72
6894,105
42652,16
36378,56
27117,72
28211,109
7151,54
6012,11
37650,44
13076,4
36914,20
8906,108
39310,36
21627,43
27764,99
4431,0
43074,56
33174,105
24596,96
39338,84
13178,40
26987,72
16173,7
26966,94
25519,68
8234,29
11563,105
27598,73
11556,66
16353,65
21636,0
32779,4
4760,50
1177,105
31348,52
26523,60
35631,4
6471,24
28441,113
22612,60
41986,11
12040,44
35757,80
25537,51
11207,13
39778,119
14437,66
22443,21
31010,4
28144,28
8927,52
17824,2
44727,31
31324,56
35643,54
12178,36
9108,62
34958,56
37574,92
27723,2
23616,21
3726,39
26200,101
41781,94
40957,88
1367,40
3712,63
38218,31
17772,4
25426,108
33768,48
31116,4
7761,119
36321,87
4114,46
26213,36
1667,49
29165,44
35941,68
25923,98
39882,40
488,8
19614,1
27208,113
6924,89
21592,56
7848,46
5704,113
40901,48
17087,95
37873,108
4033,65
36059,64
8125,108
26984,89
13380,68
42287,10
44609,105
13598,89
43233,65
43893,89
30659,51
37208,80
42823,49
29259,11
43700,19
44156,106
44323,10
24089,82
15504,51
28625,72
22473,16
15577,75
38006,0
43951,8
13669,100
40287,118
23196,98
42759,109
41974,77
42324,62
10225,11
4470,17
17275,44
1969,117
12595,38
32556,94
38525,83
22911,52
39062,21
12115,22
13605,104
40363,109
9110,4
3249,21
6570,94
6638,1
15398,11
23857,0
125,30
38138,68
1239,90
35057,10
41235,114
25611,19
33997,49
9200,11
29856,75
39748,113
37946,4
28404,60
10724,100
20677,50
1058,89
39030,93
15360,111
27420,100
281,59
25619,95
25892,24
968,113
16001,47
20337,2
34707,49
17658,56
619,10
18309,82
1742,113
17774,2
14135,17
26155,106
9847,80
36336,66
26928,62
26788,72
15563,90
6116,77
35946,106
19576,1
42267,75
6099,59
16959,95
23040,45
23499,89
13994,16
38663,0
6276,84
42240,69
43855,72
11083,13
5724,105
10831,11
16653,106
33397,89
39198,119
36142,63
12588,88
32419,40
20939,24
21927,113
13760,38
43006,108
2113,86
26616,118
35984,19
3814,89
41089,84
35923,108
35046,26
4599,119
32781,106
34414,84
29052,66
44011,109
35133,51
4648,46
26916,49
33142,80
22861,4
525,24
41899,16
11561,8
12765,72
23279,64
26723,60
19975,72
27490,17
19342,24
33297,89
21116,4
42229,48
17778,51
29426,19
12201,4
11171,119
26017,37
26958,50
12003,70
22015,17
31585,44
31860,111
25849,65
6563,25
4703,12
15282,64
39063,42
33723,85
39443,73
36221,53
25963,4
12803,119
8595,74
34839,95
956,8
7005,0
30027,11
33120,68
16309,62
39004,39
28706,36
8946,20
14025,58
44975,16
2920,7
37412,54
661,54
16082,111
39825,32
10181,86
20049,73
24363,99
26911,4
4790,100
2356,72
28380,72
18311,66
44634,70
20022,72
31890,58
26745,19
17650,4
13612,56
1560,61
10326,6
7179,54
15349,14
15313,100
36877,21
29545,4
21288,22
33282,2
33662,59
8601,19
16405,100
27961,46
44938,59
899,92
32975,45
33226,2
26630,25
35198,19
24826,4
13629,0
25683,103
3389,20
26289,40
36679,45
25291,17
33320,119
26015,44
39685,4
18440,69
1925,26
38850,36
44197,65
25003,0
9078,97
105,50
3041,17
16369,89
10361,16
32857,0
23398,70
15525,104
43201,72
23116,89
18333,89
27424,65
6368,51
22431,118
9127,2
8905,119
35488,80
30811,58
29781,8
8783,49
44802,101
39499,97
9768,105
3762,1
32981,82
30087,37
43664,65
41688,58
21804,64
6154,60
26143,45
41125,0
17773,72
29009,57
30015,108
26589,22
36935,22
20172,6
29759,52
16967,32
35201,86
5109,51
9208,94
43823,31
8712,31
34531,54
13547,115
28541,35
11536,22
3224,89
526,115
15251,51
5655,109
41652,77
38827,64
17343,68
39110,98
30707,40
20017,98
17434,84
8782,47
8711,7
3380,25
36444,10
5776,84
39341,51
21563,75
34375,59
19994,46
18639,90
23019,68
44997,54
26385,108
17175,114
41752,73
19440,19
26431,89
1980,100
11425,38
19982,53
12857,3
7424,60
5626,6
32196,59
34450,4
28602,111
16335,36
39214,89
33756,99
32347,32
28087,89
22042,80
11722,66
3093,8
13261,112
23411,23
17482,73
10396,58
35612,100
41846,11
3342,64
16422,26
32232,55
6540,100
23650,108
14288,62
36124,113
13025,17
26029,24
11745,119
43809,19
29241,55
27082,69
27570,4
31598,41
7813,21
21510,111
27083,60
35196,54
21427,77
21730,58
25338,65
11939,7
21195,36
24860,72
37567,45
23821,69
2353,77
11383,105
20953,60
9077,48
8073,88
14859,14
7491,101
44191,47
7059,119
13507,48
16661,55
5084,76
26660,70
25821,21
35150,119
33339,65
1435,55
13281,16
42207,45
21736,4
29257,85
10706,54
5445,72
1007,99
31575,84
37311,63
12987,89
7009,65
31966,68
34832,21
1136,8
9882,106
30220,17
21727,60
10177,117
33062,20
26123,109
26588,4
18787,2
26705,64
36766,45
42534,118
36509,76
11700,119
22890,54
2719,22
40329,5
12713,117
2808,95
9017,21
22534,98
2469,31
3738,6
20670,72
26292,25
32088,15
33130,17
39692,8
18088,64
31290,24
2139,24
19623,52
7314,21
20695,11
34080,35
26572,95
6183,37
30561,87
11303,89
1591,113
44322,56
18546,93
2396,105
9516,26
38001,68
21452,45
20420,72
41755,19
3020,58
9903,65
40996,52
29125,72
41873,76
5295,114
3972,84
21754,94
14663,119
4133,109
33742,64
40059,48
25559,87
15585,72
42520,8
29192,36
28841,87
25931,109
23265,21
37784,2
17602,32
32284,1
23874,89
18024,70
17674,17
17764,118
34701,4
37443,60
10222,55
33660,25
7287,23
7906,64
28831,108
24578,89
26685,69
25425,84
18850,7
7657,55
42874,3
26172,90
30448,65
18297,95
11362,95
726,59
7214,68
8245,97
15876,119
14199,16
43513,66
27376,113
17320,44
40042,62
11593,16
34157,89
36332,70
41844,21
38197,74
15934,105
14899,98
24262,49
14561,37
34636,109
29757,9
40970,38
806,28
37573,119
32123,48
41898,94
44055,38
44953,70
43194,87
31883,77
9155,75
23895,58
15152,63
4494,48
35400,72
43757,43
25280,72
40600,4
32913,54
34801,84
32413,79
24951,46
33933,31
2050,19
20144,84
32733,93
10816,70
12676,40
3430,58
24574,60
39837,60
37129,114
10616,8
18155,61
19895,84
33039,85
12984,89
8436,55
29629,59
44749,117
41773,16
44644,90
30586,63
3810,17
13919,2
29969,50
27788,15
9996,112
29430,33
37114,112
545,68
8502,21
15229,55
9323,84
13737,39
28687,8
27345,21
7564,110
15317,68
6640,75
28535,19
40998,21
12651,0
23510,101
20662,88
31705,22
2983,51
29866,0
16514,117
13409,84
30907,101
35435,100
9374,84
24077,113
21776,17
614,16
17850,19
37265,108
19426,43
25510,36
36062,0
6737,18
34268,21
29398,8
41786,69
17905,45
44013,101
15023,21
11122,84
4232,108
24070,59
8820,50
37198,60
16774,119
28921,94
19541,55
22297,51
12182,37
41360,69
4806,49
29711,84
43818,38
27935,36
25064,65
11918,89
15896,73
5319,50
39887,23
2421,68
1750,1
11344,89
12254,89
44698,109
338,1
24791,17
1341,58
44505,61
28470,101
36408,8
21520,17
35772,89
6960,95
4090,59
26212,114
23051,1
23393,22
20581,105
19933,41
9650,58
41131,111
20587,51
34020,38
28145,4
24354,60
13350,95
18023,23
9130,50
60,76
34008,89
37904,6
35111,17
15048,0
34888,100
1524,4
40385,87
32921,19
481,104
38890,36
24058,60
12112,89
15850,108
31987,75
1762,74
8942,49
40483,55
21792,99
23863,0
29077,32
4853,5
2711,101
23150,63
28769,60
31463,68
11046,106
24762,117
25712,59
6819,48
24063,80
13081,76
21874,29
11555,25
21172,72
19250,108
38709,36
35835,44
43938,89
36397,84
29373,80
24027,97
35796,54
35737,106
11664,95
27529,98
8646,73
30987,89
4263,101
29402,32
17029,117
15646,9
40760,72
16725,26
40809,64
1622,0
12875,111
31896,111
22180,42
39952,100
44258,65
31653,56
38243,2
26665,72
31889,85
16458,16
8996,0
11372,99
41401,4
17685,85
23752,115
34072,75
41196,51
36801,16
35367,10
12808,97
2573,105
27856,21
35954,80
28529,109
37599,56
20607,44
24557,21
2106,72
19063,108
29975,108
17771,114
7083,118
1279,6
13221,101
33572,95
14596,110
11382,98
37334,119
29378,100
44651,0
15358,113
37609,14
19978,99
22419,75
23236,69
42880,58
8705,72
31419,48
13859,73
41874,64
36220,8
20079,113
2198,40
16032,11
4425,111
6150,17
17327,73
822,45
21389,84
41124,119
12175,93
18922,72
9503,22
31821,95
21591,8
44466,47
7970,68
13575,56
35822,11
20059,72
24160,108
39986,87
6722,25
3300,35
19694,108
31480,66
8519,50
10682,2
30678,64
10998,101
44779,97
19846,114
26399,6
40411,48
16438,85
10093,2
34249,82
37641,64
13087,55
40806,105
12342,105
25522,15
38565,52
11485,8
26737,25
38000,66
6645,88
28865,44
38258,99
33536,14
18449,28
23570,50
28071,84
7311,98
24861,17
42460,114
20908,2
27952,68
2717,0
2079,6
27965,0
33719,89
24442,8
2482,88
26838,22
41949,82
1759,15
9984,28
20806,110
9916,17
21566,4
31195,68
24917,80
37011,70
19816,26
4944,55
27696,110
38356,87
16241,68
10395,17
19097,66
4757,99
28734,53
37148,80
22359,82
19956,112
5299,101
1990,50
13490,97
4971,54
44707,95
6783,80
36368,105
8666,45
8070,73
8577,16
7973,56
43082,49
34393,101
25150,59
40738,8
13224,42
32409,10
36980,114
39224,5
31880,0
9524,64
11694,99
2708,119
39282,55
37430,72
34622,2
35840,55
19256,69
1645,45
36185,68
36244,27
22116,1
11053,109
34560,100
13718,51
3797,72
3368,30
39964,47
20530,36
41563,60
27632,59
126,17
38727,68
15343,40
37219,60
39915,72
19915,55
27306,117
33595,119
26215,11
15328,22
17368,44
7783,97
10380,32
10457,8
2443,49
24938,37
10541,26
814,10
12999,80
43961,112
43879,2
14153,59
12298,60
5779,88
34884,91
33561,95
10147,46
39666,109
35442,114
16478,42
20609,8
3756,108
35659,53
18755,36
14382,98
20103,62
35996,68
40631,95
6359,51
44116,9
29486,45
23710,19
43872,24
37380,86
32265,19
19029,4
2243,94
38141,61
2336,106
17334,28
32154,14
1120,32
32184,98
10789,18
33187,99
922,94
9446,113
25053,40
5408,89
5788,117
15374,5
21951,73
31273,45
24519,97
17586,66
31110,45
27202,95
41157,37
1970,6
11302,55
4018,95
26727,23
36455,13
18381,21
11246,26
34016,34
2192,49
19096,19
9184,97
18574,48
37438,90
21526,17
5984,6
6565,43
7804,0
11954,113
39711,73
28173,49
29287,84
9510,108
43303,89
18520,108
17449,40
14060,21
16984,40
20611,56
40345,44
77,40
23930,97
19282,73
15524,98
21204,53
23325,44
30523,68
41832,98
8007,19
21852,9
5951,47
43925,108
36159,65
5415,47
8162,68
19019,103
5256,68
36298,51
8567,46
1908,65
42929,112
235,44
12219,102
31037,105
17988,101
40752,2
42078,80
28253,98
36258,21
26614,64
32293,95
14231,56
27534,101
19216,35
43336,4
1342,63
8512,110
34387,43
5287,99
39809,90
2219,21
9865,35
22422,89
16644,114
44302,15
20128,0
39756,16
32254,48
20618,117
1917,37
1828,106
42533,40
12941,73
39001,68
2048,100
39051,36
36976,17
26386,51
42101,45
30105,73
6469,0
32043,64
44354,17
13703,54
10954,53
846,49
38328,118
13234,45
18935,19
117,7
41605,101
22350,4
28746,69
14043,24
41427,54
16389,112
38110,21
9111,72
10787,73
4324,18
35358,77
24818,51
13046,108
27446,45
20119,53
13918,101
10589,48
11613,11
27139,103
6767,113
5622,0
1605,4
26900,70
27285,59
28024,103
3812,60
17260,38
10554,90
10167,119
34529,51
19123,32
35240,0
15913,46
6738,32
23275,55
15728,89
12199,48
7943,45
12910,19
14369,10
26069,2
6371,37
26734,3
16616,4
8258,16
7561,38
42563,16
6168,17
3596,84
39056,106
4632,68
6229,18
29926,20
44431,77
44381,7
10267,2
38518,88
8152,17
35854,24
34674,28
39650,111
23333,41
40441,108
40940,72
1531,113
38638,21
19181,11
17302,21
18030,108
5122,89
5126,93
15034,42
4621,26
39577,94
16748,27
2125,20
8150,26
28699,2
8717,24
55,87
17022,48
302,55
22195,44
14178,41
13568,10
29721,73
4432,2
19262,88
10478,60
43221,119
5240,88
22574,29
10488,76
23321,4
23624,91
16282,66
26329,5
42928,80
27693,38
18777,118
16907,108
39144,6
39749,81
13716,113
23061,90
36668,101
37545,72
21969,77
21508,2
23954,119
11314,49
28732,90
10161,84
4188,68
33434,51
36034,29
18271,86
41240,36
42679,112
24071,106
22415,19
11637,0
6090,101
6238,28
15183,0
40118,42
24214,82
17144,89
6254,85
12015,50
36586,22
39037,51
4300,38
5569,53
14388,1
7941,72
27169,70
36932,95
19963,37
21833,20
19856,115
39811,4
37660,54
43088,105
4854,10
4637,56
42318,80
31703,22
28920,95
17715,4
10209,62
23386,49
25934,101
6941,90
8017,63
42289,64
6949,48
39649,16
13051,32
15781,38
26698,65
37441,11
12173,25
39764,90
1252,2
44238,44
15254,54
19758,65
19198,80
22928,10
42808,119
37626,6
24285,8
41348,60
8427,17
42944,117
37131,66
32049,64
28538,80
43125,55
14489,28
7239,108
36187,113
26657,63
42783,70
37744,47
4544,80
21949,51
17100,111
34816,113
38765,108
13456,17
32201,99
4809,117
10916,32
3636,4
23524,31
23574,68
15106,84
38757,118
9860,108
44927,60
18384,84
12763,56
29189,16
40943,55
404,4
384,20
8702,101
40034,21
10344,10
18017,7
20384,6
21168,109
6938,113
6970,72
20309,53
4158,84
23833,21
8415,25
34961,49
27712,113
1015,97
37892,47
29548,68
23793,115
19255,72
9,51
10136,68
4804,84
5713,11
34349,6
27532,11
17308,117
31471,95
35547,13
13216,58
38088,11
40080,61
38810,100
20159,86
4835,11
37732,105
27355,25
33307,0
31921,113
40251,95
19129,14
36487,38
9337,113
29703,113
667,89
23959,30
24933,34
21447,0
11023,108
10975,8
34121,91
13323,117
7114,98
24504,117
41430,108
19087,22
3330,50
40821,45
42356,47
38413,31
17640,22
6190,108
13843,100
30354,51
25826,37
21732,54
11003,53
27860,84
27509,25
20559,98
37678,80
34620,106
22700,19
36395,19
2105,50
37797,8
17312,11
33591,4
23960,50
28016,4
34299,0
33982,8
504,40
14683,36
42956,105
39298,76
42918,77
42344,113
25470,38
13116,43
30355,47
3709,55
44558,89
21233,14
4748,80
20652,103
15485,114
28710,19
28178,20
25289,117
26790,63
38069,19
6588,68
34578,51
19870,119
23803,21
35909,29
25731,110
1324,117
37080,93
40262,51
26256,73
41459,16
17749,89
26432,105
42348,90
13807,59
28295,8
26962,68
22556,19
17924,50
19065,36
23322,21
27569,50
39081,0
21677,23
1542,58
44261,72
11516,83
7056,45
35307,39
17337,24
23625,108
6731,20
37614,54
6801,4
24394,108
37098,15
8924,68
38102,113
23714,89
9348,2
37497,17
22925,119
11174,113
21689,60
21545,111
24244,7
18540,73
1062,97
27192,64
1167,64
40419,42
21972,47
11130,17
31667,63
23576,8
37259,109
21364,1
8335,113
5486,110
32307,89
17101,51
35270,110
4360,72
36939,14
24466,51
44740,111
16779,28
13923,79
39954,89
698,8
728,95
41555,75
14397,28
21352,86
2914,112
43286,38
5644,97
20150,59
36208,27
32479,38
7357,101
23190,69
34911,53
5104,109
37841,73
17955,59
20463,48
17506,88
35735,44
18888,55
38756,54
44425,4
27384,28
23548,5
33496,17
40355,4
7543,85
412,80
11338,46
26092,11
38513,89
24052,56
17209,111
3267,117
20358,117
41576,51
417,63
11261,72
9817,72
15305,58
23132,80
25351,95
28761,19
27472,6
27350,26
34850,21
27122,59
31996,38
12161,113
3373,51
38494,61
20491,111
43404,32
20764,101
24107,2
17450,44
3913,100
38304,40
32320,26
40770,113
38155,119
28074,51
35506,63
5052,108
4000,75
26144,19
35195,111
11938,16
6833,89
18071,63
851,101
22687,17
25471,111
29168,52
30977,73
38646,8
27663,70
4611,23
16364,10
9540,11
41975,63
9823,95
35257,2
23289,55
40158,84
2849,80
31843,48
32580,94
14069,2
23049,98
38649,56
26646,72
37220,59
26211,85
29222,69
35247,106
43225,109
43919,32
29899,106
44691,113
13245,119
30445,73
13296,38
44078,94
9435,72
27932,63
19128,109
7253,119
13284,93
3506,36
1679,97
19531,20
8130,113
16964,8
9662,88
29375,108
13500,94
3343,89
20056,36
5237,0
7805,8
16896,72
29305,101
1081,54
9204,68
34699,68
23944,76
1150,21
5949,24
8308,37
32217,113
25316,41
25945,111
37945,61
28251,4
14098,10
17214,8
8311,84
21136,16
26258,80
18077,2
17019,2
37233,66
28940,75
39567,16
7987,53
7079,40
39734,68
15202,84
4142,77
32093,89
876,101
21699,16
21606,109
3051,54
19508,24
14599,20
27236,10
2491,98
15338,117
29749,42
4777,113
42675,38
31024,119
31289,68
22677,113
28312,94
33621,54
10966,93
13121,10
32097,65
13403,97
22386,21
25547,84
10893,45
4495,25
40941,17
6655,38
12039,10
2368,106
4780,54
24376,72
22009,81
23355,32
8716,48
10647,50
29592,72
38754,48
19190,119
5801,83
39974,111
40111,101
12533,37
40328,10
40864,55
27751,84
784,65
34177,61
10729,29
16538,0
35777,23
18070,8
11093,60
4014,84
7455,108
36631,4
34663,51
38210,16
569,50
23093,60
32745,70
34584,95
26641,49
19778,77
6102,55
35743,50
10492,89
190,44
699,60
301,109
31216,106
3420,63
18711,106
33828,62
32635,111
43525,33
36212,63
17453,37
43484,17
18589,20
8208,22
40447,32
44080,50
37410,111
9007,113
40764,89
27643,28
29124,112
5600,111
41919,20
39790,8
32352,38
30746,0
19738,55
5895,108
10677,55
8754,30
3436,89
14373,90
6893,42
17429,8
19830,50
40818,21
41914,7
4555,32
44064,82
4735,76
20880,104
33986,89
22399,51
3987,105
21295,66
25876,38
23328,0
38467,65
24736,44
28643,59
2869,56
11969,108
21357,42
2961,26
2200,100
16482,0
38360,69
2557,51
42405,33
5539,92
32711,21
12874,10
29299,115
12183,0
6295,32
4499,39
1154,10
15151,11
42642,89
7400,108
43016,109
7158,109
29855,89
20932,70
38191,68
31616,106
2049,54
11835,44
16371,111
41976,114
25199,110
31065,32
16646,95
30306,23
20445,113
21918,25
39384,100
8120,70
8155,19
1802,113
37504,76
11111,8
35153,60
23078,19
5759,65
18343,77
19360,108
8680,11
18227,105
1734,48
2911,59
11411,88
41106,84
30206,1
34754,68
6546,54
2811,17
26370,108
15708,24
44357,89
20666,79
42107,78
27848,82
25184,110
22671,54
15087,37
44542,76
34698,98
23509,60
197,19
40545,17
40772,60
2327,50
37157,8
25342,8
12688,70
44215,100
32970,113
4931,95
21919,48
26309,22
38559,54
21556,114
7392,55
38623,98
24548,49
854,108
37505,83
28673,95
26736,35
27728,2
20080,50
1636,4
23664,68
23938,95
44417,51
17675,17
39353,64
3304,2
30303,98
28021,64
7994,89
34766,45
663,17
13545,61
32562,68
31968,89
3748,85
29320,111
5530,37
21959,117
40294,58
9474,77
27251,66
6776,38
1306,2
30080,111
23776,26
44262,45
21976,70
15707,2
10230,109
26105,50
18047,25
21834,48
42941,118
25939,6
3627,14
29723,69
29467,54
2693,10
44020,84
42557,19
43689,21
43585,88
22299,6
27890,20
9914,117
16198,56
33827,66
1678,53
6374,53
40342,68
14820,85
18141,51
22403,54
41523,39
23419,51
22361,55
21518,38
206,84
25446,19
6910,108
33270,97
17412,23
27266,42
13773,60
8110,69
32482,5
5056,51
42530,51
24538,12
10965,95
19115,101
30818,109
14039,48
11837,101
35222,38
23599,73
13067,60
30535,67
8392,96
22662,14
38952,101
26854,95
3561,68
38660,19
12666,105
13986,113
33159,103
39504,95
22002,80
5258,90
2695,77
2027,83
2568,22
40774,64
38044,27
39976,86
8571,46
39099,70
21243,40
12185,111
21271,119
9268,101
17262,89
8529,51
24300,2
23247,54
24276,69
24253,5
1016,46
25851,55
40397,65
29127,106
11534,6
32606,66
33763,14
26557,56
37065,72
161,84
5675,13
6873,109
9692,42
40757,115
13417,11
43573,99
11653,42
1021,23
19457,56
23939,117
3943,48
1585,47
26531,115
35920,94
14541,49
40994,0
17159,89
23483,22
2612,0
23897,99
11016,106
43001,108
8433,89
43021,69
43323,60
8792,49
10627,74
21777,108
14502,109
30740,36
41606,4
3890,101
3556,87
11394,2
31551,21
1267,8
1899,73
35773,2
19118,73
189,80
2747,77
18431,101
18942,37
25658,70
41434,6
27480,9
6396,95
28693,10
19769,6
17568,58
39188,84
37819,28
5311,17
2433,60
769,55
1685,4
41090,17
16023,99
44131,26
21962,37
37194,89
16850,25
6265,69
11284,14
44732,87
38158,0
860,25
15795,83
