item_id,feature_a,feature_b,feature_c,group,level,score_x,score_y,buzz
0,-0.517,0.419,-0.549,13,2,0.416,-0.981,-0.015
1,0.438,-0.24,0.072,12,3,-0.216,-0.728,1.579
2,-0.107,-0.415,-0.427,11,3,-0.187,0.743,-0.658
3,-1.237,-0.063,-0.741,18,2,0.11,0.546,0.814
4,0.043,-0.085,0.754,5,2,-0.835,0.249,-0.199
5,-0.15,-1.069,-0.157,9,2,0.036,-0.803,-1.003
6,-0.273,0.31,0.088,9,3,-1.776,-0.102,0.001
7,-0.441,0.325,0.387,12,0,-0.673,0.027,0.692
8,1.103,-0.038,-0.128,13,2,0.751,-0.083,1.354
9,-0.86,0.504,-0.512,11,3,0.098,0.429,1.475
10,0.659,0.99,0.047,9,2,0.47,-0.415,-0.295
11,-0.037,0.749,1.248,10,2,-0.95,0.063,-0.987
12,-0.505,0.503,-0.015,12,2,0.659,-0.353,-0.319
13,0.43,0.246,0.439,6,3,0.035,-0.224,-1.182
14,-0.102,-0.748,0.09,11,3,0.044,-1.551,-0.217
15,-0.012,-0.007,-0.042,19,3,1.441,-0.735,-0.342
16,-0.032,0.545,-0.406,10,1,0.301,0.439,0.727
17,0.141,-1.106,-0.174,12,2,-0.537,-0.598,-2.206
18,0.126,-0.556,0.736,8,1,-0.02,0.672,-0.734
19,-0.581,0.823,-0.797,9,2,0.57,-1.771,-0.726
20,-0.159,-0.665,0.296,5,2,0.437,-0.104,1.187
21,-0.192,-0.298,0.512,10,3,-0.276,-0.378,-1.114
22,-1.742,-0.507,-0.176,6,3,-0.85,0.46,0.227
23,-0.414,0.222,0.026,7,3,0.05,-0.796,-0.128
24,0.386,0.29,0.513,11,4,-0.68,1.318,1.043
25,-0.391,-0.211,0.519,8,2,0.205,-0.252,0.596
26,-0.029,-0.442,0.079,11,3,0.507,-0.006,0.121
27,0.547,0.225,-0.17,10,3,-0.735,0.157,-0.555
28,0.173,0.129,0.668,14,4,-0.649,0.578,-1.852
29,0.528,-0.211,0.229,13,2,0.968,0.048,0.247
30,0.355,0.524,0.3,12,2,-0.711,-0.288,0.53
31,0.666,-0.157,-0.754,9,3,-0.114,-0.29,-1.575
32,0.156,-0.217,-1.203,14,2,0.256,-0.774,-1.234
33,-0.026,1.6,0.274,10,2,-0.809,0.342,0.252
34,0.522,-0.334,0.343,13,2,0.727,1.322,0.339
35,0.073,-0.319,1.147,9,3,0.036,-0.864,-0.991
36,1.16,-0.713,0.23,10,4,-0.756,-0.466,-0.574
37,-1.015,-0.185,-0.687,11,3,0.947,0.915,-1.836
38,-0.77,0.197,-0.693,15,4,0.455,-0.841,1.377
39,0.233,0.052,-0.488,10,2,0.17,-0.142,-1.3
40,-0.366,-0.392,-0.374,13,2,-0.266,-0.963,0.542
41,-0.43,-0.136,1.212,11,3,-0.342,0.816,-0.035
42,-0.041,1.069,0.271,13,1,0.856,0.486,1.29
43,-0.824,-0.909,-0.355,11,4,1.196,0.835,-0.792
44,-0.523,0.303,-0.288,9,0,-0.44,-1.243,0.061
45,-0.25,-0.517,-0.045,7,2,-0.113,-0.526,-1.698
46,-0.372,-0.422,-0.105,7,2,-0.511,1.767,-1.939
47,-0.241,0.434,-0.005,11,3,0.817,-0.475,0.596
48,-0.121,-0.652,-1.028,14,3,-0.17,-0.33,-1.785
49,1.768,0.95,-0.16,9,1,-0.425,-0.454,-0.228
50,-0.779,-0.861,0.698,12,1,0.686,-0.319,1.011
51,1.257,0.249,-0.549,10,2,-0.392,-0.206,0.747
52,0.591,-0.035,-1.441,15,0,-1.094,0.541,-0.665
53,0.543,-0.103,-0.58,7,2,0.681,-0.105,-1.589
54,0.312,0.492,-0.016,12,2,0.868,-0.694,0.509
55,-0.817,0.27,-0.279,7,3,-0.711,0.044,1.342
56,-0.711,0.325,-0.376,11,3,-0.302,-0.349,-0.662
57,0.096,1.227,-1.767,10,3,0.313,-0.685,-0.803
58,0.52,-0.177,-0.015,12,2,-0.634,0.092,-0.525
59,0.613,-0.62,0.174,15,3,-0.64,-0.365,0.572
60,-0.299,-0.352,-0.275,13,1,-0.144,0.615,1.229
61,-0.431,-0.54,0.496,11,1,0.326,-0.731,-1.24
62,0.253,0.992,0.211,10,2,-0.827,0.172,-1.498
63,-0.235,-0.29,0.09,6,2,0.896,0.709,2.34
64,-0.297,0.397,0.094,9,3,1.764,0.263,-0.177
65,0.459,0.23,-0.6,9,1,0.419,1.641,0.253
66,0.243,-0.283,0.513,11,2,-0.342,0.54,-0.692
67,1.238,0.396,0.423,8,1,-0.157,-0.438,0.49
68,-0.713,0.08,-0.068,8,2,-0.274,-0.187,0.96
69,-1.185,-0.981,-0.125,16,2,-0.099,1.23,0.3
70,-1.451,-0.144,-0.219,11,3,-0.325,0.397,1.741
71,1.978,0.359,0.239,9,2,0.166,0.008,-0.327
72,-0.087,-0.318,0.43,10,1,-1.017,-0.058,-0.263
73,0.733,-1.192,-0.228,9,1,0.49,-0.419,0.231
74,0.576,0.368,0.277,7,2,0.465,-1.352,0.465
75,0.004,0.01,0.805,12,1,0.168,-0.462,0.228
76,-0.773,1.444,0.534,10,3,-0.114,0.054,-1.284
77,-0.3,1.094,0.07,11,0,-0.415,-0.598,0.313
78,0.094,0.133,-0.761,12,2,0.814,-0.212,-0.374
79,0.203,-0.471,0.257,5,1,0.893,0.843,-0.581
80,0.024,0.068,-0.06,10,2,-1.063,0.142,0.032
81,0.021,0.82,-0.698,12,4,1.427,0.115,-0.962
82,-0.183,0.35,0.334,9,2,0.425,-1.176,-1.135
83,-0.703,-1.137,-0.613,12,1,0.879,-0.014,-2.615
84,-0.794,0.333,-0.354,12,4,-0.012,-0.199,1.747
85,-0.268,0.994,-0.586,16,2,0.574,-0.289,0.556
86,0.474,-1.014,-0.408,9,3,0.927,-0.325,-0.117
87,0.568,-0.387,0.697,14,4,0.061,0.123,-0.667
88,0.36,0.133,0.002,7,1,0.934,0.114,-2.876
89,0.204,-0.221,0.759,8,3,1.267,-0.557,-0.729
90,0.253,-0.475,0.386,8,2,-0.167,-0.39,0.716
91,0.404,-1.646,-0.316,7,2,-0.565,1.093,0.942
92,1.359,-0.222,-0.222,15,4,-0.175,-0.353,0.642
93,-1.398,-0.462,-0.396,8,2,0.24,0.217,0.158
94,0.525,-0.372,-0.023,12,0,-0.071,0.221,1.304
95,-0.169,1.162,-0.126,9,1,-0.057,-0.216,-0.329
96,0.454,-0.089,-0.377,12,4,-0.522,-0.176,1.085
97,0.73,0.991,-0.732,11,2,-0.166,0.404,-0.385
98,-0.079,-1.256,-0.565,9,2,1.276,-0.836,-0.881
99,-0.46,0.507,0.65,8,1,-0.355,0.721,-1.006
100,0.656,0.332,-0.346,9,4,0.177,-1.019,-1.064
101,0.879,0.007,-0.1,11,3,-1.414,-0.118,0.659
102,0.181,0.854,-0.153,11,0,-0.493,0.647,-0.743
103,-0.398,0.456,-0.083,14,2,-0.11,0.906,-1.033
104,-0.455,-0.895,0.618,9,2,-0.207,1.39,0.714
105,-0.212,0.143,1.086,11,1,1.603,-0.196,0.328
106,0.012,-1.114,-0.798,11,3,-0.253,-0.802,0.963
107,0.456,-0.085,0.751,7,1,-0.469,-0.793,0.513
108,-0.769,0.174,-0.845,14,2,0.848,0.874,-0.753
109,0.139,-0.521,-0.405,13,2,-0.081,0.64,0.076
110,0.201,1.478,0.022,8,2,-0.271,0.084,0.125
111,-0.091,-0.859,0.054,3,1,-0.22,0.853,-0.919
112,-0.433,-0.279,0.303,7,3,0.48,-0.277,-1.105
113,0.7,-0.581,-0.385,9,1,-0.205,1.649,-0.681
114,-0.986,-0.252,0.324,13,2,-0.726,0.092,2.037
115,0.203,-0.051,0.531,10,4,0.181,2.027,-0.413
116,-0.983,-0.771,0.781,8,1,0.046,0.415,1.233
117,0.245,1.611,0.91,11,2,0.648,1.206,-0.469
118,0.134,-0.735,0.286,11,2,-0.016,-0.845,0.889
119,-0.148,0.721,1.185,9,3,-0.057,0.116,0.902
120,0.626,-0.698,0.517,15,0,-0.182,-0.238,0.953
121,-0.396,-0.164,-0.079,12,2,0.25,0.808,0.388
122,0.938,-0.846,0.309,7,0,0.957,0.216,1.377
123,-0.333,0.32,-0.021,6,3,0.007,0.42,0.378
124,0.713,0.457,-0.555,9,1,0.686,0.432,1.714
125,0.368,-0.063,-0.33,11,2,0.424,0.726,-1.62
126,0.683,-0.054,-0.242,7,3,-0.592,0.264,0.348
127,0.887,0.012,0.661,9,3,-1.394,-0.041,0.283
128,-0.108,0.142,0.166,12,2,-0.455,1.012,-0.937
129,0.253,0.082,0.634,12,3,-0.588,0.875,0.58
130,0.315,-0.781,-0.253,10,1,0.549,0.894,-1.49
131,0.144,0.807,-0.042,6,3,-1.137,-0.325,-0.654
132,-0.012,-0.029,0.005,10,1,-0.059,0.829,-1.999
133,-0.621,-0.901,-0.275,8,4,0.57,-0.532,1.559
134,0.386,-0.49,-1.094,16,0,-1.607,0.321,-0.232
135,0.7,-0.16,0.095,13,3,0.191,0.59,2.167
136,-0.81,-0.124,-1.271,7,0,0.56,0.102,0.803
137,0.415,-0.852,-0.374,14,1,0.187,0.449,0.448
138,1.101,-0.263,1.091,8,3,-0.098,-0.938,-0.586
139,-0.343,1.07,0.066,9,3,-0.411,0.236,-1.046
140,-0.151,-0.278,-0.574,14,1,-0.553,-0.094,0.523
141,-0.093,1.179,-0.433,11,1,0.61,-0.793,-0.072
142,0.617,0.328,-0.556,9,2,0.785,1.524,-1.339
143,-0.279,-1.409,0.246,18,2,1.139,-0.306,-1.517
144,-0.237,1.131,0.083,9,2,0.916,0.068,-0.959
145,-0.09,-0.838,0.33,7,4,0.183,-0.64,1.821
146,0.554,-0.536,0.782,11,1,-0.39,0.55,2.213
147,0.492,-0.693,0.264,6,2,-0.523,-0.28,0.205
148,-0.075,0.947,-0.278,9,4,0.76,1.435,0.149
149,0.799,0.315,0.173,11,2,0.647,1.073,-0.336
150,-0.764,0.031,-0.255,4,1,1.309,-0.366,-0.934
151,-0.158,-0.088,0.479,9,2,0.209,-0.184,1.375
152,-0.065,-0.304,-0.124,8,3,0.015,0.451,1.874
153,-0.201,0.668,0.742,11,3,-0.982,-1.079,-0.893
154,-0.524,-0.085,0.105,12,2,0.175,0.391,-0.083
155,-0.592,-0.38,-0.392,11,3,0.519,-0.389,-0.45
156,-0.139,-0.384,0.099,11,1,0.081,-0.669,-0.42
157,0.424,0.594,0.446,6,1,0.939,-0.953,1.186
158,-0.014,-1.053,0.202,7,2,0.635,0.066,-1.312
159,-1.01,0.22,-0.535,12,2,-0.907,1.113,0.466
160,0.517,-0.699,-0.096,9,2,0.66,-0.609,0.728
161,1.024,0.09,-0.574,12,2,0.5,1.03,-0.142
162,0.52,-0.419,-0.201,12,4,0.874,-0.317,0.893
163,0.001,-0.072,0.946,10,1,-0.177,-0.236,0.148
164,0.673,0.43,-0.961,11,3,0.479,1.918,1.217
165,-0.614,0.643,-0.21,10,3,0.83,0.406,-1.522
166,-0.769,0.704,0.039,12,4,-1.009,0.7,-0.349
167,0.165,-0.643,-0.187,7,4,-0.306,0.236,-0.072
168,0.401,0.374,-0.022,9,2,-0.089,-0.835,-2.672
169,0.055,0.209,-0.479,13,3,-0.414,-0.022,-1.086
170,0.143,0.235,0.649,12,2,0.403,0.274,-0.814
171,0.418,-0.141,0.685,11,3,0.935,-0.199,0.948
172,0.03,-0.517,-0.42,11,4,0.654,-1.04,-0.707
173,1.066,-0.129,-0.467,12,1,0.608,0.287,-0.818
174,0.293,-0.438,-0.275,9,2,-0.208,0.038,0.817
175,-0.962,-0.751,-1.15,14,2,0.906,0.785,-1.618
176,0.961,1.346,1.174,13,3,-0.014,0.446,-2.071
177,-0.608,-0.16,0.358,10,3,0.854,-0.567,-0.362
178,-0.42,-0.85,-0.528,7,3,-0.445,0.5,-1.448
179,-0.369,0.915,0.799,11,1,0.243,-0.325,-1.41
180,0.527,0.777,-0.701,8,3,-1.046,1.368,0.573
181,-0.27,-0.58,0.311,9,1,-1.185,-0.456,0.876
182,0.91,0.375,-0.101,12,1,1.201,0.325,0.789
183,-0.181,-0.216,-0.873,8,2,-0.169,0.188,1.109
184,0.841,-0.392,-0.072,8,0,0.476,0.618,1.241
185,0.275,-0.092,-0.566,8,3,-0.1,-0.114,-2.129
186,0.224,0.042,-1.688,14,1,0.071,-0.469,0.45
187,-0.441,0.175,0.615,13,1,-0.347,-0.511,-0.53
188,-0.121,-1.624,0.324,12,0,-0.763,0.16,-0.747
189,0.152,-0.13,0.124,15,2,-0.516,-0.537,0.56
190,0.122,0.952,0.038,9,1,-0.058,0.172,-1.73
191,-0.378,1.61,-0.367,9,2,0.435,0.649,-1.751
192,0.661,-0.605,1.097,12,2,0.68,-0.126,0.634
193,-0.301,0.22,-0.265,11,3,-0.304,-1.086,0.488
194,0.095,-0.403,0.153,13,2,0.373,0.866,0.137
195,-0.08,0.564,0.92,16,3,0.241,0.124,-0.88
196,-0.376,-0.14,0.313,14,0,0.068,-0.01,0.744
197,-1.571,-0.247,1.225,10,1,-0.737,1.233,0.68
198,0.101,-0.032,-0.15,9,4,-1.16,1.042,0.085
199,0.123,0.715,0.301,8,0,0.075,-0.061,-1.177
200,-0.101,0.067,0.085,9,3,0.16,0.632,-0.425
201,0.097,0.984,-0.375,10,2,0.752,-0.872,0.838
202,0.267,0.134,0.51,10,3,1.293,0.701,1.327
203,0.525,-0.235,-1.526,14,2,0.232,-0.266,-0.327
204,0.095,-0.203,0.259,11,2,0.244,-0.859,-0.25
205,-0.351,-0.907,0.294,12,3,0.414,-0.018,-0.162
206,0.225,-0.55,-0.599,7,3,0.998,0.637,0.275
207,-0.077,0.383,-0.184,10,3,1.153,0.621,-0.581
208,-1.449,0.404,-0.179,7,3,0.638,0.384,-2.894
209,0.0,0.236,-0.657,9,2,-0.046,-0.015,1.193
210,1.362,0.136,-0.181,12,3,1.285,-0.475,1.795
211,-0.41,-0.39,-0.548,10,2,0.022,-0.53,-0.612
212,-0.445,0.588,0.047,6,1,-1.382,0.095,-1.067
213,-0.476,-0.574,-0.54,12,2,0.089,0.285,-0.137
214,0.794,0.369,0.87,10,0,-0.821,-0.487,-0.188
215,0.294,0.713,-0.715,12,1,-0.149,1.102,0.996
216,-0.036,-0.59,-0.541,9,2,-1.235,-1.329,0.055
217,0.147,-0.254,0.205,11,1,0.703,0.015,-0.793
218,0.027,0.21,-0.31,12,4,0.344,-0.103,-1.318
219,0.279,-0.689,0.285,7,1,-0.605,0.164,0.866
220,0.817,-0.655,0.195,13,2,0.151,-0.974,0.6
221,-0.536,-0.546,-1.328,10,2,0.611,-1.415,1.061
222,0.665,-0.981,1.38,7,3,0.999,-0.314,-0.968
223,0.415,-0.524,-0.272,10,1,-0.475,0.177,1.838
224,-0.874,-0.623,0.817,14,0,0.279,0.274,-1.744
225,0.898,-0.114,0.735,10,4,-0.556,-0.764,0.71
226,0.006,-0.416,-0.573,14,2,-0.175,1.056,-1.91
227,0.886,0.348,0.039,13,0,-1.022,-0.096,-0.79
228,1.133,1.32,0.363,12,1,-1.051,-0.245,1.561
229,0.022,0.478,-0.891,12,1,1.047,0.93,0.831
230,-1.085,0.195,0.324,15,1,0.814,0.194,-0.546
231,1.704,-0.679,-0.208,13,3,-0.647,0.35,-0.519
232,0.09,-0.358,0.168,10,3,0.063,0.682,0.101
233,-1.221,0.719,-0.482,10,1,0.637,-0.546,0.514
234,0.918,0.21,0.328,12,3,0.186,0.991,1.252
235,-0.258,-0.23,0.448,14,3,-1.675,-0.298,-0.456
236,-0.216,0.041,0.981,13,2,0.394,-1.011,-1.612
237,-0.852,0.012,0.735,13,3,0.667,-0.711,0.157
238,0.327,-0.031,-0.149,15,3,-0.156,-0.072,-0.457
239,-0.568,-0.206,-0.46,9,1,-0.214,-0.978,-1.301
240,-0.224,-0.495,0.393,13,0,-0.46,-0.085,0.298
241,0.591,-0.159,-0.322,4,3,-0.151,0.019,-0.213
242,0.897,-0.696,-1.337,10,4,0.851,-0.162,0.307
243,0.208,-0.737,0.454,12,3,1.416,0.759,-0.894
244,-0.228,0.815,0.717,16,3,0.349,0.006,0.487
245,-0.262,-0.31,0.144,12,3,-0.261,-0.158,-1.317
246,-0.837,-0.314,-0.509,12,2,-0.137,1.003,-0.828
247,-0.057,-0.552,0.561,16,1,0.397,0.328,-0.243
248,0.332,0.333,-0.164,12,1,-0.696,1.338,1.742
249,-0.143,-0.203,-0.282,11,0,-1.354,-0.499,0.785
250,0.172,-0.327,0.171,14,1,0.498,1.05,1.077
251,-0.06,0.045,-0.253,16,1,-0.893,-0.866,1.417
252,-0.282,0.221,-0.448,14,1,-0.467,0.094,3.603
253,-0.034,-0.278,0.027,8,3,-0.225,-0.436,0.042
254,-0.894,-0.463,1.299,11,2,-0.98,0.571,1.42
255,-0.838,0.15,0.399,13,2,-0.64,0.097,1.013
256,-0.285,0.191,-0.287,13,0,-0.355,0.228,0.996
257,-0.482,0.285,-0.484,14,0,-0.517,-0.377,1.774
258,0.854,0.873,-0.013,12,1,0.335,0.281,-0.419
259,0.596,0.082,-0.532,12,3,-0.032,0.462,-0.499
260,-0.094,-0.357,-0.114,12,3,-0.085,0.682,0.32
261,-0.789,0.798,-0.601,11,4,0.203,-0.593,-0.183
262,0.209,0.925,-1.171,13,1,-0.719,-0.887,0.319
263,-0.242,-0.031,1.181,6,2,0.185,0.689,1.563
264,-0.339,0.051,0.859,11,3,-0.391,-0.774,-0.478
265,-0.358,0.94,-0.554,14,0,-1.029,-0.267,-0.305
266,-0.277,0.392,-0.194,10,4,-0.142,-0.34,0.174
267,-0.296,0.089,0.378,13,4,-0.107,-1.59,-0.228
268,-0.354,0.08,-0.879,12,0,0.07,-0.031,-1.914
269,0.043,0.209,-0.011,13,3,-1.522,1.441,-0.58
270,-0.46,-0.618,-0.364,13,2,0.895,-0.224,0.687
271,-0.711,-0.073,0.011,9,0,1.205,0.334,1.438
272,0.776,-0.124,0.043,13,1,-0.034,0.304,-1.155
273,0.355,-0.964,-0.602,11,0,0.242,-0.19,-1.159
274,-0.165,-0.002,-0.744,8,4,-0.867,-0.395,0.03
275,0.418,-0.279,-0.457,13,4,0.597,0.241,-2.076
276,0.316,-0.592,0.265,13,3,-0.366,0.461,-0.445
277,-0.592,-0.294,1.382,19,3,-0.096,0.144,-1.736
278,-0.186,1.085,0.089,12,4,0.062,-0.181,1.369
279,0.303,-0.541,0.843,11,3,1.2,-1.043,-0.769
280,-0.215,0.278,-0.005,13,1,0.91,-0.35,1.653
281,0.291,0.751,0.205,10,1,-0.18,0.471,1.114
282,0.308,-0.133,-1.238,14,2,-0.689,0.798,-0.646
283,0.529,0.402,0.623,6,3,0.036,-0.403,-1.072
284,-1.113,0.224,-1.187,8,0,1.816,-0.671,-0.194
285,-0.29,-1.65,-0.991,14,2,-0.207,0.083,-0.105
286,0.475,0.306,-0.212,6,1,-0.167,-0.055,0.346
287,0.206,0.006,0.482,8,2,-1.035,0.329,-0.777
288,-1.148,-0.28,-0.681,8,2,-1.638,-0.06,0.746
289,-0.279,0.122,-0.766,11,2,0.046,0.334,0.265
290,-0.662,0.147,0.047,9,3,1.096,-0.642,-0.34
291,1.023,0.417,0.778,12,2,-0.862,0.489,-0.712
292,-0.09,0.423,-0.952,11,3,-0.039,1.175,-0.185
293,0.183,-0.228,-0.295,10,2,-0.77,0.038,-0.817
294,0.008,-0.506,1.318,15,0,0.411,0.622,0.058
295,0.1,-0.285,-0.089,10,1,-0.175,-0.707,0.085
296,0.901,1.066,0.092,12,3,-0.032,0.103,0.262
297,0.24,-0.575,0.15,14,1,0.864,0.431,1.766
298,0.747,1.335,-0.851,8,2,-0.058,0.195,-0.132
299,-1.122,0.115,0.761,9,3,0.235,-0.241,1.005
300,-0.043,-0.059,0.113,5,1,0.079,0.596,0.23
301,-0.546,0.149,-0.03,9,3,0.131,0.292,-0.238
302,-0.183,-0.331,-0.099,9,4,0.528,-1.219,-0.119
303,0.496,0.442,-0.815,13,2,-1.093,-0.74,-0.059
304,-0.306,-0.558,0.346,19,2,0.522,0.304,0.28
305,0.295,0.571,0.699,7,2,-0.548,1.669,-0.959
306,-0.02,0.074,0.745,14,1,0.296,0.17,-1.465
307,-0.205,0.531,-1.279,13,0,0.24,-0.053,0.654
308,-0.707,-0.523,0.691,12,0,-0.047,-1.374,0.898
309,0.153,0.355,-0.69,10,2,0.029,0.028,0.746
310,0.673,0.297,-0.571,14,1,0.154,-0.033,0.155
311,-0.904,0.353,-0.985,9,0,-0.592,-1.483,0.767
312,-0.021,0.607,0.316,10,1,0.962,-0.079,0.713
313,1.428,-0.495,0.214,10,3,-1.496,-0.289,0.788
314,0.694,-0.272,-0.746,13,1,-1.185,-0.968,-0.86
315,-0.109,-1.164,0.955,13,2,-0.503,0.339,-1.097
316,0.431,-0.043,-0.257,10,2,1.832,1.475,-0.389
317,-0.037,0.64,0.361,8,4,-0.607,0.057,-0.017
318,0.536,-0.01,0.519,11,3,0.465,0.646,-0.242
319,-0.604,0.375,0.716,11,1,-0.088,0.357,-1.877
320,0.131,-0.311,-0.439,14,2,0.776,-0.16,1.722
321,0.589,-0.595,0.328,13,0,-0.111,-1.104,-0.274
322,0.011,0.04,-0.195,6,2,-0.975,0.605,0.173
323,-0.239,0.252,0.866,8,2,-1.281,0.051,1.245
324,-0.284,-0.424,0.776,9,2,0.292,-0.52,-2.345
325,0.053,1.458,1.511,12,2,-0.353,0.236,-0.512
326,0.523,-0.403,-0.345,12,2,0.841,0.942,-0.387
327,0.91,0.487,0.29,14,2,-0.182,-0.25,-0.336
328,-0.839,0.645,0.112,8,2,-1.285,-0.081,-0.173
329,0.551,-0.183,1.242,10,1,0.901,0.87,1.447
330,0.01,0.888,-0.736,9,3,-0.068,0.272,0.673
331,0.996,-0.351,-0.93,12,3,0.312,-0.757,0.958
332,0.365,-0.152,-1.502,10,2,0.583,0.122,0.047
333,1.189,0.952,-0.67,9,1,-0.769,-0.575,-1.399
334,-0.31,-0.05,0.758,9,3,0.327,0.456,-2.08
335,-0.112,-0.119,0.286,9,2,-0.346,-0.869,-1.529
336,0.16,0.215,-0.549,9,2,-0.062,0.944,0.36
337,-0.328,-0.88,0.144,9,2,-1.308,-0.433,0.032
338,0.361,-0.974,0.079,9,2,-0.354,0.015,-0.21
339,-0.108,0.337,-0.379,16,3,0.225,0.099,-0.369
340,-0.131,-0.508,0.341,10,2,-0.512,0.436,2.012
341,0.643,0.342,0.067,10,3,-1.004,-0.0,-0.823
342,0.347,-0.797,0.198,16,3,0.474,0.11,0.928
343,-0.458,-0.393,0.413,11,1,0.021,0.674,0.002
344,0.844,-0.305,0.118,8,4,-1.37,0.311,-0.061
345,-0.341,0.024,-0.51,8,1,0.466,-1.122,1.177
346,0.566,-0.699,-0.217,11,3,0.853,-0.898,1.463
347,-0.561,0.474,0.139,9,0,-0.462,0.392,-0.24
348,-0.299,0.422,-1.204,9,1,-1.826,-0.482,0.799
349,0.43,-0.322,-1.183,4,1,0.423,-1.289,0.364
350,-0.487,0.387,0.418,10,3,-1.165,0.548,0.007
351,0.0,2.268,-1.167,16,2,-0.771,0.006,0.204
352,0.086,-0.133,-1.071,11,1,-1.405,0.079,-0.688
353,-0.406,-0.003,-0.19,12,3,1.412,-0.039,-0.306
354,-0.33,0.914,-0.402,13,2,-0.398,-0.958,-0.581
355,-0.204,0.118,0.364,12,3,-0.682,-1.319,0.901
356,0.339,0.197,0.367,9,0,-0.214,1.462,-0.095
357,0.787,0.429,0.056,9,2,-1.818,-0.093,-1.298
358,0.88,0.23,0.12,15,1,0.924,0.941,-0.723
359,0.912,-0.674,-0.364,8,1,-0.63,0.439,-3.199
360,0.422,-0.208,-0.391,10,0,-0.634,-0.713,-0.494
361,0.74,0.24,0.128,9,3,-0.156,-0.095,0.038
362,0.16,0.733,-0.745,9,2,0.268,0.668,-0.136
363,0.699,-0.197,0.662,10,1,0.06,0.255,1.98
364,-0.13,0.17,-0.915,8,2,0.903,0.011,0.575
365,0.18,-0.551,0.171,9,2,1.632,-1.469,0.53
366,-0.087,0.478,-0.945,4,2,0.641,1.587,-1.643
367,-0.165,0.813,-0.873,11,2,0.651,-0.337,-0.365
368,-0.851,-0.049,0.626,9,2,0.14,0.201,-0.487
369,-0.824,-0.518,0.203,10,2,0.222,0.785,-0.786
370,0.73,0.357,0.461,14,0,-0.57,-0.376,-0.8
371,0.493,-0.896,-0.708,10,1,0.191,0.495,-1.808
372,-0.368,-0.093,-1.283,14,1,-0.682,-0.604,-1.276
373,-0.413,0.773,-0.044,16,1,1.02,-0.108,0.874
374,0.053,0.453,1.032,10,0,-0.478,0.489,-0.143
375,0.137,0.517,-0.955,12,0,0.371,-0.126,-0.506
376,-0.72,0.63,0.608,13,1,1.759,-0.094,-0.005
377,0.326,0.965,-0.281,12,0,-0.047,0.431,1.167
378,-0.414,-0.232,0.182,7,2,-0.212,0.222,0.004
379,1.048,0.474,-0.425,10,2,0.168,-0.848,0.54
380,0.014,-0.578,1.23,11,2,-0.654,-0.349,-0.847
381,0.387,0.633,0.227,7,3,-0.28,0.261,-0.619
382,-0.037,-0.28,0.811,11,0,-0.899,-0.471,0.354
383,-1.79,1.077,-0.576,7,3,0.948,0.03,1.893
384,0.325,0.378,-0.568,11,2,-0.095,0.016,1.43
385,-0.19,-0.114,0.117,9,1,0.147,0.014,0.583
386,-0.622,-0.361,-0.709,8,3,0.615,0.32,0.151
387,-0.946,-0.421,-0.292,15,1,-0.482,0.592,1.401
388,-0.713,0.156,1.209,9,0,-1.293,0.579,0.795
389,-0.44,1.562,-0.235,11,2,0.554,-0.166,-2.294
390,-0.735,0.222,0.829,6,2,-0.483,-0.392,-1.054
391,0.366,1.149,-0.56,8,1,-0.514,0.385,0.338
392,-0.112,-0.141,0.296,9,1,-0.519,0.721,-1.787
393,-0.148,-0.542,-0.694,15,1,0.442,0.98,-0.898
394,0.404,0.799,0.131,17,0,1.17,0.515,-0.7
395,0.339,0.198,0.174,5,3,-0.125,0.586,-0.256
396,0.147,0.624,-0.102,9,3,1.085,-0.633,-0.287
397,-0.174,0.143,0.681,15,1,0.129,0.046,-0.289
398,-0.396,-0.769,0.499,12,2,1.287,-0.24,0.825
399,-0.028,-0.024,-0.886,11,1,0.263,-0.573,-0.265
400,-0.013,0.521,0.538,10,0,-1.283,-0.359,-0.385
401,-0.975,-0.441,1.005,7,0,0.604,0.149,-1.349
402,-0.018,-0.683,0.368,12,2,-0.326,1.483,1.024
403,-1.213,0.847,1.165,9,2,-0.154,-0.255,-0.671
404,1.135,1.731,-0.355,8,0,-0.022,0.426,-1.087
405,-0.282,-0.297,-0.229,12,2,-0.942,0.806,0.213
406,1.176,-0.084,-1.124,10,3,0.969,-0.567,-0.767
407,-0.502,1.061,-0.549,15,2,1.147,0.206,-0.526
408,-0.09,-0.306,0.287,10,2,-0.267,-1.204,0.258
409,0.082,-1.093,-0.265,6,0,-0.48,-0.647,-0.326
410,-0.138,-0.111,-0.301,7,2,-0.528,0.287,2.312
411,-0.646,-0.705,0.051,8,3,0.104,1.306,-0.075
412,0.306,0.575,0.545,9,1,-0.055,0.133,0.618
413,-0.556,-0.375,-0.047,10,4,-0.732,0.273,-1.942
414,1.025,-0.183,0.271,11,1,-0.237,-0.32,-0.861
415,0.197,0.22,-0.168,15,2,-0.283,0.995,-1.087
416,-0.753,-0.437,-0.086,11,0,-0.658,1.161,-0.954
417,0.37,0.333,-1.119,13,2,0.251,1.145,0.416
418,0.558,0.541,0.335,10,4,0.832,0.313,1.036
419,-0.159,0.206,-0.002,10,2,0.253,0.428,0.345
420,0.036,-0.115,-0.241,9,0,-0.787,-0.554,-0.227
421,-1.695,0.659,0.447,11,2,-0.078,0.447,-0.631
422,-0.431,0.427,-0.171,8,2,-0.11,-0.046,1.114
423,-0.231,0.272,-0.004,15,2,-0.014,0.293,2.071
424,-1.1,0.255,-0.635,12,3,-0.664,0.931,0.135
425,0.663,0.602,-0.461,8,2,-0.632,1.033,0.939
426,0.188,0.751,0.526,10,2,-0.976,0.757,0.343
427,0.002,-0.141,-0.305,7,2,0.626,0.301,0.756
428,0.621,-0.651,0.547,5,2,-0.331,-1.238,-1.165
429,0.019,-0.096,-0.184,11,1,0.019,0.439,-0.488
430,-0.824,0.886,-0.137,8,4,0.429,-0.624,0.395
431,1.052,0.935,0.001,7,2,0.579,-0.044,1.212
432,-0.229,0.054,0.533,10,3,1.837,-0.076,-0.818
433,-0.046,-0.806,0.328,18,0,-0.859,0.835,-2.033
434,-0.223,-0.316,0.225,10,0,0.055,0.246,-0.498
435,-0.533,1.039,0.268,12,2,1.043,-0.044,1.01
436,-0.879,0.452,-0.549,9,0,-0.277,0.713,-1.584
437,-0.429,-0.11,-0.005,10,2,0.628,-0.225,-1.177
438,0.891,0.495,1.17,7,3,0.286,-0.804,0.156
439,0.227,-0.5,-0.506,8,4,0.994,-0.416,-0.116
440,-0.287,0.307,-0.601,9,2,0.115,0.252,0.594
441,0.701,0.186,-0.176,10,4,-0.161,-0.489,-1.229
442,-1.018,0.696,0.942,8,2,0.255,-0.491,-0.325
443,0.524,-0.561,-0.123,12,3,-0.468,-0.647,1.195
444,0.143,-0.019,0.072,9,1,0.778,-1.003,-1.193
445,-0.257,-0.207,0.68,8,3,-0.055,0.249,1.477
446,0.326,-0.723,1.204,9,1,0.481,0.162,-1.067
447,-0.239,0.199,0.069,8,3,0.06,-0.145,0.849
448,0.213,-0.042,0.44,12,2,0.43,-0.149,-0.373
449,0.141,0.16,-0.379,11,2,-0.341,1.157,-1.145
450,0.111,-0.634,-0.205,11,3,-0.308,1.31,-0.497
451,0.995,-0.4,-0.21,12,3,0.538,1.518,0.545
452,-0.522,-0.009,0.245,12,1,0.218,0.847,-0.007
453,0.468,-0.136,-1.397,13,1,-0.762,0.868,1.118
454,0.092,0.303,0.631,14,1,-0.492,-0.848,1.436
455,0.15,0.49,-0.338,6,3,-1.237,-0.713,-1.183
456,0.942,-0.351,-0.55,9,1,-0.064,-0.573,-1.256
457,0.218,-0.007,-0.54,11,0,-0.363,-0.117,-1.305
458,-0.389,-0.126,0.717,8,2,-1.536,0.8,-0.899
459,-0.023,-0.181,-0.078,11,1,0.536,-0.034,1.104
460,-0.768,0.712,0.069,8,3,-0.768,-0.919,0.56
461,-1.074,0.389,-0.956,6,0,-0.397,-0.282,-0.545
462,-0.626,-1.063,0.473,10,3,-0.266,-0.308,-0.011
463,0.147,-0.211,0.322,9,2,-1.377,-0.429,1.404
464,-0.694,-0.684,-0.953,7,1,0.901,-0.557,1.908
465,0.842,-1.623,-0.324,9,2,-0.204,1.238,0.259
466,-0.941,-0.857,-0.442,10,2,-1.238,-0.533,-2.659
467,0.022,-0.074,-0.818,14,0,-0.265,1.421,0.297
468,0.076,0.15,0.408,8,1,0.297,1.043,0.935
469,-0.295,0.201,0.03,10,4,-0.385,1.003,0.225
470,0.528,0.123,0.122,8,2,0.94,1.022,0.727
471,-0.255,-0.224,-0.698,12,1,-0.439,-0.219,0.357
472,0.132,-0.397,-0.311,9,2,0.975,0.713,-1.235
473,0.045,-0.105,0.112,13,1,0.08,-0.168,-0.886
474,-0.319,0.349,1.088,9,0,-0.676,-0.549,-0.321
475,-0.741,-1.235,-0.595,3,0,0.852,0.71,1.065
476,-0.078,-0.609,0.601,9,2,-0.625,0.957,-0.766
477,0.491,-0.484,0.743,10,4,-0.76,0.148,0.456
478,-0.908,-0.012,0.099,9,0,-0.351,0.019,0.304
479,0.485,0.177,0.676,11,2,-0.832,-0.438,1.586
480,0.588,0.431,-0.467,12,2,1.113,-0.245,-0.042
481,0.564,0.524,0.628,6,2,-1.213,-0.586,-1.755
482,-0.46,-1.573,-0.299,13,3,0.769,-0.909,0.647
483,0.49,-0.297,0.819,11,0,-0.875,0.288,2.138
484,0.65,-0.125,0.107,14,2,0.231,-1.549,0.712
485,1.133,-0.057,-0.377,13,1,1.246,-0.345,-0.788
486,0.351,-0.033,0.329,14,3,-0.361,0.298,-1.082
487,0.958,0.022,0.309,10,3,0.922,0.024,-0.953
488,-1.362,-0.347,-0.977,13,0,-0.576,-1.967,2.003
489,0.088,1.421,1.033,13,2,-0.41,0.439,-0.327
490,-1.511,-0.15,-0.655,13,2,-0.232,-1.129,-0.663
491,-0.334,-0.408,-0.242,11,1,-0.339,1.651,-0.158
492,-1.306,0.74,0.018,11,1,-0.377,0.488,-0.317
493,0.479,-0.574,-0.047,4,1,0.96,0.211,1.568
494,0.441,-0.624,0.063,13,0,-0.375,0.468,-1.014
495,1.247,0.098,-0.306,8,1,-0.047,0.507,1.181
496,-0.333,0.181,1.394,13,3,-0.097,0.393,0.122
497,-0.506,0.165,-0.155,8,2,0.147,-0.808,1.207
498,-0.438,-0.489,-0.361,11,2,-0.842,0.422,1.583
499,0.026,0.201,0.131,8,4,-1.246,0.889,0.085
500,0.101,0.195,0.857,9,1,0.171,-0.439,-0.315
501,0.624,-0.327,-0.006,9,2,0.277,-0.537,0.066
502,0.573,0.291,0.295,11,3,0.344,0.496,-0.095
503,0.841,-0.138,0.88,7,3,0.298,0.232,-1.657
504,0.117,0.107,1.026,10,2,-0.884,-0.377,1.552
505,-0.323,0.699,-0.445,16,2,-0.528,0.621,0.246
506,-0.307,-0.619,-0.217,12,3,-0.117,-0.159,-1.163
507,0.037,0.33,-0.321,3,3,-0.253,-0.662,-2.068
508,-1.121,0.092,-0.031,10,3,0.396,0.423,-2.328
509,0.303,0.088,-0.117,11,1,-1.103,0.255,0.77
510,0.016,-0.257,0.469,10,1,-0.218,1.151,-0.619
511,-0.318,0.611,0.053,10,4,0.534,0.63,-0.455
512,-0.761,-0.41,-0.549,11,4,-0.104,-0.794,0.488
513,0.049,0.464,0.473,4,0,0.583,0.165,-0.516
514,0.443,-0.565,-0.791,8,0,-0.09,0.885,0.547
515,-0.321,-1.127,-0.175,9,2,-0.713,0.292,0.095
516,-0.018,0.92,-1.068,10,3,-0.194,0.294,-0.084
517,0.528,0.269,-1.213,13,4,0.973,-0.342,-1.573
518,-1.126,0.765,-0.896,12,0,0.177,1.5,-0.82
519,0.751,0.786,-1.362,13,2,0.843,0.263,0.603
520,0.743,1.118,0.655,9,2,0.589,-0.283,-0.682
521,0.307,0.536,-0.413,15,2,-0.595,0.002,1.205
522,0.418,0.091,0.12,12,2,-1.416,-0.407,2.346
523,0.086,-0.25,-0.518,7,0,-0.227,-0.277,0.656
524,-0.03,0.106,-0.963,9,0,-0.489,0.372,1.493
525,0.161,0.433,0.732,11,3,0.456,-0.469,0.721
526,0.484,-1.364,-0.214,11,1,-0.538,-0.344,-0.534
527,-1.075,0.227,-0.61,6,1,1.012,-0.37,0.2
528,-0.095,-0.511,0.667,12,2,-0.113,-0.644,2.013
529,-0.213,-0.275,0.176,9,3,0.003,-0.657,-0.524
530,-0.382,0.242,0.664,8,3,-0.824,0.312,-1.039
531,0.159,-0.059,-0.98,12,0,-0.801,0.479,-1.134
532,1.333,0.257,-0.545,10,1,0.022,-0.919,-0.218
533,-0.81,-0.343,0.241,6,2,0.912,0.429,-1.003
534,0.375,0.422,0.032,8,2,0.704,-0.484,1.674
535,-0.264,-0.039,-0.576,12,1,-0.256,-0.967,0.216
536,0.18,-0.05,-1.09,15,3,-0.168,-0.097,0.972
537,-0.988,0.29,-0.333,10,2,-0.619,0.194,-0.299
538,0.291,0.549,0.251,10,4,-1.075,-0.409,-1.14
539,0.778,0.363,0.811,12,1,-0.032,0.148,-1.309
540,-0.09,-0.28,0.544,12,1,0.95,-0.08,-0.908
541,-0.06,0.446,0.139,6,1,0.227,1.337,0.348
542,0.767,0.83,-0.873,7,2,0.359,0.194,0.52
543,-0.916,-1.2,-0.037,9,1,0.587,0.052,0.603
544,0.335,0.446,-0.465,12,3,0.171,-1.103,-1.489
545,-0.069,0.22,-0.111,15,1,-0.648,0.073,-0.0
546,0.922,0.408,0.064,7,0,-0.035,1.443,-1.026
547,0.649,0.593,-0.286,7,4,-0.068,1.047,0.401
548,-0.225,0.368,0.662,11,3,1.333,0.095,0.479
549,-0.498,0.388,-0.797,11,1,1.18,0.412,-1.172
550,0.323,-0.186,0.59,12,3,-0.106,-0.169,0.968
551,0.61,1.384,-0.75,13,0,-1.077,-0.296,2.339
552,-0.644,0.061,0.542,10,3,0.579,-0.47,0.835
553,-0.458,0.77,0.101,7,2,-0.576,-0.246,-0.163
554,0.984,-0.547,0.051,13,2,-0.039,0.149,-0.317
555,-0.717,0.415,-0.444,8,2,0.616,0.391,-0.209
556,0.652,0.136,0.17,11,2,-0.038,-0.55,-0.761
557,-0.346,0.507,0.344,7,1,-0.361,1.581,0.252
558,0.934,0.047,0.614,9,2,-0.275,-0.044,-1.138
559,0.013,0.156,-0.836,16,0,-0.14,0.538,-1.89
560,0.536,-0.238,0.531,11,2,-0.167,0.271,0.22
561,0.126,-0.068,-0.724,15,1,0.375,0.943,0.021
562,-0.268,0.047,-0.275,12,2,-0.478,-0.245,-0.571
563,-0.453,-0.148,0.732,4,2,0.839,0.027,-1.283
564,0.275,0.866,-0.684,13,4,0.164,-0.525,0.29
565,0.092,0.543,0.54,8,2,-1.486,0.519,-0.99
566,0.082,-0.149,0.185,2,2,-0.217,-0.209,-0.139
567,-0.058,1.128,-0.11,13,0,-0.421,-0.433,1.765
568,0.644,0.636,-0.917,5,1,0.594,-0.411,0.651
569,-1.351,-1.489,0.242,11,2,0.829,0.493,-1.369
570,-1.418,-0.294,0.309,12,4,0.89,0.527,-1.275
571,0.002,-0.762,0.497,12,0,-0.252,-0.292,0.152
572,-0.12,-0.135,-0.0,11,1,0.948,-0.788,-1.375
573,0.318,-0.962,0.545,9,2,-0.326,-0.375,-2.002
574,0.329,0.628,0.254,8,3,-1.316,-0.126,0.532
575,-0.421,-0.035,-0.691,9,2,-0.003,0.192,0.321
576,-0.087,0.091,0.866,14,2,0.347,-0.175,0.451
577,0.242,-0.065,0.535,11,3,1.729,0.673,0.263
578,-0.365,0.095,0.41,10,3,-0.621,1.433,-0.065
579,0.24,0.433,0.263,13,2,0.06,-0.024,-0.662
580,0.362,-0.413,0.985,12,1,-0.31,-0.331,0.516
581,0.204,0.816,-0.33,10,1,1.375,0.2,1.53
582,0.678,0.35,0.958,11,2,-1.22,-0.752,-0.501
583,-0.329,-0.61,-0.252,6,1,0.294,-0.47,-1.021
584,-0.498,0.15,-0.597,13,3,-0.512,-1.69,-1.135
585,0.21,-0.155,0.27,11,2,-0.647,0.232,-0.867
586,-1.036,0.448,-0.656,14,1,-1.606,0.899,0.203
587,-0.548,-0.179,1.677,10,2,0.21,-0.68,-2.14
588,0.045,-0.466,-0.508,12,2,-1.171,0.357,0.439
589,1.064,0.3,-0.416,11,1,0.593,-0.18,0.644
590,-0.209,0.34,0.814,8,3,-0.948,0.828,-1.798
591,-0.177,0.075,0.758,9,3,-0.003,-0.139,-0.979
592,-0.313,-0.28,-0.116,11,2,0.878,1.249,0.08
593,0.037,-0.988,0.375,11,0,-0.595,-0.725,-0.143
594,0.623,-0.125,-0.262,12,3,0.334,0.208,0.52
595,-1.307,-0.72,-0.06,11,0,0.99,-0.158,-0.141
596,0.698,1.557,0.955,13,3,0.477,-0.979,1.265
597,-0.243,-0.722,0.032,7,2,0.149,-0.395,-0.321
598,1.683,0.216,-0.603,12,2,-0.612,-0.618,-0.983
599,-0.255,0.34,0.225,14,1,-0.057,-0.04,-1.063
600,-0.568,0.918,0.245,11,1,-0.198,-2.213,0.735
601,-0.61,-0.165,-0.644,8,3,0.932,0.341,0.03
602,-0.238,-0.181,0.265,14,1,-0.843,-0.708,0.634
603,0.061,0.885,0.577,12,1,-0.461,0.826,0.613
604,0.332,0.586,0.744,11,2,1.054,0.239,-2.02
605,-0.684,-0.162,-0.444,9,3,-1.82,1.826,-1.14
606,-0.448,0.182,0.275,14,3,-1.353,0.792,-1.021
607,0.355,0.06,1.144,12,0,-1.199,-0.445,-0.816
608,0.485,1.132,0.43,12,2,-0.902,-0.449,-0.42
609,-0.303,-0.354,-0.471,9,2,-0.514,0.424,0.999
610,-0.378,0.887,-0.331,13,4,-1.01,-1.242,1.198
611,-0.186,-0.612,0.868,12,2,-1.678,-0.504,-0.293
612,0.268,0.204,1.017,14,2,0.356,0.031,-0.251
613,0.475,-1.145,0.125,11,2,-0.079,-0.792,-0.705
614,0.704,-0.955,-0.075,10,0,-0.335,0.543,0.089
615,0.251,0.419,-0.534,9,4,1.34,0.099,0.203
616,-0.019,-0.538,-1.345,16,3,0.174,0.2,0.806
617,-0.083,-1.216,0.936,6,1,-0.049,0.714,0.798
618,-0.587,0.232,-0.259,13,2,0.724,1.301,-2.302
619,1.087,0.372,0.656,7,1,0.675,0.461,-0.153
620,-0.915,0.031,-0.108,10,3,-0.095,-0.159,1.384
621,-1.489,-0.326,0.276,10,3,-0.326,-0.151,-0.438
622,-0.561,-0.47,0.018,10,2,1.462,-0.367,1.139
623,-1.246,-0.236,0.039,6,2,-0.04,-0.37,-0.306
624,0.22,0.718,-0.084,11,2,-0.511,0.31,0.175
625,0.064,0.099,0.103,10,0,-0.494,-0.756,-1.137
626,0.027,-0.236,0.155,9,1,-0.103,0.532,-1.099
627,-0.164,-0.251,0.023,11,1,0.208,-0.079,0.725
628,0.388,-0.241,0.181,10,4,0.583,-0.731,0.882
629,-0.576,0.731,-0.703,8,1,-0.356,0.443,0.026
630,-0.513,-0.252,0.127,12,3,0.039,0.255,-1.228
631,-1.231,0.409,0.808,11,2,-0.634,-0.591,0.044
632,0.517,-0.17,-0.121,11,2,-0.806,0.41,1.257
633,1.675,-0.354,0.249,9,1,-0.801,0.57,1.743
634,0.418,-1.075,0.042,4,2,0.157,0.491,-0.317
635,-0.083,-0.617,-0.099,9,2,-0.167,-0.094,-1.66
636,0.056,0.944,-0.544,7,2,0.443,-0.243,0.84
637,0.166,0.421,0.697,7,2,-1.084,0.525,-0.276
638,-0.397,-0.236,-0.322,11,3,-0.226,-0.019,0.943
639,-0.653,0.964,-0.445,10,3,-0.166,0.357,0.281
640,-0.063,-0.033,-0.15,11,3,-0.467,0.342,-0.883
641,0.211,-0.02,0.385,8,2,-0.808,0.835,0.058
642,-0.301,-0.455,1.742,8,1,0.504,0.149,1.308
643,0.933,0.996,-0.149,11,3,1.025,-0.972,-0.149
644,-0.6,0.046,0.074,9,4,-0.621,1.422,-1.035
645,-0.249,-0.621,0.854,11,0,-0.753,-0.056,-1.589
646,-1.138,-0.664,-0.093,8,1,1.014,0.901,-0.772
647,0.463,0.421,0.53,7,3,-0.229,-0.587,-0.41
648,0.802,1.674,-0.602,12,1,-0.311,-0.6,0.82
649,-0.472,-0.076,-0.328,11,3,-0.468,1.509,-1.121
650,-0.44,1.017,-0.458,13,4,0.256,-0.874,1.554
651,0.368,0.582,0.529,13,3,-0.562,-0.833,-1.337
652,0.451,0.297,-0.04,13,2,-1.26,0.055,2.331
653,-0.396,0.864,0.735,10,3,-0.183,0.285,1.726
654,-1.025,0.093,0.228,8,3,-0.139,0.153,0.141
655,-0.295,0.33,1.303,9,0,0.189,0.611,-1.648
656,0.167,0.446,-1.074,4,3,-0.711,-1.304,-0.055
657,0.081,0.246,-0.832,8,3,0.619,0.005,-0.387
658,0.744,0.549,-0.33,13,3,0.087,-0.882,-1.274
659,-1.241,-0.17,-0.093,10,3,-0.428,-0.391,0.291
660,0.495,0.308,-0.171,14,1,-0.753,0.046,-0.824
661,-0.359,0.829,1.146,5,2,-0.195,-0.999,-0.715
662,-0.001,1.096,0.259,11,3,-0.317,0.515,-0.204
663,-0.033,-0.345,0.72,7,3,0.232,0.422,-0.575
664,-1.078,-0.028,-0.745,9,2,0.69,-1.315,2.078
665,-0.782,0.331,-0.01,12,2,0.157,-0.494,-0.536
666,-0.164,0.607,0.143,7,2,-0.47,-0.067,0.441
667,0.567,-0.409,0.114,11,3,-0.227,-0.19,0.146
668,0.451,-0.106,0.318,10,4,-0.5,-0.523,0.353
669,0.307,-0.354,0.025,10,1,-0.709,0.394,0.429
670,-0.814,1.131,0.245,6,3,0.058,0.792,0.881
671,0.32,0.705,-0.362,9,1,0.247,-0.387,0.266
672,0.427,0.026,-1.215,11,3,-0.238,-0.602,0.225
673,0.307,0.533,-0.304,10,3,0.8,0.368,0.058
674,-0.229,0.98,0.823,11,3,-0.32,-2.04,-0.138
675,0.302,0.652,-0.136,11,2,0.615,0.05,-0.912
676,0.031,-0.595,0.04,9,0,0.525,0.75,-0.061
677,-0.16,-1.039,-0.033,13,1,-1.636,-0.223,0.241
678,0.523,0.049,-0.029,11,3,-1.099,0.278,0.402
679,-0.117,-0.898,0.614,9,2,0.06,0.495,0.18
680,-0.061,-0.319,-0.218,10,3,-0.423,0.305,-0.233
681,-0.426,1.271,-0.858,11,0,0.262,0.544,-0.057
682,0.15,-0.267,-0.314,6,4,0.365,-0.494,-0.554
683,-0.371,0.149,0.659,13,3,-0.933,0.62,0.313
684,-0.123,0.535,-0.639,10,2,0.937,0.662,-0.221
685,0.505,-0.051,-0.243,14,3,-0.493,-0.98,0.181
686,-0.144,-1.315,-0.392,11,2,-0.086,1.453,1.001
687,-0.39,-0.311,-0.447,10,1,-0.997,-0.49,-0.709
688,-0.044,-0.397,-0.611,11,2,-1.045,0.982,0.597
689,0.51,0.148,-0.051,11,1,-0.355,0.402,0.033
690,-0.772,0.214,0.772,12,2,1.256,0.497,2.021
691,-0.034,-1.358,0.01,10,3,0.306,0.412,-0.216
692,-0.543,0.77,0.525,11,2,0.868,-0.056,0.695
693,-0.093,0.862,-0.028,12,1,0.368,2.165,0.015
694,-0.641,-0.058,0.228,8,0,0.24,0.86,-1.388
695,-0.797,0.451,0.74,13,1,-0.359,0.011,-0.521
696,-0.555,-0.419,0.904,11,4,0.429,-0.614,0.88
697,-0.263,-0.393,-0.288,8,3,1.076,-1.156,-0.433
698,1.094,-0.124,-0.347,19,0,0.071,-0.628,-2.22
699,0.114,0.023,0.058,11,2,-0.234,-0.39,-0.031
700,0.844,0.114,-0.371,9,2,-0.189,0.629,-1.092
701,0.733,0.03,-0.028,10,2,-0.041,-0.015,0.132
702,-0.218,-0.505,0.416,6,4,0.264,0.124,1.551
703,-0.062,-0.304,0.575,10,3,0.463,0.394,0.769
704,-0.015,0.279,-0.865,11,3,0.314,0.142,1.537
705,-1.384,-0.321,0.318,10,3,0.436,0.555,-0.562
706,-0.771,-0.246,-0.188,13,1,0.31,0.405,-0.143
707,0.031,-0.754,-0.749,11,2,0.081,0.061,-1.044
708,-0.117,-0.739,-1.308,14,2,-0.506,-0.52,-0.684
709,0.031,0.656,-0.125,11,1,-1.065,-0.331,-0.927
710,-0.765,0.246,-0.121,8,2,0.243,-0.569,-1.307
711,-0.413,-0.759,0.055,8,2,-1.046,0.796,1.366
712,-0.48,-0.276,-0.368,10,3,1.056,1.005,-2.092
713,-1.095,-1.476,0.458,10,2,0.217,0.812,1.37
714,0.184,0.182,-0.067,9,1,1.402,-0.595,1.246
715,-1.517,-0.356,1.515,9,3,0.022,0.148,0.5
716,-1.622,0.013,-0.697,12,1,0.526,0.464,-1.115
717,-0.093,0.751,-0.355,6,2,0.865,-0.18,-1.582
718,-0.067,-0.258,-0.454,12,2,-0.005,-0.442,-0.548
719,-0.574,-0.529,-0.12,9,1,-1.581,0.39,0.625
720,0.955,-0.344,-0.854,8,2,-0.399,0.225,0.003
721,-0.583,-1.211,-0.964,10,2,-0.34,1.0,-1.043
722,0.18,-1.334,0.054,9,2,-0.214,-0.593,1.148
723,0.027,0.622,0.156,9,3,-0.479,-0.952,1.684
724,-0.208,0.334,-1.339,15,2,-0.61,-0.404,-0.227
725,-0.708,-0.496,-1.086,10,1,0.312,-0.715,0.109
726,0.319,0.502,-0.769,13,3,0.678,0.919,-1.509
727,0.894,0.219,-0.18,14,3,-0.244,0.12,-0.414
728,-0.285,0.249,-0.13,11,2,-0.616,0.713,0.51
729,-0.013,-0.776,0.305,10,3,-0.247,-0.901,0.355
730,0.603,0.193,0.337,12,1,0.561,0.489,-0.508
731,1.1,0.069,0.659,6,3,1.848,-0.822,-0.274
732,-0.464,-0.829,0.302,13,1,0.861,-0.692,-0.447
733,0.307,0.061,-0.167,14,3,1.092,-0.52,-0.278
734,0.195,0.268,1.211,9,2,0.068,0.838,0.423
735,0.66,0.833,-0.221,8,4,0.091,0.488,-1.968
736,0.033,-0.173,1.261,12,1,-0.51,0.492,-0.074
737,1.189,-0.256,1.177,8,2,-0.111,1.414,0.35
738,0.522,-0.254,-0.877,11,3,-0.082,0.958,-0.57
739,0.129,-0.696,-0.457,10,1,-0.841,-0.073,-0.479
740,-0.732,0.073,0.267,14,0,-1.051,-0.593,-0.45
741,0.045,-0.686,1.131,12,2,0.728,0.577,-0.479
742,1.742,-0.2,0.157,11,3,-0.591,-0.878,0.006
743,-0.853,-0.373,0.89,7,0,-0.549,0.7,0.129
744,0.134,0.242,0.702,15,4,-0.551,0.92,-2.101
745,-0.214,0.82,-0.584,7,4,1.091,-0.594,0.653
746,0.209,1.17,-0.065,13,4,-0.14,-0.437,-0.29
747,0.043,1.331,0.145,9,2,0.634,0.315,1.933
748,-0.113,-0.995,0.5,11,4,-0.48,-0.229,-1.192
749,-0.114,1.494,0.761,12,3,0.32,0.23,-0.867
750,-0.063,-0.75,-0.134,10,3,-0.381,-0.529,-0.203
751,0.176,0.196,-1.058,11,2,-0.314,0.084,0.413
752,-0.596,0.599,-0.294,13,4,-0.346,-0.334,-1.951
753,0.526,-0.773,0.314,7,2,-0.4,-0.008,-0.829
754,0.231,0.327,-0.251,12,2,0.145,0.707,0.591
755,0.891,0.488,-0.1,6,3,-0.101,0.658,-0.948
756,-0.403,-0.145,0.418,8,2,1.574,0.203,1.37
757,0.222,0.402,0.255,9,3,1.095,-0.596,-0.454
758,0.816,-0.055,-0.392,8,2,-0.095,0.804,-0.899
759,0.105,-0.212,-0.034,14,1,-1.925,0.666,0.61
760,0.327,-0.417,-0.01,12,1,0.364,-0.252,1.608
761,0.534,0.251,0.267,6,4,0.531,1.087,0.416
762,0.286,-0.694,0.129,10,1,0.471,0.425,1.26
763,0.444,-0.852,-0.19,14,0,0.068,0.032,1.677
764,-0.244,-0.42,-0.224,8,4,0.963,-0.311,-0.922
765,-0.306,0.216,0.014,8,3,0.627,-1.415,0.938
766,-0.23,-0.811,0.268,7,2,1.319,1.188,-1.523
767,-0.139,0.89,0.275,11,0,-0.496,0.871,0.425
768,0.564,-0.138,0.052,3,2,0.076,0.16,-0.071
769,0.484,0.49,-0.378,11,2,0.437,-0.216,1.243
770,0.32,0.522,-0.998,13,1,-0.13,0.987,1.172
771,-0.426,-0.774,0.785,6,1,-0.279,0.414,0.57
772,0.047,0.7,-0.375,10,2,0.701,0.063,0.298
773,-0.186,0.365,-0.086,7,1,0.54,1.326,0.508
774,-0.651,-0.128,-0.04,12,2,1.371,-0.303,0.062
775,-0.164,0.533,0.866,11,2,1.023,0.234,-0.061
776,-0.792,-0.004,-0.44,8,2,-0.719,0.165,1.443
777,0.655,0.36,-0.855,13,1,0.355,0.25,1.563
778,-0.323,0.906,-0.625,11,3,0.32,-0.505,-0.142
779,0.512,-0.09,0.135,9,2,0.91,-0.569,0.238
780,-0.617,-0.053,0.705,10,3,-0.485,-0.928,0.082
781,-0.256,-0.405,0.365,10,3,1.003,-0.263,-1.612
782,-0.096,-0.068,0.089,12,1,0.406,-0.729,-0.336
783,0.244,0.98,-0.516,13,3,0.076,-0.748,1.6
784,-0.961,-0.411,0.091,12,2,1.519,-0.344,-0.75
785,0.686,-0.094,-0.031,11,2,-0.812,-0.656,2.115
786,-0.02,1.152,0.097,12,3,0.109,1.586,1.172
787,-0.374,-0.095,0.271,13,2,-1.184,1.126,0.401
788,-0.509,-0.043,-0.88,10,2,0.446,0.418,0.561
789,0.571,-1.487,0.163,7,2,-0.138,-0.407,-0.917
790,-0.234,0.019,-0.354,10,2,0.474,-0.272,-0.265
791,-0.129,-0.135,-0.317,8,1,-0.496,1.359,1.441
792,0.564,0.538,-0.133,12,0,0.283,0.618,-0.615
793,-0.911,-1.558,-0.922,7,3,0.257,-1.685,1.061
794,0.533,0.403,-0.901,9,0,0.541,0.869,-1.377
795,-0.055,0.083,-1.003,11,2,0.961,-0.845,-1.198
796,-0.202,-0.499,-0.767,12,1,-0.512,-0.017,1.901
797,0.042,-0.385,-0.965,14,2,-0.057,0.3,-0.012
798,-0.056,-0.083,0.793,6,0,0.695,1.288,-0.538
799,0.128,0.376,0.188,4,1,-0.378,0.289,1.363
